0,1,2,3,4,5,6,7,8,9,10,11,12,13,14,15,16,17,18,19,20
101000000016921,20 MICRONS LTD,0,1,0.01,INE144J01027,0915-1530|1815-1915:,2026-07-30,,NSE:20MICRONS-EQ,10,10,16921,20MICRONS,16921,-1.0,XX,101000000016921,,1,2.0
10100000004,21ST CENTURY MGMT SERVICE,0,1,0.01,INE253B01015,0915-1530|1815-1915:,2026-07-30,,NSE:21STCENMGM-EQ,10,10,4,21STCENMGM,4,-1.0,XX,10100000004,,0,0.0
101000000013061,360 ONE WAM LIMITED,0,1,0.1,INE466L01038,0915-1530|1815-1915:,2026-07-30,,NSE:360ONE-EQ,10,10,13061,360ONE,13061,-1.0,XX,101000000013061,,1,3.2
1010000000762518,3B BLACKBIO DX LTD.,0,1,0.1,INE994E01018,0915-1530|1815-1915:,2026-07-30,,NSE:3BBLACKBIO-EQ,10,10,762518,3BBLACKBIO,762518,-1.0,XX,1010000000762518,,1,2.0
10100000006232,3I INFOTECH LIMITED,0,1,0.01,INE748C01038,0915-1530|1815-1915:,2026-07-30,,NSE:3IINFOLTD-EQ,10,10,6232,3IINFOLTD,6232,-1.0,XX,10100000006232,,0,0.0
1010000000474,3M INDIA LIMITED,0,1,5.0,INE470A01017,0915-1530|1815-1915:,2026-07-30,,NSE:3MINDIA-EQ,10,10,474,3MINDIA,474,-1.0,XX,1010000000474,,1,3.4
10100000002595,3P LAND HOLDINGS LIMITED,0,1,0.01,INE105C01023,0915-1530|1815-1915:,2026-07-30,,NSE:3PLAND-EQ,10,10,2595,3PLAND,2595,-1.0,XX,10100000002595,,0,0.0
1010000000445,5PAISA CAPITAL LIMITED,0,1,0.05,INE618L01018,0915-1530|1815-1915:,2026-07-30,,NSE:5PAISA-EQ,10,10,445,5PAISA,445,-1.0,XX,1010000000445,,1,2.0
101000000011868,63 MOONS TECHNOLOGIES LTD,0,1,0.05,INE111B01023,0915-1530|1815-1915:,2026-07-30,,NSE:63MOONS-EQ,10,10,11868,63MOONS,11868,-1.0,XX,101000000011868,,1,2.0
101000000020906,A2Z INFRA ENGINEERING LTD,0,1,0.01,INE619I01012,0915-1530|1815-1915:,2026-07-30,,NSE:A2ZINFRA-EQ,10,10,20906,A2ZINFRA,20906,-1.0,XX,101000000020906,,0,0.0
101000000012533,AAA TECHNOLOGIES LIMITED,0,1,0.01,INE0D0U01013,0915-1530|1815-1915:,2026-07-30,,NSE:AAATECH-EQ,10,10,12533,AAATECH,12533,-1.0,XX,101000000012533,,0,0.0
101000000023729,AADHAR HOUSING FINANCE L,0,1,0.05,INE883F01010,0915-1530|1815-1915:,2026-07-30,,NSE:AADHARHFC-EQ,10,10,23729,AADHARHFC,23729,-1.0,XX,101000000023729,,1,3.3
1010000000757579,AAKAAR MEDICAL TECHNO LTD,0,1600,0.05,INE1GYP01013,0915-1530|1815-1915:,2026-07-30,,NSE:AAKAAR-SM,10,10,757579,AAKAAR,757579,-1.0,XX,1010000000757579,,0,0.0
1010000000235,AAKASH EXPLORATION SER L,0,1,0.01,INE087Z01024,0915-1530|1815-1915:,2026-07-30,,NSE:AAKASH-EQ,10,10,235,AAKASH,235,-1.0,XX,1010000000235,,0,0.0
1010000000758120,AARADHYA DISPOSAL INDUS L,0,1200,0.05,INE124401014,0915-1530|1815-1915:,2026-07-30,,NSE:AARADHYA-SM,10,10,758120,AARADHYA,758120,-1.0,XX,1010000000758120,,0,0.0
10100000005248,AAREY DRUGS & PHARM LTD,0,1,0.01,INE198H01019,0915-1530|1815-1915:,2026-07-30,,NSE:AAREYDRUGS-BE,10,10,5248,AAREYDRUGS,5248,-1.0,XX,10100000005248,,0,0.0
1010000000761821,AARNAV FASHIONS LIMITED,0,1,0.01,INE750R01016,0915-1530|1815-1915:,2026-07-30,,NSE:AARNAV-EQ,10,10,761821,AARNAV,761821,-1.0,XX,1010000000761821,,0,0.0
10100000001030,AARON INDUSTRIES LIMITED,0,1,0.01,INE721Z01010,0915-1530|1815-1915:,2026-07-30,,NSE:AARON-EQ,10,10,1030,AARON,1030,-1.0,XX,10100000001030,,0,0.0
101000000017164,AARTECH SOLONICS LIMITED,0,1,0.01,INE01C001026,0915-1530|1815-1915:,2026-07-30,,NSE:AARTECH-BE,10,10,17164,AARTECH,17164,-1.0,XX,101000000017164,,0,0.0
10100000004481,AARTI DRUGS LTD.,0,1,0.05,INE767A01016,0915-1530|1815-1915:,2026-07-30,,NSE:AARTIDRUGS-EQ,10,10,4481,AARTIDRUGS,4481,-1.0,XX,10100000004481,,1,2.0
10100000007,AARTI INDUSTRIES LTD,0,1,0.05,INE769A01020,0915-1530|1815-1915:,2026-07-30,,NSE:AARTIIND-EQ,10,10,7,AARTIIND,7,-1.0,XX,10100000007,,1,2.9
101000000013868,AARTI PHARMALABS LIMITED,0,1,0.05,INE0LRU01027,0915-1530|1815-1915:,2026-07-30,,NSE:AARTIPHARM-EQ,10,10,13868,AARTIPHARM,13868,-1.0,XX,101000000013868,,1,2.9
101000000019233,AARTI SURFACTANTS LIMITED,0,1,0.05,INE09EO01013,0915-1530|1815-1915:,2026-07-30,,NSE:AARTISURF-EQ,10,10,19233,AARTISURF,19233,-1.0,XX,101000000019233,,0,0.0
101000000019073,AARVI ENCON LIMITED,0,1,0.01,INE754X01016,0915-1530|1815-1915:,2026-07-30,,NSE:AARVI-EQ,10,10,19073,AARVI,19073,-1.0,XX,101000000019073,,0,0.0
1010000000763800,AASTHA SPINTEX LIMITED,0,1,0.01,INE2FMX01012,0915-1530|1815-1915:,2026-07-30,,NSE:AASTHA-EQ,10,10,763800,AASTHA,763800,-1.0,XX,1010000000763800,,0,0.0
101000000016961,AATMAJ HEALTHCARE LIMITED,0,2000,0.05,INE0OB201016,0915-1530|1815-1915:,2026-07-30,,NSE:AATMAJ-SM,10,10,16961,AATMAJ,16961,-1.0,XX,101000000016961,,0,0.0
10100000005385,AAVAS FINANCIERS LIMITED,0,1,0.1,INE216P01012,0915-1530|1815-1915:,2026-07-30,,NSE:AAVAS-EQ,10,10,5385,AAVAS,5385,-1.0,XX,10100000005385,,1,3.2
10100000007759,ABAN OFFSHORE LTD.,0,1,0.01,INE421A01028,0915-1530|1815-1915:,2026-07-30,,NSE:ABAN-BE,10,10,7759,ABAN,7759,-1.0,XX,10100000007759,,0,0.0
1010000000762526,ABANS ENTERPRISES LTD.,0,1,0.01,INE365O01028,0915-1530|1815-1915:,2026-07-30,,NSE:ABANSENT-BE,10,10,762526,ABANSENT,762526,-1.0,XX,1010000000762526,,0,0.0
101000000013,ABB INDIA LIMITED,0,1,0.5,INE117A01022,0915-1530|1815-1915:,2026-07-30,,NSE:ABB-EQ,10,10,13,ABB,13,-1.0,XX,101000000013,,1,3.2
101000000017903,ABBOTT INDIA LIMITED,0,1,5.0,INE358A01014,0915-1530|1815-1915:,2026-07-30,,NSE:ABBOTINDIA-EQ,10,10,17903,ABBOTINDIA,17903,-1.0,XX,101000000017903,,1,3.7
101000000021614,ADITYA BIRLA CAPITAL LTD.,0,1,0.05,INE674K01013,0915-1530|1815-1915:,2026-07-30,,NSE:ABCAPITAL-EQ,10,10,21614,ABCAPITAL,21614,-1.0,XX,101000000021614,,1,3.1
1010000000759130,A B COTSPIN INDIA LIMITED,0,1,0.01,INE08PH01015,0915-1530|1815-1915:,2026-07-30,,NSE:ABCOTS-EQ,10,10,759130,ABCOTS,759130,-1.0,XX,1010000000759130,,0,0.0
101000000024308,ALLIED BLEND N DISTILS L,0,1,0.05,INE552Z01027,0915-1530|1815-1915:,2026-07-30,,NSE:ABDL-EQ,10,10,24308,ABDL,24308,-1.0,XX,101000000024308,,1,2.9
101000000030108,ADITYA BIRLA FASHION & RT,0,1,0.01,INE647O01011,0915-1530|1815-1915:,2026-07-30,,NSE:ABFRL-EQ,10,10,30108,ABFRL,30108,-1.0,XX,101000000030108,,1,3.0
101000000027284,ABHA POWER N STEEL LTD,0,1600,0.05,INE0UYG01015,0915-1530|1815-1915:,2026-07-30,,NSE:ABHAPOWER-SM,10,10,27284,ABHAPOWER,27284,-1.0,XX,101000000027284,,0,0.0
101000000027020,A B INFRABUILD LIMITED,0,1,0.01,INE00YB01025,0915-1530|1815-1915:,2026-07-30,,NSE:ABINFRA-EQ,10,10,27020,ABINFRA,27020,-1.0,XX,101000000027020,,1,2.0
1010000000756843,ADITYA BIRLA LIFES BRAN L,0,1,0.01,INE14LE01019,0915-1530|1815-1915:,2026-07-30,,NSE:ABLBL-EQ,10,10,756843,ABLBL,756843,-1.0,XX,1010000000756843,,1,3.3
10100000005549,ABM INTERNATIONAL LTD,0,1,0.01,INE251C01025,0915-1530|1815-1915:,2026-07-30,,NSE:ABMINTLLTD-EQ,10,10,5549,ABMINTLLTD,5549,-1.0,XX,10100000005549,,0,0.0
1010000000762528,A B M KNOWLEDGEWARE LTD.,0,1,0.01,INE850B01026,0915-1530|1815-1915:,2026-07-30,,NSE:ABMKNO-EQ,10,10,762528,ABMKNO,762528,-1.0,XX,1010000000762528,,0,0.0
10100000008588,A B N INTERCORP LIMITED,0,5000,0.05,INE982R01015,0915-1530|1815-1915:,2026-07-30,,NSE:ABNINT-IT,10,10,8588,ABNINT,8588,-1.0,XX,10100000008588,,0,0.0
1010000000625,ADITYA BIRLA REAL EST LTD,0,1,0.1,INE055A01016,0915-1530|1815-1915:,2026-07-30,,NSE:ABREL-EQ,10,10,625,ABREL,625,-1.0,XX,1010000000625,,1,2.9
10100000006018,ADIT BIRL SUN LIF AMC LTD,0,1,0.1,INE404A01024,0915-1530|1815-1915:,2026-07-30,,NSE:ABSLAMC-EQ,10,10,6018,ABSLAMC,6018,-1.0,XX,10100000006018,,1,3.0
101000000023786,ABS MARINE SERVICES LTD,0,500,0.05,INE0QRV01016,0915-1530|1815-1915:,2026-07-30,,NSE:ABSMARINE-ST,10,10,23786,ABSMARINE,23786,-1.0,XX,101000000023786,,0,0.0
101000000022,ACC LIMITED,0,1,0.1,INE012A01025,0915-1530|1815-1915:,2026-07-30,,NSE:ACC-EQ,10,10,22,ACC,22,-1.0,XX,101000000022,,1,3.6
10100000007053,ACCELYA SOLN INDIA LTD,0,1,0.1,INE793A01012,0915-1530|1815-1915:,2026-07-30,,NSE:ACCELYA-EQ,10,10,7053,ACCELYA,7053,-1.0,XX,10100000007053,,0,0.0
101000000020488,ACCENT MICROCELL LIMITED,0,500,0.05,INE0Q5D01013,0915-1530|1815-1915:,2026-07-30,,NSE:ACCENTMIC-SM,10,10,20488,ACCENTMIC,20488,-1.0,XX,101000000020488,,0,0.0
101000000021218,ACCORD SYNERGY LIMITED,0,2000,0.05,INE113X01015,0915-1530|1815-1915:,2026-07-30,,NSE:ACCORD-ST,10,10,21218,ACCORD,21218,-1.0,XX,101000000021218,,0,0.0
1010000000757024,ACCRETION PHARMA LIMITED,0,1200,0.05,INE0T8T01010,0915-1530|1815-1915:,2026-07-30,,NSE:ACCPL-ST,10,10,757024,ACCPL,757024,-1.0,XX,1010000000757024,,0,0.0
10100000001472,ACCURACY SHIPPING LIMITED,0,1,0.01,INE648Z01023,0915-1530|1815-1915:,2026-07-30,,NSE:ACCURACY-BE,10,10,1472,ACCURACY,1472,-1.0,XX,10100000001472,,0,0.0
101000000013587,ACTION CONST EQUIP LTD,0,1,0.1,INE731H01025,0915-1530|1815-1915:,2026-07-30,,NSE:ACE-EQ,10,10,13587,ACE,13587,-1.0,XX,101000000013587,,1,3.0
101000000011779,ACE INTEGRATED SOLU. LTD.,0,1,0.01,INE543V01017,0915-1530|1815-1915:,2026-07-30,,NSE:ACEINTEG-EQ,10,10,11779,ACEINTEG,11779,-1.0,XX,101000000011779,,0,0.0
1010000000761112,ACETECH E-COMMERCE LTD,0,1200,0.05,INE1J6M01010,0915-1530|1815-1915:,2026-07-30,,NSE:ACETEC-SM,10,10,761112,ACETEC,761112,-1.0,XX,1010000000761112,,0,0.0
101000000012024,ARCHEAN CHEMICAL IND LTD,0,1,0.05,INE128X01021,0915-1530|1815-1915:,2026-07-30,,NSE:ACI-EQ,10,10,12024,ACI,12024,-1.0,XX,101000000012024,,1,3.1
101000000015420,ANDHRA CEMENTS LIMITED,0,1,0.01,INE666E01020,0915-1530|1815-1915:,2026-07-30,,NSE:ACL-EQ,10,10,15420,ACL,15420,-1.0,XX,101000000015420,,0,0.0
101000000027061,ACME SOLAR HOLDINGS LTD,0,1,0.05,INE622W01025,0915-1530|1815-1915:,2026-07-30,,NSE:ACMESOLAR-EQ,10,10,27061,ACMESOLAR,27061,-1.0,XX,101000000027061,,1,2.9
1010000000762533,A C S TECHNOLOGIES LTD.,0,1,0.01,INE366C01021,0915-1530|1815-1915:,2026-07-30,,NSE:ACSTECH-EQ,10,10,762533,ACSTECH,762533,-1.0,XX,1010000000762533,,0,0.0
101000000030464,ACTIVE INFRASTRUCTURES L,0,600,0.05,INE0KLO01025,0915-1530|1815-1915:,2026-07-30,,NSE:ACTIVEINFR-SM,10,10,30464,ACTIVEINFR,30464,-1.0,XX,101000000030464,,0,0.0
10100000005578,ACUTAAS CHEMICALS LIMITED,0,1,0.1,INE00FF01025,0915-1530|1815-1915:,2026-07-30,,NSE:ACUTAAS-EQ,10,10,5578,ACUTAAS,5578,-1.0,XX,10100000005578,,1,1.0
101000000010217,ADANI ENERGY SOLUTION LTD,0,1,0.1,INE931S01010,0915-1530|1815-1915:,2026-07-30,,NSE:ADANIENSOL-EQ,10,10,10217,ADANIENSOL,10217,-1.0,XX,101000000010217,,1,2.8
101000000025,ADANI ENTERPRISES LIMITED,0,1,0.1,INE423A01024,0915-1530|1815-1915:,2026-07-30,,NSE:ADANIENT-EQ,10,10,25,ADANIENT,25,-1.0,XX,101000000025,,1,2.9
10100000003563,ADANI GREEN ENERGY LTD,0,1,0.1,INE364U01010,0915-1530|1815-1915:,2026-07-30,,NSE:ADANIGREEN-EQ,10,10,3563,ADANIGREEN,3563,-1.0,XX,10100000003563,,1,2.7
101000000015083,ADANI PORT & SEZ LTD,0,1,0.1,INE742F01042,0915-1530|1815-1915:,2026-07-30,,NSE:ADANIPORTS-EQ,10,10,15083,ADANIPORTS,15083,-1.0,XX,101000000015083,,1,3.3
101000000017388,ADANI POWER LTD,0,1,0.01,INE814H01029,0915-1530|1815-1915:,2026-07-30,,NSE:ADANIPOWER-EQ,10,10,17388,ADANIPOWER,17388,-1.0,XX,101000000017388,,1,2.9
101000000022468,ADDICTIVE LEARNING TECH L,0,500,0.05,INE0RDH01021,0915-1530|1815-1915:,2026-07-30,,NSE:ADDICTIVE-SM,10,10,22468,ADDICTIVE,22468,-1.0,XX,101000000022468,,0,0.0
101000000019761,ADF FOODS LIMITED,0,1,0.05,INE982B01027,0915-1530|1815-1915:,2026-07-30,,NSE:ADFFOODS-EQ,10,10,19761,ADFFOODS,19761,-1.0,XX,101000000019761,,1,2.0
1010000000763156,ADISOFT TECHNOLOGIES LTD,0,800,0.05,INE20PL01012,0915-1530|1815-1915:,2026-07-30,,NSE:ADISOFT-SM,10,10,763156,ADISOFT,763156,-1.0,XX,1010000000763156,,0,0.0
1010000000245,ARCHIDPLY DECOR LIMITED,0,1,0.01,INE0CHO01012,0915-1530|1815-1915:,2026-07-30,,NSE:ADL-EQ,10,10,245,ADL,245,-1.0,XX,1010000000245,,0,0.0
101000000034,ADOR WELDING LTD,0,1,0.1,INE045A01017,0915-1530|1815-1915:,2026-07-30,,NSE:ADOR-EQ,10,10,34,ADOR,34,-1.0,XX,101000000034,,1,2.0
10100000004953,ADROIT INFOTECH LIMITED,0,1,0.01,INE737B01033,0915-1530|1815-1915:,2026-07-30,,NSE:ADROITINFO-EQ,10,10,4953,ADROITINFO,4953,-1.0,XX,10100000004953,,0,0.0
101000000014813,ALLIED DIGITAL SERV. LTD,0,1,0.01,INE102I01027,0915-1530|1815-1915:,2026-07-30,,NSE:ADSL-EQ,10,10,14813,ADSL,14813,-1.0,XX,101000000014813,,1,2.0
1010000000760657,ADVAIT ENRGY TRANSITION L,0,1,0.1,INE0ALI01010,0915-1530|1815-1915:,2026-07-30,,NSE:ADVAIT-EQ,10,10,760657,ADVAIT,760657,-1.0,XX,1010000000760657,,1,2.5
1010000000759402,ADVANCE AGROLIFE LIMITED,0,1,0.01,INE1B0W01010,0915-1530|1815-1915:,2026-07-30,,NSE:ADVANCE-EQ,10,10,759402,ADVANCE,759402,-1.0,XX,1010000000759402,,1,2.0
101000000014745,ADVANI HOT.& RES.(I) LTD,0,1,0.01,INE199C01026,0915-1530|1815-1915:,2026-07-30,,NSE:ADVANIHOTR-EQ,10,10,14745,ADVANIHOTR,14745,-1.0,XX,101000000014745,,0,0.0
1010000000759769,ADVENT HOTELS INTERNATI L,0,1,0.01,INE28GN01010,0915-1530|1815-1915:,2026-07-30,,NSE:ADVENTHTL-EQ,10,10,759769,ADVENTHTL,759769,-1.0,XX,1010000000759769,,1,2.0
101000000018039,ADVANCED ENZYME TECH LTD,0,1,0.05,INE837H01020,0915-1530|1815-1915:,2026-07-30,,NSE:ADVENZYMES-EQ,10,10,18039,ADVENZYMES,18039,-1.0,XX,101000000018039,,1,2.0
101000000040,AEGIS LOGISTICS LIMITED,0,1,0.1,INE208C01025,0915-1530|1815-1915:,2026-07-30,,NSE:AEGISLOG-EQ,10,10,40,AEGISLOG,40,-1.0,XX,101000000040,,1,1.0
1010000000757336,AEGIS VOPAK TERMINALS LTD,0,1,0.01,INE0INX01018,0915-1530|1815-1915:,2026-07-30,,NSE:AEGISVOPAK-EQ,10,10,757336,AEGISVOPAK,757336,-1.0,XX,1010000000757336,,1,2.8
1010000000761330,ARTEMIS ELECTRICALS & P L,0,1,0.01,INE757T01025,0915-1530|1815-1915:,2026-07-30,,NSE:AEPL-EQ,10,10,761330,AEPL,761330,-1.0,XX,1010000000761330,,0,0.0
1010000000760234,AEQUS LIMITED,0,1,0.01,INE947N01017,0915-1530|1815-1915:,2026-07-30,,NSE:AEQUS-EQ,10,10,760234,AEQUS,760234,-1.0,XX,1010000000760234,,1,1.0
101000000012015,AEROFLEX ENTERPRISES LTD,0,1,0.01,INE065D01027,0915-1530|1815-1915:,2026-07-30,,NSE:AEROENTER-EQ,10,10,12015,AEROENTER,12015,-1.0,XX,101000000012015,,1,1.0
101000000018268,AEROFLEX INDUSTRIES LTD,0,1,0.05,INE024001021,0915-1530|1815-1915:,2026-07-30,,NSE:AEROFLEX-EQ,10,10,18268,AEROFLEX,18268,-1.0,XX,101000000018268,,1,1.0
101000000025065,AERON COMPOSITE LIMITED,0,1000,0.05,INE0WL801011,0915-1530|1815-1915:,2026-07-30,,NSE:AERON-SM,10,10,25065,AERON,25065,-1.0,XX,101000000025065,,0,0.0
101000000013689,AEROFLEX NEU LIMITED,0,1,0.01,INE035801013,0915-1530|1815-1915:,2026-07-30,,NSE:AERONEU-EQ,10,10,13689,AERONEU,13689,-1.0,XX,101000000013689,,0,0.0
1010000000761670,AMIR CHAND JAG KUM (E) L,0,1,0.01,INE05TO01019,0915-1530|1815-1915:,2026-07-30,,NSE:AEROPLANE-EQ,10,10,761670,AEROPLANE,761670,-1.0,XX,1010000000761670,,1,1.6
101000000024830,AESTHETIK ENGINEERS LTD,0,1000,0.05,INE0TSF01011,0915-1530|1815-1915:,2026-07-30,,NSE:AESTHETIK-SM,10,10,24830,AESTHETIK,24830,-1.0,XX,101000000024830,,0,0.0
10100000009810,AETHER INDUSTRIES LIMITED,0,1,0.1,INE0BWX01014,0915-1530|1815-1915:,2026-07-30,,NSE:AETHER-EQ,10,10,9810,AETHER,9810,-1.0,XX,10100000009810,,1,3.0
101000000025977,AFCONS INFRASTRUCTURE LTD,0,1,0.05,INE101I01011,0915-1530|1815-1915:,2026-07-30,,NSE:AFCONS-EQ,10,10,25977,AFCONS,25977,-1.0,XX,101000000025977,,1,3.2
101000000011343,AFFLE 3I LIMITED,0,1,0.1,INE00WC01027,0915-1530|1815-1915:,2026-07-30,,NSE:AFFLE-EQ,10,10,11343,AFFLE,11343,-1.0,XX,101000000011343,,1,3.1
101000000025857,AFFORD ROBO & AUTO LTD,0,1,0.01,INE692Z01013,0915-1530|1815-1915:,2026-07-30,,NSE:AFFORDABLE-BE,10,10,25857,AFFORDABLE,25857,-1.0,XX,101000000025857,,0,0.0
101000000024159,AKME FINTRADE (INDIA) LTD,0,1,0.01,INE916Y01027,0915-1530|1815-1915:,2026-07-30,,NSE:AFIL-EQ,10,10,24159,AFIL,24159,-1.0,XX,101000000024159,,0,0.0
101000000013288,ABANS FINANCIAL SRVCS LTD,0,1,0.01,INE00ZE01026,0915-1530|1815-1915:,2026-07-30,,NSE:AFSL-EQ,10,10,13288,AFSL,13288,-1.0,XX,101000000013288,,0,0.0
10100000003389,AGARWAL INDS CORP LTD.,0,1,0.05,INE204E01012,0915-1530|1815-1915:,2026-07-30,,NSE:AGARIND-EQ,10,10,3389,AGARIND,3389,-1.0,XX,10100000003389,,1,2.0
101000000029452,DR AGARWALS HEALTH CARE L,0,1,0.05,INE943P01029,0915-1530|1815-1915:,2026-07-30,,NSE:AGARWALEYE-EQ,10,10,29452,AGARWALEYE,29452,-1.0,XX,101000000029452,,1,2.0
101000000014263,AGARWAL FLOAT GLASS I LTD,0,1500,0.05,INE0MLA01012,0915-1530|1815-1915:,2026-07-30,,NSE:AGARWALFT-SM,10,10,14263,AGARWALFT,14263,-1.0,XX,101000000014263,,0,0.0
101000000027309,AGARWAL TOUGH GLASS IND L,0,1200,0.05,INE0P8X01016,0915-1530|1815-1915:,2026-07-30,,NSE:AGARWALTUF-SM,10,10,27309,AGARWALTUF,27309,-1.0,XX,101000000027309,,0,0.0
10100000001412,AGI GREENPAC LIMITED,0,1,0.05,INE415A01038,0915-1530|1815-1915:,2026-07-30,,NSE:AGI-EQ,10,10,1412,AGI,1412,-1.0,XX,10100000001412,,1,2.7
101000000024445,AGI INFRA LIMITED,0,1,0.05,INE976R01033,0915-1530|1815-1915:,2026-07-30,,NSE:AGIIL-EQ,10,10,24445,AGIIL,24445,-1.0,XX,101000000024445,,1,2.6
1010000000763784,ALLCARGO GLOBAL LIMITED,0,1,0.01,INE1YPB01014,0915-1530|1815-1915:,2026-07-30,,NSE:AGL-EQ,10,10,763784,AGL,763784,-1.0,XX,1010000000763784,,0,0.0
101000000010491,AGNI GREEN POWER LTD,0,2500,0.05,INE0LF301013,0915-1530|1815-1915:,2026-07-30,,NSE:AGNI-SM,10,10,10491,AGNI,10491,-1.0,XX,101000000010491,,0,0.0
101000000011076,AGRI-TECH (INDIA) LIMITED,0,1,0.01,INE449G01018,0915-1530|1815-1915:,2026-07-30,,NSE:AGRITECH-BE,10,10,11076,AGRITECH,11076,-1.0,XX,101000000011076,,0,0.0
10100000009046,AGRO PHOS INDIA LIMITED,0,1,0.01,INE740V01019,0915-1530|1815-1915:,2026-07-30,,NSE:AGROPHOS-EQ,10,10,9046,AGROPHOS,9046,-1.0,XX,10100000009046,,0,0.0
101000000015147,A G UNIVERSAL LIMITED,0,2000,0.05,INE0O6N01012,0915-1530|1815-1915:,2026-07-30,,NSE:AGUL-SM,10,10,15147,AGUL,15147,-1.0,XX,101000000015147,,0,0.0
1010000000758968,ANLON HEALTHCARE LIMITED,0,1,0.01,INE0Y8W01025,0915-1530|1815-1915:,2026-07-30,,NSE:AHCL-EQ,10,10,758968,AHCL,758968,-1.0,XX,1010000000758968,,1,2.0
101000000010770,AHIMSA INDUSTRIES LTD.,0,3000,0.05,INE136T01014,0915-1530|1815-1915:,2026-07-30,,NSE:AHIMSA-ST,10,10,10770,AHIMSA,10770,-1.0,XX,101000000010770,,0,0.0
10100000002004,AHLADA ENGINEERS LIMITED,0,1,0.01,INE00PV01013,0915-1530|1815-1915:,2026-07-30,,NSE:AHLADA-EQ,10,10,2004,AHLADA,2004,-1.0,XX,10100000002004,,0,0.0
101000000019438,ASIAN HOTELS (EAST) LTD,0,1,0.01,INE926K01017,0915-1530|1815-1915:,2026-07-30,,NSE:AHLEAST-EQ,10,10,19438,AHLEAST,19438,-1.0,XX,101000000019438,,0,0.0
101000000017833,AHLUWALIA CONT IND LTD,0,1,0.05,INE758C01029,0915-1530|1815-1915:,2026-07-30,,NSE:AHLUCONT-EQ,10,10,17833,AHLUCONT,17833,-1.0,XX,101000000017833,,1,2.0
101000000019370,ASIAN HOTELS (WEST) LTD,0,1,0.05,INE915K01010,0915-1530|1815-1915:,2026-07-30,,NSE:AHLWEST-BE,10,10,19370,AHLWEST,19370,-1.0,XX,101000000019370,,0,0.0
101000000013086,AIA ENGINEERING LIMITED,0,1,0.5,INE212H01026,0915-1530|1815-1915:,2026-07-30,,NSE:AIAENG-EQ,10,10,13086,AIAENG,13086,-1.0,XX,101000000013086,,1,3.4
101000000023553,AUTHUM INVEST & INFRA LTD,0,1,0.05,INE206F01022,0915-1530|1815-1915:,2026-07-30,,NSE:AIIL-EQ,10,10,23553,AIIL,23553,-1.0,XX,101000000023553,,1,2.5
10100000004654,ABHISHEK INTEGRATIONS LTD,0,1500,0.05,INE0CAJ01017,0915-1530|1815-1915:,2026-07-30,,NSE:AILIMITED-ST,10,10,4654,AILIMITED,4654,-1.0,XX,10100000004654,,0,0.0
101000000023984,AIMTRON ELECTRONICS LTD,0,200,0.05,INE0RUV01018,0915-1530|1815-1915:,2026-07-30,,NSE:AIMTRON-SM,10,10,23984,AIMTRON,23984,-1.0,XX,101000000023984,,0,0.0
10100000009897,AIRAN LIMITED,0,1,0.01,INE645W01026,0915-1530|1815-1915:,2026-07-30,,NSE:AIRAN-EQ,10,10,9897,AIRAN,9897,-1.0,XX,10100000009897,,0,0.0
10100000006068,AIRO LAM LIMITED,0,1,0.01,INE801L01010,0915-1530|1815-1915:,2026-07-30,,NSE:AIROLAM-EQ,10,10,6068,AIROLAM,6068,-1.0,XX,10100000006068,,0,0.0
1010000000482,ANI INTEGRATED SERV LTD.,0,600,0.05,INE635Y01015,0915-1530|1815-1915:,2026-07-30,,NSE:AISL-SM,10,10,482,AISL,482,-1.0,XX,1010000000482,,0,0.0
10100000008124,AJANTA PHARMA LIMITED,0,1,0.1,INE031B01049,0915-1530|1815-1915:,2026-07-30,,NSE:AJANTPHARM-EQ,10,10,8124,AJANTPHARM,8124,-1.0,XX,10100000008124,,1,3.3
101000000029624,AJAX ENGINEERING LIMITED,0,1,0.05,INE274Y01021,0915-1530|1815-1915:,2026-07-30,,NSE:AJAXENGG-EQ,10,10,29624,AJAXENGG,29624,-1.0,XX,101000000029624,,1,2.0
101000000017307,AJMERA REALTY & INF I LTD,0,1,0.01,INE298G01035,0915-1530|1815-1915:,2026-07-30,,NSE:AJMERA-EQ,10,10,17307,AJMERA,17307,-1.0,XX,101000000017307,,1,2.6
10100000003403,AJOONI BIOTECH LIMITED,0,1,0.01,INE820Y01021,0915-1530|1815-1915:,2026-07-30,,NSE:AJOONI-EQ,10,10,3403,AJOONI,3403,-1.0,XX,10100000003403,,0,0.0
101000000021132,AKANKSHA POWER N INFRA L,0,1000,0.05,INE0PCY01014,0915-1530|1815-1915:,2026-07-30,,NSE:AKANKSHA-ST,10,10,21132,AKANKSHA,21132,-1.0,XX,101000000021132,,0,0.0
101000000013510,AKASH INFRA-PROJECTS LTD,0,1,0.01,INE737W01013,0915-1530|1815-1915:,2026-07-30,,NSE:AKASH-EQ,10,10,13510,AKASH,13510,-1.0,XX,101000000013510,,0,0.0
1010000000762538,A K CAPITAL SERVICES LTD.,0,1,0.1,INE701G01012,0915-1530|1815-1915:,2026-07-30,,NSE:AKCAPIT-EQ,10,10,762538,AKCAPIT,762538,-1.0,XX,1010000000762538,,0,0.0
10100000002176,AKG EXIM LIMITED,0,1,0.01,INE00Y801016,0915-1530|1815-1915:,2026-07-30,,NSE:AKG-EQ,10,10,2176,AKG,2176,-1.0,XX,10100000002176,,0,0.0
101000000014890,AKI INDIA LIMITED,0,1,0.01,INE642Z01026,0915-1530|1815-1915:,2026-07-30,,NSE:AKI-EQ,10,10,14890,AKI,14890,-1.0,XX,101000000014890,,0,0.0
101000000024307,AKIKO GLOBAL SERVICES L,0,800,0.05,INE0PMR01017,0915-1530|1815-1915:,2026-07-30,,NSE:AKIKO-ST,10,10,24307,AKIKO,24307,-1.0,XX,101000000024307,,0,0.0
10100000009558,AKSHAR SPINTEX LIMITED,0,1,0.01,INE256Z01025,0915-1530|1815-1915:,2026-07-30,,NSE:AKSHAR-EQ,10,10,9558,AKSHAR,9558,-1.0,XX,10100000009558,,0,0.0
101000000020194,AKSHARCHEM INDIA LIMITED,0,1,0.01,INE542B01011,0915-1530|1815-1915:,2026-07-30,,NSE:AKSHARCHEM-BE,10,10,20194,AKSHARCHEM,20194,-1.0,XX,101000000020194,,0,0.0
10100000008595,AKSH OPTIFIBRE  LTD,0,1,0.01,INE523B01011,0915-1530|1815-1915:,2026-07-30,,NSE:AKSHOPTFBR-BE,10,10,8595,AKSHOPTFBR,8595,-1.0,XX,10100000008595,,0,0.0
101000000024715,AKUMS DRUGS AND PHARMA L,0,1,0.05,INE09XN01023,0915-1530|1815-1915:,2026-07-30,,NSE:AKUMS-EQ,10,10,24715,AKUMS,24715,-1.0,XX,101000000024715,,1,3.1
10100000009921,ALANKIT LIMITED,0,1,0.01,INE914E01040,0915-1530|1815-1915:,2026-07-30,,NSE:ALANKIT-EQ,10,10,9921,ALANKIT,9921,-1.0,XX,10100000009921,,0,0.0
101000000017256,ALBERT DAVID LIMITED,0,1,0.05,INE155C01010,0915-1530|1815-1915:,2026-07-30,,NSE:ALBERTDAVD-EQ,10,10,17256,ALBERTDAVD,17256,-1.0,XX,101000000017256,,0,0.0
101000000018762,ALCOKRAFT DISTILLERIE LTD,0,625,0.05,INE448V01019,0915-1530|1815-1915:,2026-07-30,,NSE:ALCODIS-SM,10,10,18762,ALCODIS,18762,-1.0,XX,101000000018762,,0,0.0
101000000079,ALEMBIC LIMITED,0,1,0.01,INE426A01027,0915-1530|1815-1915:,2026-07-30,,NSE:ALEMBICLTD-EQ,10,10,79,ALEMBICLTD,79,-1.0,XX,101000000079,,1,2.0
1010000000761270,ALGOQUANT FINTECH LIMITED,0,1,0.01,INE598D01035,0915-1530|1815-1915:,2026-07-30,,NSE:ALGOQUANT-EQ,10,10,761270,ALGOQUANT,761270,-1.0,XX,1010000000761270,,1,2.0
101000000013656,ALICON CASTALLOY LIMITED,0,1,0.05,INE062D01024,0915-1530|1815-1915:,2026-07-30,,NSE:ALICON-EQ,10,10,13656,ALICON,13656,-1.0,XX,101000000013656,,0,0.0
10100000005265,ALIVUS LIFE SCIENCES LTD,0,1,0.1,INE03Q201024,0915-1530|1815-1915:,2026-07-30,,NSE:ALIVUS-EQ,10,10,5265,ALIVUS,5265,-1.0,XX,10100000005265,,1,3.3
101000000016963,ALKALI METALS LTD,0,1,0.01,INE773I01017,0915-1530|1815-1915:,2026-07-30,,NSE:ALKALI-BE,10,10,16963,ALKALI,16963,-1.0,XX,101000000016963,,0,0.0
101000000011703,ALKEM LABORATORIES LTD.,0,1,0.5,INE540L01014,0915-1530|1815-1915:,2026-07-30,,NSE:ALKEM-EQ,10,10,11703,ALKEM,11703,-1.0,XX,101000000011703,,1,3.7
10100000004487,ALKYL AMINES CHEM. LTD,0,1,0.1,INE150B01039,0915-1530|1815-1915:,2026-07-30,,NSE:ALKYLAMINE-EQ,10,10,4487,ALKYLAMINE,4487,-1.0,XX,10100000004487,,1,2.9
101000000013501,ALLCARGO LOGISTICS LTD,0,1,0.01,INE418H01029,0915-1530|1815-1915:,2026-07-30,,NSE:ALLCARGO-EQ,10,10,13501,ALLCARGO,13501,-1.0,XX,101000000013501,,1,2.0
101000000011798,ALLDIGI TECH LIMITED,0,1,0.05,INE835G01018,0915-1530|1815-1915:,2026-07-30,,NSE:ALLDIGI-EQ,10,10,11798,ALLDIGI,11798,-1.0,XX,101000000011798,,1,1.0
101000000013212,ALL E TECHNOLOGIES LTD,0,400,0.05,INE0M2X01012,0915-1530|1815-1915:,2026-07-30,,NSE:ALLETEC-ST,10,10,13212,ALLETEC,13212,-1.0,XX,101000000013212,,0,0.0
1010000000758448,ALL TIME PLASTICS LIMITED,0,1,0.01,INE0GV601021,0915-1530|1815-1915:,2026-07-30,,NSE:ALLTIME-EQ,10,10,758448,ALLTIME,758448,-1.0,XX,1010000000758448,,1,2.0
101000000016719,ALMONDZ GLOBAL SEC LTD,0,1,0.01,INE326B01035,0915-1530|1815-1915:,2026-07-30,,NSE:ALMONDZ-EQ,10,10,16719,ALMONDZ,16719,-1.0,XX,101000000016719,,0,0.0
101000000017675,ALOK INDUSTRIES LIMITED,0,1,0.01,INE270A01029,0915-1530|1815-1915:,2026-07-30,,NSE:ALOKINDS-EQ,10,10,17675,ALOKINDS,17675,-1.0,XX,101000000017675,,1,2.9
101000000014848,ALPA LABORATORIES LTD,0,1,0.01,INE385I01010,0915-1530|1815-1915:,2026-07-30,,NSE:ALPA-EQ,10,10,14848,ALPA,14848,-1.0,XX,101000000014848,,0,0.0
101000000022688,ALPEX SOLAR LIMITED,0,100,0.05,INE0R4701017,0915-1530|1815-1915:,2026-07-30,,NSE:ALPEXSOLAR-SM,10,10,22688,ALPEXSOLAR,22688,-1.0,XX,101000000022688,,0,0.0
101000000014597,ALPHAGEO (INDIA) LIMITED,0,1,0.01,INE137C01018,0915-1530|1815-1915:,2026-07-30,,NSE:ALPHAGEO-EQ,10,10,14597,ALPHAGEO,14597,-1.0,XX,101000000014597,,0,0.0
1010000000764187,ALPINE TEXWORLD LIMITED,0,1,0.01,INE1JCQ01037,0915-1530|1815-1915:,2026-07-30,,NSE:ALPINETEX-BE,10,10,764187,ALPINETEX,764187,-1.0,XX,1010000000764187,,0,0.0
101000000023474,ALUWIND INFRA-TECH LTD,0,1500,0.05,INE0STM01017,0915-1530|1815-1915:,2026-07-30,,NSE:ALUWIND-SM,10,10,23474,ALUWIND,23474,-1.0,XX,101000000023474,,0,0.0
1010000000760740,AMAGI MEDIA LABS LIMITED,0,1,0.05,INE121R01077,0915-1530|1815-1915:,2026-07-30,,NSE:AMAGI-EQ,10,10,760740,AMAGI,760740,-1.0,XX,1010000000760740,,1,3.0
1010000000758910,AMANTA HEALTHCARE LIMITED,0,1,0.01,INE084K01015,0915-1530|1815-1915:,2026-07-30,,NSE:AMANTA-BE,10,10,758910,AMANTA,758910,-1.0,XX,1010000000758910,,1,1.0
1010000000763256,AMBA AUTO SALES AND SER L,0,1000,0.05,INE293601014,0915-1530|1815-1915:,2026-07-30,,NSE:AMBAAUTO-SM,10,10,763256,AMBAAUTO,763256,-1.0,XX,1010000000763256,,0,0.0
1010000000762543,AMBALAL SARABHAI ENT L,0,1,0.01,INE432A01017,0915-1530|1815-1915:,2026-07-30,,NSE:AMBALALSA-EQ,10,10,762543,AMBALALSA,762543,-1.0,XX,1010000000762543,,0,0.0
10100000004083,AMBANI ORGOCHEM LIMITED,0,1000,0.05,INE00C501018,0915-1530|1815-1915:,2026-07-30,,NSE:AMBANIORGO-SM,10,10,4083,AMBANIORGO,4083,-1.0,XX,10100000004083,,0,0.0
10100000001185,AMBER ENTERPRISES (I) LTD,0,1,0.5,INE371P01015,0915-1530|1815-1915:,2026-07-30,,NSE:AMBER-EQ,10,10,1185,AMBER,1185,-1.0,XX,10100000001185,,1,2.8
101000000011496,AMBICA AGAR & AROMAINDLTD,0,1,0.01,INE792B01012,0915-1530|1815-1915:,2026-07-30,,NSE:AMBICAAGAR-EQ,10,10,11496,AMBICAAGAR,11496,-1.0,XX,101000000011496,,0,0.0
101000000015234,AMBIKA COTTON MILL LTD.,0,1,0.1,INE540G01014,0915-1530|1815-1915:,2026-07-30,,NSE:AMBIKCO-EQ,10,10,15234,AMBIKCO,15234,-1.0,XX,101000000015234,,1,2.0
10100000001270,AMBUJA CEMENTS LTD,0,1,0.05,INE079A01024,0915-1530|1815-1915:,2026-07-30,,NSE:AMBUJACEM-EQ,10,10,1270,AMBUJACEM,1270,-1.0,XX,10100000001270,,1,3.3
1010000000758427,ANB METAL CAST LIMITED,0,400,0.05,INE0VG001016,0915-1530|1815-1915:,2026-07-30,,NSE:AMCL-SM,10,10,758427,AMCL,758427,-1.0,XX,1010000000758427,,0,0.0
101000000014398,AMD INDUSTRIES LIMITED,0,1,0.01,INE005I01014,0915-1530|1815-1915:,2026-07-30,,NSE:AMDIND-EQ,10,10,14398,AMDIND,14398,-1.0,XX,101000000014398,,0,0.0
101000000010898,AMEYA PRECISION ENG LTD,0,1000,0.05,INE0KT901015,0915-1530|1815-1915:,2026-07-30,,NSE:AMEYA-SM,10,10,10898,AMEYA,10898,-1.0,XX,101000000010898,,0,0.0
101000000011939,AMIABLE LOGISTICS (I) LTD,0,1600,0.05,INE0MTP01013,0915-1530|1815-1915:,2026-07-30,,NSE:AMIABLE-SM,10,10,11939,AMIABLE,11939,-1.0,XX,101000000011939,,0,0.0
10100000002598,AMJ LAND HOLDINGS LIMITED,0,1,0.01,INE606A01024,0915-1530|1815-1915:,2026-07-30,,NSE:AMJLAND-EQ,10,10,2598,AMJLAND,2598,-1.0,XX,10100000002598,,0,0.0
101000000019867,AMINES & PLASTICIZERS LTD,0,1,0.01,INE275D01022,0915-1530|1815-1915:,2026-07-30,,NSE:AMNPLST-EQ,10,10,19867,AMNPLST,19867,-1.0,XX,101000000019867,,1,1.0
101000000017547,AMRUTAJAN HEALTH LTD,0,1,0.05,INE098F01031,0915-1530|1815-1915:,2026-07-30,,NSE:AMRUTANJAN-EQ,10,10,17547,AMRUTANJAN,17547,-1.0,XX,101000000017547,,1,2.0
10100000007145,ANAND RATHI WEALTH LTD,0,1,0.1,INE463V01026,0915-1530|1815-1915:,2026-07-30,,NSE:ANANDRATHI-EQ,10,10,7145,ANANDRATHI,7145,-1.0,XX,10100000007145,,1,3.6
1010000000759363,ANANTAM HIGHWAYS TRUST,0,1,0.01,INE1UA823019,0915-1530|1815-1915:,2026-07-30,,NSE:ANANTAM-IV,10,10,759363,ANANTAM,759363,-1.0,XX,1010000000759363,,0,0.0
101000000013620,ANANT RAJ LIMITED,0,1,0.05,INE242C01024,0915-1530|1815-1915:,2026-07-30,,NSE:ANANTRAJ-EQ,10,10,13620,ANANTRAJ,13620,-1.0,XX,101000000013620,,1,2.6
1010000000166,ANDHRA PAPER LIMITED,0,1,0.01,INE435A01051,0915-1530|1815-1915:,2026-07-30,,NSE:ANDHRAPAP-EQ,10,10,166,ANDHRAPAP,166,-1.0,XX,1010000000166,,0,0.0
1010000000136,ANDHRA SUGARS LTD,0,1,0.01,INE715B01021,0915-1530|1815-1915:,2026-07-30,,NSE:ANDHRSUGAR-EQ,10,10,136,ANDHRSUGAR,136,-1.0,XX,1010000000136,,1,2.0
1010000000324,ANGEL ONE LIMITED,0,1,0.05,INE732I01021,0915-1530|1815-1915:,2026-07-30,,NSE:ANGELONE-EQ,10,10,324,ANGELONE,324,-1.0,XX,1010000000324,,1,2.8
101000000016657,ANIK INDUSTRIES LTD,0,1,0.01,INE087B01017,0915-1530|1815-1915:,2026-07-30,,NSE:ANIKINDS-EQ,10,10,16657,ANIKINDS,16657,-1.0,XX,101000000016657,,0,0.0
101000000025878,ANKIT MET & POW LTD,0,1,0.01,INE106I01010,0915-1530|1815-1915:,2026-07-30,,NSE:ANKITMETAL-BZ,10,10,25878,ANKITMETAL,25878,-1.0,XX,101000000025878,,0,0.0
101000000013664,ANLON TECHNOLOGY SOL LTD,0,400,0.05,INE0LR101013,0915-1530|1815-1915:,2026-07-30,,NSE:ANLON-ST,10,10,13664,ANLON,13664,-1.0,XX,101000000013664,,0,0.0
10100000003727,ANMOL INDIA LIMITED,0,1,0.01,INE02AR01019,0915-1530|1815-1915:,2026-07-30,,NSE:ANMOL-EQ,10,10,3727,ANMOL,3727,-1.0,XX,10100000003727,,0,0.0
101000000011198,ANNAPURNA SWADISHT LTD,0,250,0.05,INE0MGM01017,0915-1530|1815-1915:,2026-07-30,,NSE:ANNAPURNA-SM,10,10,11198,ANNAPURNA,11198,-1.0,XX,101000000011198,,0,0.0
1010000000758740,ANONDITA MEDICARE LIMITED,0,200,0.05,INE0VTV01012,0915-1530|1815-1915:,2026-07-30,,NSE:ANONDITA-SM,10,10,758740,ANONDITA,758740,-1.0,XX,1010000000758740,,0,0.0
101000000019677,ANSAL PROP & INFRA LTD,0,1,0.01,INE436A01026,0915-1530|1815-1915:,2026-07-30,,NSE:ANSALAPI-BZ,10,10,19677,ANSALAPI,19677,-1.0,XX,101000000019677,,0,0.0
101000000013598,ANTELOPUS SELAN ENRGY LTD,0,1,0.05,INE818A01017,0915-1530|1815-1915:,2026-07-30,,NSE:ANTELOPUS-EQ,10,10,13598,ANTELOPUS,13598,-1.0,XX,101000000013598,,1,2.0
10100000005194,ANTARCTICA LTD,0,1,0.01,INE414B01021,0915-1530|1815-1915:,2026-07-30,,NSE:ANTGRAPHIC-EQ,10,10,5194,ANTGRAPHIC,5194,-1.0,XX,10100000005194,,0,0.0
1010000000757885,ANTHEM BIOSCIENCES LTD,0,1,0.05,INE0CZ201020,0915-1530|1815-1915:,2026-07-30,,NSE:ANTHEM-EQ,10,10,757885,ANTHEM,757885,-1.0,XX,1010000000757885,,1,3.6
101000000028314,ANUH PHARMA LIMITED,0,1,0.01,INE489G01022,0915-1530|1815-1915:,2026-07-30,,NSE:ANUHPHR-EQ,10,10,28314,ANUHPHR,28314,-1.0,XX,101000000028314,,0,0.0
10100000009014,THE ANUP ENGINEERING LTD,0,1,0.1,INE294Z01018,0915-1530|1815-1915:,2026-07-30,,NSE:ANUP-EQ,10,10,9014,ANUP,9014,-1.0,XX,10100000009014,,1,2.7
10100000002829,ANUPAM RASAYAN INDIA LTD,0,1,0.1,INE930P01018,0915-1530|1815-1915:,2026-07-30,,NSE:ANURAS-EQ,10,10,2829,ANURAS,2829,-1.0,XX,10100000002829,,1,3.6
101000000028983,ANYA POLYTECH & FERTI LTD,0,5000,0.05,INE0SI601032,0915-1530|1815-1915:,2026-07-30,,NSE:ANYA-SM,10,10,28983,ANYA,28983,-1.0,XX,101000000028983,,0,0.0
101000000011491,APAR INDUSTRIES LTD.,0,1,1.0,INE372A01015,0915-1530|1815-1915:,2026-07-30,,NSE:APARINDS-EQ,10,10,11491,APARINDS,11491,-1.0,XX,101000000011491,,1,2.7
101000000020453,ANJANI PORTLAND CEM LTD,0,1,0.01,INE071F01012,0915-1530|1815-1915:,2026-07-30,,NSE:APCL-EQ,10,10,20453,APCL,20453,-1.0,XX,101000000020453,,0,0.0
1010000000154,APCOTEX INDUSTRIES LIMITE,0,1,0.05,INE116A01032,0915-1530|1815-1915:,2026-07-30,,NSE:APCOTEXIND-EQ,10,10,154,APCOTEXIND,154,-1.0,XX,1010000000154,,1,2.0
101000000021623,APEX FROZEN FOODS LIMITED,0,1,0.05,INE346W01013,0915-1530|1815-1915:,2026-07-30,,NSE:APEX-EQ,10,10,21623,APEX,21623,-1.0,XX,101000000021623,,1,2.0
101000000027291,APEX ECOTECH LIMITED,0,800,0.05,INE0T4V01015,0915-1530|1815-1915:,2026-07-30,,NSE:APEXECO-ST,10,10,27291,APEXECO,27291,-1.0,XX,101000000027291,,0,0.0
101000000025780,APL APOLLO TUBES LTD,0,1,0.1,INE702C01027,0915-1530|1815-1915:,2026-07-30,,NSE:APLAPOLLO-EQ,10,10,25780,APLAPOLLO,25780,-1.0,XX,101000000025780,,1,3.4
101000000025328,ALEMBIC PHARMA LTD,0,1,0.05,INE901L01018,0915-1530|1815-1915:,2026-07-30,,NSE:APLLTD-EQ,10,10,25328,APLLTD,25328,-1.0,XX,101000000025328,,1,3.2
10100000001134,APOLLO MICRO SYSTEMS LTD,0,1,0.05,INE713T01028,0915-1530|1815-1915:,2026-07-30,,NSE:APOLLO-EQ,10,10,1134,APOLLO,1134,-1.0,XX,10100000001134,,1,1.0
1010000000157,APOLLO HOSPITALS ENTER. L,0,1,0.5,INE437A01024,0915-1530|1815-1915:,2026-07-30,,NSE:APOLLOHOSP-EQ,10,10,157,APOLLOHOSP,157,-1.0,XX,1010000000157,,1,3.7
101000000014361,APOLLO PIPES LIMITED,0,1,0.05,INE126J01016,0915-1530|1815-1915:,2026-07-30,,NSE:APOLLOPIPE-EQ,10,10,14361,APOLLOPIPE,14361,-1.0,XX,101000000014361,,1,2.0
1010000000163,APOLLO TYRES LTD,0,1,0.05,INE438A01022,0915-1530|1815-1915:,2026-07-30,,NSE:APOLLOTYRE-EQ,10,10,163,APOLLOTYRE,163,-1.0,XX,1010000000163,,1,3.4
10100000006302,APOLLO SINDOORI HOTEL LTD,0,1,0.1,INE451F01024,0915-1530|1815-1915:,2026-07-30,,NSE:APOLSINHOT-EQ,10,10,6302,APOLSINHOT,6302,-1.0,XX,10100000006302,,0,0.0
101000000024638,APRAMEYA ENGINEERING LTD,0,500,0.05,INE0LQG01010,0915-1530|1815-1915:,2026-07-30,,NSE:APRAMEYA-SM,10,10,24638,APRAMEYA,24638,-1.0,XX,101000000024638,,0,0.0
101000000021451,AUSTRALIAN PREM SOLAR I L,0,250,0.05,INE0P0001010,0915-1530|1815-1915:,2026-07-30,,NSE:APS-SM,10,10,21451,APS,21451,-1.0,XX,101000000021451,,0,0.0
1010000000761435,APSIS AEROCOM LIMITED,0,1200,0.05,INE1OOJ01011,0915-1530|1815-1915:,2026-07-30,,NSE:APSISAERO-ST,10,10,761435,APSISAERO,761435,-1.0,XX,1010000000761435,,0,0.0
101000000014074,APTECH LIMITED,0,1,0.01,INE266F01018,0915-1530|1815-1915:,2026-07-30,,NSE:APTECHT-BE,10,10,14074,APTECHT,14074,-1.0,XX,101000000014074,,1,1.0
10100000005435,APTUS VALUE HSG FIN I LTD,0,1,0.05,INE852O01025,0915-1530|1815-1915:,2026-07-30,,NSE:APTUS-EQ,10,10,5435,APTUS,5435,-1.0,XX,10100000005435,,1,3.2
101000000023365,AQYLON NEXUS LIMITED,0,1,0.01,INE416A01051,0915-1530|1815-1915:,2026-07-30,,NSE:AQYLON-EQ,10,10,23365,AQYLON,23365,-1.0,XX,101000000023365,,1,1.1
101000000019253,ARABIAN PETROLEUM LIMITED,0,2000,0.05,INE08NJ01024,0915-1530|1815-1915:,2026-07-30,,NSE:ARABIAN-SM,10,10,19253,ARABIAN,19253,-1.0,XX,101000000019253,,0,0.0
101000000016795,ARCHIDPLY IND. LTD,0,1,0.01,INE877I01016,0915-1530|1815-1915:,2026-07-30,,NSE:ARCHIDPLY-EQ,10,10,16795,ARCHIDPLY,16795,-1.0,XX,101000000016795,,0,0.0
10100000005688,ARCHIES LTD,0,1,0.01,INE731A01020,0915-1530|1815-1915:,2026-07-30,,NSE:ARCHIES-EQ,10,10,5688,ARCHIES,5688,-1.0,XX,10100000005688,,0,0.0
1010000000758673,ARC INSULATION & INSU LTD,0,1000,0.05,INE0YDV01010,0915-1530|1815-1915:,2026-07-30,,NSE:ARCIIL-ST,10,10,758673,ARCIIL,758673,-1.0,XX,1010000000758673,,0,0.0
1010000000100,AMARA RAJA ENERGY MOB LTD,0,1,0.05,INE885A01032,0915-1530|1815-1915:,2026-07-30,,NSE:ARE&M-EQ,10,10,100,ARE&M,100,-1.0,XX,1010000000100,,1,3.2
1010000000181,RAJDARSHAN INDUSTRIES LTD,0,1,0.01,INE610C01014,0915-1530|1815-1915:,2026-07-30,,NSE:ARENTERP-EQ,10,10,181,ARENTERP,181,-1.0,XX,1010000000181,,0,0.0
1010000000758700,ARFIN INDIA LIMITED,0,1,0.01,INE784R01023,0915-1530|1815-1915:,2026-07-30,,NSE:ARFIN-EQ,10,10,758700,ARFIN,758700,-1.0,XX,1010000000758700,,1,1.0
101000000013092,ARHAM TECHNOLOGIES LTD,0,1000,0.05,INE0L2Y01011,0915-1530|1815-1915:,2026-07-30,,NSE:ARHAM-SM,10,10,13092,ARHAM,13092,-1.0,XX,101000000013092,,0,0.0
101000000015204,ARIES AGRO LTD.,0,1,0.05,INE298I01015,0915-1530|1815-1915:,2026-07-30,,NSE:ARIES-EQ,10,10,15204,ARIES,15204,-1.0,XX,101000000015204,,0,0.0
101000000013885,ARIHANT FOUN & HOU LTD,0,1,0.05,INE413D01011,0915-1530|1815-1915:,2026-07-30,,NSE:ARIHANT-EQ,10,10,13885,ARIHANT,13885,-1.0,XX,101000000013885,,0,0.0
101000000013340,ARIHANT ACADEMY LIMITED,0,400,0.05,INE0NCC01015,0915-1530|1815-1915:,2026-07-30,,NSE:ARIHANTACA-SM,10,10,13340,ARIHANTACA,13340,-1.0,XX,101000000013340,,0,0.0
10100000003813,ARIHANT CAPITAL MKTS LTD,0,1,0.01,INE420B01036,0915-1530|1815-1915:,2026-07-30,,NSE:ARIHANTCAP-EQ,10,10,3813,ARIHANTCAP,3813,-1.0,XX,10100000003813,,1,2.0
101000000020159,ARIHANT SUPERSTRUCT LTD,0,1,0.05,INE643K01018,0915-1530|1815-1915:,2026-07-30,,NSE:ARIHANTSUP-EQ,10,10,20159,ARIHANTSUP,20159,-1.0,XX,101000000020159,,0,0.0
1010000000757614,ARISINFRA SOLUTIONS LTD,0,1,0.01,INE0H9P01028,0915-1530|1815-1915:,2026-07-30,,NSE:ARIS-EQ,10,10,757614,ARIS,757614,-1.0,XX,1010000000757614,,1,2.0
101000000013931,ARISTO BIO T AND LIFESC L,0,800,0.05,INE082101010,0915-1530|1815-1915:,2026-07-30,,NSE:ARISTO-ST,10,10,13931,ARISTO,13931,-1.0,XX,101000000013931,,0,0.0
101000000025398,ARKADE DEVELOPERS LIMITED,0,1,0.01,INE0QRL01017,0915-1530|1815-1915:,2026-07-30,,NSE:ARKADE-EQ,10,10,25398,ARKADE,25398,-1.0,XX,101000000025398,,1,2.0
101000000017263,ARMAN FIN SERV LTD,0,1,0.1,INE109C01017,0915-1530|1815-1915:,2026-07-30,,NSE:ARMANFIN-EQ,10,10,17263,ARMANFIN,17263,-1.0,XX,101000000017263,,1,2.0
1010000000760752,ARMOUR SECURITY (INDIA) L,0,2000,0.05,INE0TZX01019,0915-1530|1815-1915:,2026-07-30,,NSE:ARMOUR-ST,10,10,760752,ARMOUR,760752,-1.0,XX,1010000000760752,,0,0.0
101000000014557,ARO GRANITE IND. LTD.,0,1,0.01,INE210C01013,0915-1530|1815-1915:,2026-07-30,,NSE:AROGRANITE-EQ,10,10,14557,AROGRANITE,14557,-1.0,XX,101000000014557,,0,0.0
10100000009264,ARROW GREENTECH LIMITED,0,1,0.05,INE570D01018,0915-1530|1815-1915:,2026-07-30,,NSE:ARROWGREEN-BE,10,10,9264,ARROWGREEN,9264,-1.0,XX,10100000009264,,1,1.0
101000000029015,ARSHIYA LIMITED,0,1,0.01,INE968D01022,0915-1530|1815-1915:,2026-07-30,,NSE:ARSHIYA-BZ,10,10,29015,ARSHIYA,29015,-1.0,XX,101000000029015,,0,0.0
1010000000759956,ANAND RATHI SH N STK BR L,0,1,0.05,INE549H01021,0915-1530|1815-1915:,2026-07-30,,NSE:ARSSBL-EQ,10,10,759956,ARSSBL,759956,-1.0,XX,1010000000759956,,1,2.0
101000000016913,ARTEMIS MED SERVICE LTD,0,1,0.05,INE025R01021,0915-1530|1815-1915:,2026-07-30,,NSE:ARTEMISMED-EQ,10,10,16913,ARTEMISMED,16913,-1.0,XX,101000000016913,,1,2.0
10100000006156,ART NIRMAN LIMITED,0,1,0.01,INE738V01013,0915-1530|1815-1915:,2026-07-30,,NSE:ARTNIRMAN-EQ,10,10,6156,ARTNIRMAN,6156,-1.0,XX,10100000006156,,0,0.0
1010000000756899,ARUNAYA ORGANICS LIMITED,0,2000,0.05,INE0TTG01017,0915-1530|1815-1915:,2026-07-30,,NSE:ARUNAYA-ST,10,10,756899,ARUNAYA,756899,-1.0,XX,1010000000756899,,0,0.0
10100000002814,ARVEE LABORATORIES I LTD,0,1,0.01,INE006Z01016,0915-1530|1815-1915:,2026-07-30,,NSE:ARVEE-EQ,10,10,2814,ARVEE,2814,-1.0,XX,10100000002814,,0,0.0
1010000000193,ARVIND LIMITED,0,1,0.05,INE034A01011,0915-1530|1815-1915:,2026-07-30,,NSE:ARVIND-EQ,10,10,193,ARVIND,193,-1.0,XX,1010000000193,,1,2.9
10100000009111,ARVIND FASHIONS LIMITED,0,1,0.05,INE955V01021,0915-1530|1815-1915:,2026-07-30,,NSE:ARVINDFASN-EQ,10,10,9111,ARVINDFASN,9111,-1.0,XX,10100000009111,,1,3.0
101000000019587,ARVIND PORT AND INFRA LTD,0,1500,0.05,INE0P4T01013,0915-1530|1815-1915:,2026-07-30,,NSE:ARVINDPORT-ST,10,10,19587,ARVINDPORT,19587,-1.0,XX,101000000019587,,0,0.0
101000000010457,ARVIND SMARTSPACES LTD,0,1,0.05,INE034S01021,0915-1530|1815-1915:,2026-07-30,,NSE:ARVSMART-EQ,10,10,10457,ARVSMART,10457,-1.0,XX,101000000010457,,1,2.0
10100000005378,ASAHI INDIA GLASS LIMITED,0,1,0.05,INE439A01020,0915-1530|1815-1915:,2026-07-30,,NSE:ASAHIINDIA-EQ,10,10,5378,ASAHIINDIA,5378,-1.0,XX,10100000005378,,1,3.1
101000000025092,ASAHI SONGWON COLOR LTD,0,1,0.05,INE228I01012,0915-1530|1815-1915:,2026-07-30,,NSE:ASAHISONG-BE,10,10,25092,ASAHISONG,25092,-1.0,XX,101000000025092,,0,0.0
101000000010634,AUTOMOTIVE STAMPINGS & AS,0,1,0.05,INE900C01027,0915-1530|1815-1915:,2026-07-30,,NSE:ASAL-EQ,10,10,10634,ASAL,10634,-1.0,XX,101000000010634,,1,2.0
101000000017598,ASSO ALCOHOLS & BREW LTD,0,1,0.05,INE073G01016,0915-1530|1815-1915:,2026-07-30,,NSE:ASALCBR-EQ,10,10,17598,ASALCBR,17598,-1.0,XX,101000000017598,,1,2.0
101000000015030,ASCOM LEASIN & INVEST LTD,0,500,0.05,INE08KD01015,0915-1530|1815-1915:,2026-07-30,,NSE:ASCOM-ST,10,10,15030,ASCOM,15030,-1.0,XX,101000000015030,,0,0.0
101000000024711,ASHAPURA LOGISTICS LTD,0,1000,0.05,INE0LAA01017,0915-1530|1815-1915:,2026-07-30,,NSE:ASHALOG-SM,10,10,24711,ASHALOG,24711,-1.0,XX,101000000024711,,0,0.0
1010000000203,ASHAPURA MINECHEM LTD,0,1,0.05,INE348A01023,0915-1530|1815-1915:,2026-07-30,,NSE:ASHAPURMIN-EQ,10,10,203,ASHAPURMIN,203,-1.0,XX,1010000000203,,1,2.4
101000000024403,ASHIANA HOUSING LTD,0,1,0.05,INE365D01021,0915-1530|1815-1915:,2026-07-30,,NSE:ASHIANA-EQ,10,10,24403,ASHIANA,24403,-1.0,XX,101000000024403,,1,2.0
1010000000762548,ASHIKA GLOBAL SEC LTD,0,1,0.05,INE094B01013,0915-1530|1815-1915:,2026-07-30,,NSE:ASHIKAG-EQ,10,10,762548,ASHIKAG,762548,-1.0,XX,1010000000762548,,1,2.0
1010000000206,ASHIMA LTD,0,1,0.01,INE440A01010,0915-1530|1815-1915:,2026-07-30,,NSE:ASHIMASYN-EQ,10,10,206,ASHIMASYN,206,-1.0,XX,1010000000206,,0,0.0
101000000020182,ASHOKA BUILDCON LTD,0,1,0.01,INE442H01029,0915-1530|1815-1915:,2026-07-30,,NSE:ASHOKA-EQ,10,10,20182,ASHOKA,20182,-1.0,XX,101000000020182,,1,2.9
101000000016943,ASHOKA METCAST LIMITED,0,1,0.01,INE760Y01011,0915-1530|1815-1915:,2026-07-30,,NSE:ASHOKAMET-EQ,10,10,16943,ASHOKAMET,16943,-1.0,XX,101000000016943,,0,0.0
1010000000212,ASHOK LEYLAND LTD,0,1,0.01,INE208A01029,0915-1530|1815-1915:,2026-07-30,,NSE:ASHOKLEY-EQ,10,10,212,ASHOKLEY,212,-1.0,XX,1010000000212,,1,3.0
1010000000760418,ASHWINI CONTAINER MOVER L,0,1000,0.05,INE1A6Q01010,0915-1530|1815-1915:,2026-07-30,,NSE:ASHWINI-SM,10,10,760418,ASHWINI,760418,-1.0,XX,1010000000760418,,0,0.0
10100000007030,ASIAN ENERGY SERVICES LTD,0,1,0.05,INE276G01015,0915-1530|1815-1915:,2026-07-30,,NSE:ASIANENE-EQ,10,10,7030,ASIANENE,7030,-1.0,XX,10100000007030,,1,2.0
101000000018422,ASIAN HOTELS (NORTH) LTD,0,1,0.05,INE363A01022,0915-1530|1815-1915:,2026-07-30,,NSE:ASIANHOTNR-EQ,10,10,18422,ASIANHOTNR,18422,-1.0,XX,101000000018422,,0,0.0
1010000000236,ASIAN PAINTS LIMITED,0,1,0.1,INE021A01026,0915-1530|1815-1915:,2026-07-30,,NSE:ASIANPAINT-EQ,10,10,236,ASIANPAINT,236,-1.0,XX,1010000000236,,1,3.7
101000000014889,ASIAN GRANITO IND. LTD.,0,1,0.01,INE022I01019,0915-1530|1815-1915:,2026-07-30,,NSE:ASIANTILES-EQ,10,10,14889,ASIANTILES,14889,-1.0,XX,101000000014889,,1,1.6
101000000020152,ASK AUTOMOTIVE LIMITED,0,1,0.05,INE491J01022,0915-1530|1815-1915:,2026-07-30,,NSE:ASKAUTOLTD-EQ,10,10,20152,ASKAUTOLTD,20152,-1.0,XX,101000000020152,,1,3.2
101000000014069,AVIO SMART MRKT STACK LTD,0,1,0.01,INE855F01042,0915-1530|1815-1915:,2026-07-30,,NSE:ASMS-BE,10,10,14069,ASMS,14069,-1.0,XX,101000000014069,,0,0.0
101000000017270,ASPINWALL & CO LTD,0,1,0.01,INE991I01015,0915-1530|1815-1915:,2026-07-30,,NSE:ASPINWALL-EQ,10,10,17270,ASPINWALL,17270,-1.0,XX,101000000017270,,0,0.0
101000000023396,ASPIRE & INNOVATIVE ADV L,0,2000,0.05,INE0S7801010,0915-1530|1815-1915:,2026-07-30,,NSE:ASPIRE-SM,10,10,23396,ASPIRE,23396,-1.0,XX,101000000023396,,0,0.0
1010000000762553,ASIAN STAR CO. LTD.,0,1,0.05,INE194D01017,0915-1530|1815-1915:,2026-07-30,,NSE:ASTAR-EQ,10,10,762553,ASTAR,762553,-1.0,XX,1010000000762553,,0,0.0
101000000017728,ASTEC LIFESCIENCES LTD,0,1,0.05,INE563J01010,0915-1530|1815-1915:,2026-07-30,,NSE:ASTEC-EQ,10,10,17728,ASTEC,17728,-1.0,XX,101000000017728,,1,2.0
10100000001508,ASTER DM QUALITY CARE LTD,0,1,0.05,INE914M01019,0915-1530|1815-1915:,2026-07-30,,NSE:ASTERDM-EQ,10,10,1508,ASTERDM,1508,-1.0,XX,10100000001508,,1,3.3
101000000014418,ASTRAL LIMITED,0,1,0.1,INE006I01046,0915-1530|1815-1915:,2026-07-30,,NSE:ASTRAL-EQ,10,10,14418,ASTRAL,14418,-1.0,XX,101000000014418,,1,3.3
101000000011618,ASTRA MICROWAVE LTD,0,1,0.1,INE386C01029,0915-1530|1815-1915:,2026-07-30,,NSE:ASTRAMICRO-EQ,10,10,11618,ASTRAMICRO,11618,-1.0,XX,101000000011618,,1,1.0
10100000005610,ASTRAZENECA PHARMA IND LT,0,1,0.5,INE203A01020,0915-1530|1815-1915:,2026-07-30,,NSE:ASTRAZEN-EQ,10,10,5610,ASTRAZEN,5610,-1.0,XX,10100000005610,,1,3.3
1010000000880,ASTRON PAPER BORD MIL LTD,0,1,0.01,INE646X01014,0915-1530|1815-1915:,2026-07-30,,NSE:ASTRON-BE,10,10,880,ASTRON,880,-1.0,XX,1010000000880,,0,0.0
101000000015649,ATAL REALTECH LIMITED,0,1,0.01,INE0ALR01029,0915-1530|1815-1915:,2026-07-30,,NSE:ATALREAL-EQ,10,10,15649,ATALREAL,15649,-1.0,XX,101000000015649,,0,0.0
101000000015404,ATAM VALVES LIMITED,0,1,0.01,INE09KD01013,0915-1530|1815-1915:,2026-07-30,,NSE:ATAM-EQ,10,10,15404,ATAM,15404,-1.0,XX,101000000015404,,0,0.0
1010000000756405,ATC ENERGIES SYSTEM LTD,0,1200,0.05,INE0V0Q01019,0915-1530|1815-1915:,2026-07-30,,NSE:ATCENERGY-ST,10,10,756405,ATCENERGY,756405,-1.0,XX,1010000000756405,,0,0.0
10100000006066,ADANI TOTAL GAS LIMITED,0,1,0.05,INE399L01023,0915-1530|1815-1915:,2026-07-30,,NSE:ATGL-EQ,10,10,6066,ATGL,6066,-1.0,XX,10100000006066,,1,2.7
1010000000757645,ATHER ENERGY LIMITED,0,1,0.1,INE0LEZ01016,0915-1530|1815-1915:,2026-07-30,,NSE:ATHERENERG-EQ,10,10,757645,ATHERENERG,757645,-1.0,XX,1010000000757645,,1,2.9
101000000017778,ALLCARGO TERMINALS LTD,0,1,0.01,INE0NN701020,0915-1530|1815-1915:,2026-07-30,,NSE:ATL-EQ,10,10,17778,ATL,17778,-1.0,XX,101000000017778,,0,0.0
101000000013585,ATLANTAA LIMITED,0,1,0.01,INE285H01022,0915-1530|1815-1915:,2026-07-30,,NSE:ATLANTAA-EQ,10,10,13585,ATLANTAA,13585,-1.0,XX,101000000013585,,0,0.0
1010000000759007,ATLANTA ELECTRICALS LTD,0,1,0.1,INE0Z4F01028,0915-1530|1815-1915:,2026-07-30,,NSE:ATLANTAELE-EQ,10,10,759007,ATLANTAELE,759007,-1.0,XX,1010000000759007,,1,1.0
10100000004568,ATLAS CYCLE (HARYANA) LTD,0,1,0.01,INE446A01025,0915-1530|1815-1915:,2026-07-30,,NSE:ATLASCYCLE-EQ,10,10,4568,ATLASCYCLE,4568,-1.0,XX,10100000004568,,0,0.0
1010000000760953,ATL RE.0.50 PPD UP,0,1,0.01,IN90NN701011,0915-1530|1815-1915:,2026-07-30,,NSE:ATLPP-E1,10,10,760953,ATLPP,760953,-1.0,XX,1010000000760953,,0,0.0
101000000022788,ATMASTCO LIMITED,0,400,0.05,INE05DH01017,0915-1530|1815-1915:,2026-07-30,,NSE:ATMASTCO-ST,10,10,22788,ATMASTCO,22788,-1.0,XX,101000000022788,,0,0.0
1010000000263,ATUL LTD,0,1,0.5,INE100A01010,0915-1530|1815-1915:,2026-07-30,,NSE:ATUL-EQ,10,10,263,ATUL,263,-1.0,XX,1010000000263,,1,3.4
101000000030023,ATUL AUTO LIMITED,0,1,0.05,INE951D01028,0915-1530|1815-1915:,2026-07-30,,NSE:ATULAUTO-EQ,10,10,30023,ATULAUTO,30023,-1.0,XX,101000000030023,,1,2.0
101000000021238,AU SMALL FINANCE BANK LTD,0,1,0.1,INE949L01017,0915-1530|1815-1915:,2026-07-30,,NSE:AUBANK-EQ,10,10,21238,AUBANK,21238,-1.0,XX,101000000021238,,1,3.3
101000000012022,AURIONPRO SOLN LTD,0,1,0.05,INE132H01018,0915-1530|1815-1915:,2026-07-30,,NSE:AURIONPRO-EQ,10,10,12022,AURIONPRO,12022,-1.0,XX,101000000012022,,1,2.6
101000000015869,AURO IMPEX & CHEMICALS L,0,1600,0.05,INE0NUL01018,0915-1530|1815-1915:,2026-07-30,,NSE:AUROIMPEX-SM,10,10,15869,AUROIMPEX,15869,-1.0,XX,101000000015869,,0,0.0
1010000000275,AUROBINDO PHARMA LTD,0,1,0.1,INE406A01037,0915-1530|1815-1915:,2026-07-30,,NSE:AUROPHARMA-EQ,10,10,275,AUROPHARMA,275,-1.0,XX,1010000000275,,1,3.4
101000000010310,AURUM PROPTECH LIMITED,0,1,0.01,INE898S01029,0915-1530|1815-1915:,2026-07-30,,NSE:AURUM-EQ,10,10,10310,AURUM,10310,-1.0,XX,101000000010310,,1,2.0
101000000031468,AURUS GEM CORP LIMITED,0,1,0.01,INE142K01011,0915-1530|1815-1915:,2026-07-30,,NSE:AURUS-EQ,10,10,31468,AURUS,31468,-1.0,XX,101000000031468,,0,0.0
101000000025248,ADITYA ULTRA STEEL LTD,0,2000,0.05,INE01YQ01013,0915-1530|1815-1915:,2026-07-30,,NSE:AUSL-SM,10,10,25248,AUSL,25248,-1.0,XX,101000000025248,,0,0.0
10100000009035,AUSOM ENTERPRISE LIMITED,0,1,0.01,INE218C01016,0915-1530|1815-1915:,2026-07-30,,NSE:AUSOMENT-BE,10,10,9035,AUSOMENT,9035,-1.0,XX,10100000009035,,0,0.0
1010000000278,AUTOMOTIVE AXLES LIMITED,0,1,0.1,INE449A01011,0915-1530|1815-1915:,2026-07-30,,NSE:AUTOAXLES-EQ,10,10,278,AUTOAXLES,278,-1.0,XX,1010000000278,,1,2.0
101000000014110,AUTOLINE INDUSTRIES LTD,0,1,0.01,INE718H01014,0915-1530|1815-1915:,2026-07-30,,NSE:AUTOIND-BE,10,10,14110,AUTOIND,14110,-1.0,XX,101000000014110,,0,0.0
101000000021406,AVADH SUG & ENERGY LTD,0,1,0.05,INE349W01017,0915-1530|1815-1915:,2026-07-30,,NSE:AVADHSUGAR-EQ,10,10,21406,AVADHSUGAR,21406,-1.0,XX,101000000021406,,0,0.0
101000000015058,AVALON TECHNOLOGIES LTD,0,1,0.1,INE0LCL01028,0915-1530|1815-1915:,2026-07-30,,NSE:AVALON-EQ,10,10,15058,AVALON,15058,-1.0,XX,101000000015058,,1,2.6
1010000000760736,AVANA ELECTROSYSTEMS LTD,0,2000,0.05,INE1KU201016,0915-1530|1815-1915:,2026-07-30,,NSE:AVANA-ST,10,10,760736,AVANA,760736,-1.0,XX,1010000000760736,,0,0.0
101000000024610,AVANTEL LIMITED,0,1,0.01,INE005B01027,0915-1530|1815-1915:,2026-07-30,,NSE:AVANTEL-EQ,10,10,24610,AVANTEL,24610,-1.0,XX,101000000024610,,1,2.7
10100000007936,AVANTI FEEDS LIMITED,0,1,0.05,INE871C01038,0915-1530|1815-1915:,2026-07-30,,NSE:AVANTIFEED-EQ,10,10,7936,AVANTIFEED,7936,-1.0,XX,10100000007936,,1,2.5
101000000020503,AVATAR INDUSTRIES LIMITED,0,2000,0.05,INE617I01024,0915-1530|1815-1915:,2026-07-30,,NSE:AVATAR-ST,10,10,20503,AVATAR,20503,-1.0,XX,101000000020503,,0,0.0
101000000015638,AVG LOGISTICS LIMITED,0,1,0.01,INE680Z01018,0915-1530|1815-1915:,2026-07-30,,NSE:AVG-BE,10,10,15638,AVG,15638,-1.0,XX,101000000015638,,0,0.0
101000000025520,AVI ANSH TEXTILE LIMITED,0,1000,0.05,INE0TFB01017,0915-1530|1815-1915:,2026-07-30,,NSE:AVIANSH-SM,10,10,25520,AVIANSH,25520,-1.0,XX,101000000025520,,0,0.0
1010000000755092,AVIENCE BIOMEDICALS LTD,0,600,0.05,INE0V9I01017,0915-1530|1815-1915:,2026-07-30,,NSE:AVIENCE-SM,10,10,755092,AVIENCE,755092,-1.0,XX,1010000000755092,,0,0.0
101000000025984,ADITYA VISION LIMITED,0,1,0.05,INE679V01027,0915-1530|1815-1915:,2026-07-30,,NSE:AVL-EQ,10,10,25984,AVL,25984,-1.0,XX,101000000025984,,1,3.0
101000000013557,AVONMORE CAP&MGT SERV LTD,0,1,0.01,INE323B01024,0915-1530|1815-1915:,2026-07-30,,NSE:AVONMORE-EQ,10,10,13557,AVONMORE,13557,-1.0,XX,101000000013557,,0,0.0
101000000023159,AVP INFRACON LIMITED,0,800,0.05,INE0R9401019,0915-1530|1815-1915:,2026-07-30,,NSE:AVPINFRA-SM,10,10,23159,AVPINFRA,23159,-1.0,XX,101000000023159,,0,0.0
10100000008827,AVRO INDIA LIMITED,0,1,0.01,INE652Z01025,0915-1530|1815-1915:,2026-07-30,,NSE:AVROIND-EQ,10,10,8827,AVROIND,8827,-1.0,XX,10100000008827,,0,0.0
101000000018693,AVSL INDUSTRIES LIMITED,0,1000,0.05,INE522V01011,0915-1530|1815-1915:,2026-07-30,,NSE:AVSL-ST,10,10,18693,AVSL,18693,-1.0,XX,101000000018693,,0,0.0
101000000014008,AVT NATURAL PRODUCTS LTD,0,1,0.01,INE488D01021,0915-1530|1815-1915:,2026-07-30,,NSE:AVTNPL-EQ,10,10,14008,AVTNPL,14008,-1.0,XX,101000000014008,,1,1.0
101000000023864,AWFIS SPACE SOLUTIONS LTD,0,1,0.05,INE108V01019,0915-1530|1815-1915:,2026-07-30,,NSE:AWFIS-EQ,10,10,23864,AWFIS,23864,-1.0,XX,101000000023864,,1,2.0
10100000001797,ANTONY WASTE HDG CELL LTD,0,1,0.05,INE01BK01022,0915-1530|1815-1915:,2026-07-30,,NSE:AWHCL-EQ,10,10,1797,AWHCL,1797,-1.0,XX,10100000001797,,1,2.0
10100000008110,AWL AGRI BUSINESS LIMITED,0,1,0.01,INE699H01024,0915-1530|1815-1915:,2026-07-30,,NSE:AWL-EQ,10,10,8110,AWL,8110,-1.0,XX,10100000008110,,1,3.2
10100000005900,AXIS BANK LIMITED,0,1,0.1,INE238A01034,0915-1530|1815-1915:,2026-07-30,,NSE:AXISBANK-EQ,10,10,5900,AXISBANK,5900,-1.0,XX,10100000005900,,1,3.6
10100000009436,AXISCADES TECH LTD,0,1,0.1,INE555B01013,0915-1530|1815-1915:,2026-07-30,,NSE:AXISCADES-EQ,10,10,9436,AXISCADES,9436,-1.0,XX,10100000009436,,1,2.5
10100000009902,AXITA COTTON LIMITED,0,1,0.01,INE02EZ01022,0915-1530|1815-1915:,2026-07-30,,NSE:AXITA-EQ,10,10,9902,AXITA,9902,-1.0,XX,10100000009902,,0,0.0
1010000000760981,AYE FINANCE LIMITED,0,1,0.01,INE501X01029,0915-1530|1815-1915:,2026-07-30,,NSE:AYE-EQ,10,10,760981,AYE,760981,-1.0,XX,1010000000760981,,1,2.8
101000000010285,AYM SYNTEX LIMITED,0,1,0.01,INE193B01039,0915-1530|1815-1915:,2026-07-30,,NSE:AYMSYNTEX-EQ,10,10,10285,AYMSYNTEX,10285,-1.0,XX,101000000010285,,1,2.0
101000000020905,AZAD ENGINEERING LIMITED,0,1,0.1,INE02IJ01035,0915-1530|1815-1915:,2026-07-30,,NSE:AZAD-EQ,10,10,20905,AZAD,20905,-1.0,XX,101000000020905,,1,2.8
101000000020141,BABA FOOD PROCESSING,0,1600,0.05,INE0QW501012,0915-1530|1815-1915:,2026-07-30,,NSE:BABAFP-SM,10,10,20141,BABAFP,20141,-1.0,XX,101000000020141,,0,0.0
101000000017735,BAFNA PHARMACEUTICALS LTD,0,1,0.01,INE878I01022,0915-1530|1815-1915:,2026-07-30,,NSE:BAFNAPH-BE,10,10,17735,BAFNAPH,17735,-1.0,XX,101000000017735,,0,0.0
1010000000759420,B.A.G.CONVERGENCE LIMITED,0,1600,0.05,INE17CQ01015,0915-1530|1815-1915:,2026-07-30,,NSE:BAGDIGITAL-SM,10,10,759420,BAGDIGITAL,759420,-1.0,XX,1010000000759420,,0,0.0
101000000011226,B.A.G FILMS AND MEDIA LTD,0,1,0.01,INE116D01028,0915-1530|1815-1915:,2026-07-30,,NSE:BAGFILMS-EQ,10,10,11226,BAGFILMS,11226,-1.0,XX,101000000011226,,0,0.0
1010000000763363,BAGMANE PRIME OFFICE REIT,0,1,0.01,INE2OVN25015,0915-1530|1815-1915:,2026-07-30,,NSE:BAGMANE-RR,10,10,763363,BAGMANE,763363,-1.0,XX,1010000000763363,,0,0.0
101000000012989,BAHETI RECYCLING IND LTD,0,375,0.05,INE029Q01017,0915-1530|1815-1915:,2026-07-30,,NSE:BAHETI-SM,10,10,12989,BAHETI,12989,-1.0,XX,101000000012989,,0,0.0
101000000013794,BAID FINSERV LIMITED,0,1,0.01,INE020D01022,0915-1530|1815-1915:,2026-07-30,,NSE:BAIDFIN-EQ,10,10,13794,BAIDFIN,13794,-1.0,XX,101000000013794,,0,0.0
101000000016669,BAJAJ AUTO LIMITED,0,1,0.5,INE917I01010,0915-1530|1815-1915:,2026-07-30,,NSE:BAJAJ-AUTO-EQ,10,10,16669,BAJAJ-AUTO,16669,-1.0,XX,101000000016669,,1,3.6
101000000019531,BAJAJ CONSUMER CARE LTD,0,1,0.05,INE933K01021,0915-1530|1815-1915:,2026-07-30,,NSE:BAJAJCON-EQ,10,10,19531,BAJAJCON,19531,-1.0,XX,101000000019531,,1,1.0
101000000015034,BAJAJ ELECT.LTD,0,1,0.05,INE193E01025,0915-1530|1815-1915:,2026-07-30,,NSE:BAJAJELEC-EQ,10,10,15034,BAJAJELEC,15034,-1.0,XX,101000000015034,,1,2.0
101000000016675,BAJAJ FINSERV LTD.,0,1,0.1,INE918I01026,0915-1530|1815-1915:,2026-07-30,,NSE:BAJAJFINSV-EQ,10,10,16675,BAJAJFINSV,16675,-1.0,XX,101000000016675,,1,3.6
10100000006863,BAJAJ HEALTHCARE LIMITED,0,1,0.05,INE411U01027,0915-1530|1815-1915:,2026-07-30,,NSE:BAJAJHCARE-EQ,10,10,6863,BAJAJHCARE,6863,-1.0,XX,10100000006863,,1,2.6
101000000025270,BAJAJ HOUSING FINANCE LTD,0,1,0.01,INE377Y01014,0915-1530|1815-1915:,2026-07-30,,NSE:BAJAJHFL-EQ,10,10,25270,BAJAJHFL,25270,-1.0,XX,101000000025270,,1,3.6
1010000000308,BAJAJ HINDUSTHAN SUGAR LT,0,1,0.01,INE306A01021,0915-1530|1815-1915:,2026-07-30,,NSE:BAJAJHIND-EQ,10,10,308,BAJAJHIND,308,-1.0,XX,1010000000308,,1,2.9
1010000000305,BAJAJ HOLDINGS & INVS LTD,0,1,1.0,INE118A01012,0915-1530|1815-1915:,2026-07-30,,NSE:BAJAJHLDNG-EQ,10,10,305,BAJAJHLDNG,305,-1.0,XX,1010000000305,,1,3.3
101000000029678,INDEF MANUFACTURING LTD,0,1,0.05,INE0O9T01021,0915-1530|1815-1915:,2026-07-30,,NSE:BAJAJINDEF-EQ,10,10,29678,BAJAJINDEF,29678,-1.0,XX,101000000029678,,1,2.0
1010000000762563,BAJAJ STEEL INDS. LTD.,0,1,0.05,INE704G01024,0915-1530|1815-1915:,2026-07-30,,NSE:BAJAJST-EQ,10,10,762563,BAJAJST,762563,-1.0,XX,1010000000762563,,1,2.0
101000000020531,BAJEL PROJECTS LIMITED,0,1,0.01,INE0KQN01018,0915-1530|1815-1915:,2026-07-30,,NSE:BAJEL-EQ,10,10,20531,BAJEL,20531,-1.0,XX,101000000020531,,1,2.0
1010000000317,BAJAJ FINANCE LIMITED,0,1,0.1,INE296A01032,0915-1530|1815-1915:,2026-07-30,,NSE:BAJFINANCE-EQ,10,10,317,BAJFINANCE,317,-1.0,XX,1010000000317,,1,3.3
101000000025203,SHREE TIRUPATI BALAJEE L,0,1,0.01,INE0S2G01011,0915-1530|1815-1915:,2026-07-30,,NSE:BALAJEE-EQ,10,10,25203,BALAJEE,25203,-1.0,XX,101000000025203,,0,0.0
101000000030030,BALAJI PHOSPHATES LIMITED,0,1000,0.05,INE0PQ601019,0915-1530|1815-1915:,2026-07-30,,NSE:BALAJIPHOS-SM,10,10,30030,BALAJIPHOS,30030,-1.0,XX,101000000030030,,0,0.0
10100000009158,BALAJI TELEFILMS LIMITED.,0,1,0.01,INE794B01026,0915-1530|1815-1915:,2026-07-30,,NSE:BALAJITELE-EQ,10,10,9158,BALAJITELE,9158,-1.0,XX,10100000009158,,1,2.0
101000000014501,BALAJI AMINES LIMITED,0,1,0.1,INE050E01027,0915-1530|1815-1915:,2026-07-30,,NSE:BALAMINES-EQ,10,10,14501,BALAMINES,14501,-1.0,XX,101000000014501,,1,1.0
101000000011309,BALAXI PHARMA LTD,0,1,0.01,INE618N01022,0915-1530|1815-1915:,2026-07-30,,NSE:BALAXI-EQ,10,10,11309,BALAXI,11309,-1.0,XX,101000000011309,,0,0.0
101000000024882,SOLVE PLASTIC PRODUCTS L,0,1200,0.05,INE0U0201016,0915-1530|1815-1915:,2026-07-30,,NSE:BALCO-ST,10,10,24882,BALCO,24882,-1.0,XX,101000000024882,,0,0.0
101000000010181,BALKRISHNA PAPER MILLS L,0,1,0.01,INE875R01011,0915-1530|1815-1915:,2026-07-30,,NSE:BALKRISHNA-EQ,10,10,10181,BALKRISHNA,10181,-1.0,XX,101000000010181,,0,0.0
1010000000335,BALKRISHNA IND. LTD,0,1,0.1,INE787D01026,0915-1530|1815-1915:,2026-07-30,,NSE:BALKRISIND-EQ,10,10,335,BALKRISIND,335,-1.0,XX,1010000000335,,1,3.1
1010000000338,BALMER LAWRIE & CO LTD,0,1,0.01,INE164A01016,0915-1530|1815-1915:,2026-07-30,,NSE:BALMLAWRIE-EQ,10,10,338,BALMLAWRIE,338,-1.0,XX,1010000000338,,1,2.0
101000000013441,BAL PHARMA LTD.,0,1,0.01,INE083D01012,0915-1530|1815-1915:,2026-07-30,,NSE:BALPHARMA-EQ,10,10,13441,BALPHARMA,13441,-1.0,XX,101000000013441,,0,0.0
1010000000341,BALRAMPUR CHINI MILLS LTD,0,1,0.05,INE119A01028,0915-1530|1815-1915:,2026-07-30,,NSE:BALRAMCHIN-EQ,10,10,341,BALRAMCHIN,341,-1.0,XX,1010000000341,,1,3.2
101000000023607,BALU FORGE INDUSTRIES LTD,0,1,0.05,INE011E01029,0915-1530|1815-1915:,2026-07-30,,NSE:BALUFORGE-EQ,10,10,23607,BALUFORGE,23607,-1.0,XX,101000000023607,,1,2.6
1010000000347,BANARAS BEADS LTD,0,1,0.01,INE655B01011,0915-1530|1815-1915:,2026-07-30,,NSE:BANARBEADS-EQ,10,10,347,BANARBEADS,347,-1.0,XX,1010000000347,,0,0.0
1010000000350,BANNARI AMMAN SUGARS LTD,0,1,0.1,INE459A01010,0915-1530|1815-1915:,2026-07-30,,NSE:BANARISUG-EQ,10,10,350,BANARISUG,350,-1.0,XX,1010000000350,,0,0.0
101000000013880,BANCO PRODUCTS (I) LTD,0,1,0.05,INE213C01025,0915-1530|1815-1915:,2026-07-30,,NSE:BANCOINDIA-EQ,10,10,13880,BANCOINDIA,13880,-1.0,XX,101000000013880,,1,2.6
10100000002263,BANDHAN BANK LIMITED,0,1,0.01,INE545U01014,0915-1530|1815-1915:,2026-07-30,,NSE:BANDHANBNK-EQ,10,10,2263,BANDHANBNK,2263,-1.0,XX,10100000002263,,1,2.8
101000000015303,BANG OVERSEAS LTD.,0,1,0.01,INE863I01016,0915-1530|1815-1915:,2026-07-30,,NSE:BANG-EQ,10,10,15303,BANG,15303,-1.0,XX,101000000015303,,0,0.0
1010000000828,BANKA BIOLOO LIMITED,0,1,0.01,INE862Y01015,0915-1530|1815-1915:,2026-07-30,,NSE:BANKA-BE,10,10,828,BANKA,828,-1.0,XX,1010000000828,,0,0.0
10100000004668,BANK OF BARODA,0,1,0.05,INE028A01039,0915-1530|1815-1915:,2026-07-30,,NSE:BANKBARODA-EQ,10,10,4668,BANKBARODA,4668,-1.0,XX,10100000004668,,1,3.3
10100000004745,BANK OF INDIA,0,1,0.01,INE084A01016,0915-1530|1815-1915:,2026-07-30,,NSE:BANKINDIA-EQ,10,10,4745,BANKINDIA,4745,-1.0,XX,10100000004745,,1,3.1
101000000024386,BANSAL WIRE INDUSTRIES L,0,1,0.05,INE0B9K01025,0915-1530|1815-1915:,2026-07-30,,NSE:BANSALWIRE-EQ,10,10,24386,BANSALWIRE,24386,-1.0,XX,101000000024386,,1,2.9
101000000014511,BANSWARA SYNTEX LIMITED,0,1,0.01,INE629D01020,0915-1530|1815-1915:,2026-07-30,,NSE:BANSWRAS-EQ,10,10,14511,BANSWRAS,14511,-1.0,XX,101000000014511,,0,0.0
101000000029176,BARFLEX POLYFILMS LIMITED,0,2000,0.05,INE0QX401014,0915-1530|1815-1915:,2026-07-30,,NSE:BARFLEX-SM,10,10,29176,BARFLEX,29176,-1.0,XX,101000000029176,,0,0.0
1010000000368,BASF INDIA LTD,0,1,0.1,INE373A01013,0915-1530|1815-1915:,2026-07-30,,NSE:BASF-EQ,10,10,368,BASF,368,-1.0,XX,1010000000368,,1,3.2
101000000018442,BASILIC FLY STUDIO LTD,0,300,0.05,INE0OCC01013,0915-1530|1815-1915:,2026-07-30,,NSE:BASILIC-SM,10,10,18442,BASILIC,18442,-1.0,XX,101000000018442,,0,0.0
101000000012037,BANNARI AM SPIN MILL LTD.,0,1,0.01,INE186H01022,0915-1530|1815-1915:,2026-07-30,,NSE:BASML-BE,10,10,12037,BASML,12037,-1.0,XX,101000000012037,,0,0.0
1010000000371,BATA INDIA LTD,0,1,0.05,INE176A01028,0915-1530|1815-1915:,2026-07-30,,NSE:BATAINDIA-EQ,10,10,371,BATAINDIA,371,-1.0,XX,1010000000371,,1,3.3
1010000000762568,BATLIBOI LTD.,0,1,0.01,INE177C01022,0915-1530|1815-1915:,2026-07-30,,NSE:BATLIBOI-EQ,10,10,762568,BATLIBOI,762568,-1.0,XX,1010000000762568,,0,0.0
101000000022574,BAWEJA STUDIOS LIMITED,0,800,0.05,INE0JFJ01011,0915-1530|1815-1915:,2026-07-30,,NSE:BAWEJA-ST,10,10,22574,BAWEJA,22574,-1.0,XX,101000000022574,,0,0.0
101000000017927,BAYER CROPSCIENCE LTD,0,1,0.1,INE462A01022,0915-1530|1815-1915:,2026-07-30,,NSE:BAYERCROP-EQ,10,10,17927,BAYERCROP,17927,-1.0,XX,101000000017927,,1,3.6
101000000013761,BHARAT BIJLEE LTD,0,1,0.1,INE464A01036,0915-1530|1815-1915:,2026-07-30,,NSE:BBL-EQ,10,10,13761,BBL,13761,-1.0,XX,101000000013761,,1,2.0
10100000003435,BLACK BOX LIMITED,0,1,0.05,INE676A01027,0915-1530|1815-1915:,2026-07-30,,NSE:BBOX-EQ,10,10,3435,BBOX,3435,-1.0,XX,10100000003435,,1,1.0
1010000000380,BOMBAY BURMAH TRADING COR,0,1,0.1,INE050A01025,0915-1530|1815-1915:,2026-07-30,,NSE:BBTC-EQ,10,10,380,BBTC,380,-1.0,XX,1010000000380,,1,3.1
101000000012153,B&B TRIPLEWALL CONT LTD,0,1,0.01,INE01EE01011,0915-1530|1815-1915:,2026-07-30,,NSE:BBTCL-EQ,10,10,12153,BBTCL,12153,-1.0,XX,101000000012153,,0,0.0
10100000008833,BRIGHTCOM GROUP LIMITED,0,1,0.01,INE425B01027,0915-1530|1815-1915:,2026-07-30,,NSE:BCG-EQ,10,10,8833,BCG,8833,-1.0,XX,10100000008833,,1,2.0
10100000002513,BCL INDUSTRIES LIMITED,0,1,0.01,INE412G01024,0915-1530|1815-1915:,2026-07-30,,NSE:BCLIND-EQ,10,10,2513,BCLIND,2513,-1.0,XX,10100000002513,,1,2.0
10100000007780,BRAND CONCEPTS LIMITED,0,1,0.01,INE977Y01011,0915-1530|1815-1915:,2026-07-30,,NSE:BCONCEPTS-EQ,10,10,7780,BCONCEPTS,7780,-1.0,XX,10100000007780,,0,0.0
1010000000761494,BCPL RAILWAY INFRA LTD,0,1,0.01,INE00SW01015,0915-1530|1815-1915:,2026-07-30,,NSE:BCPL-EQ,10,10,761494,BCPL,761494,-1.0,XX,1010000000761494,,0,0.0
10100000002144,BHARAT DYNAMICS LIMITED,0,1,0.1,INE171Z01026,0915-1530|1815-1915:,2026-07-30,,NSE:BDL-EQ,10,10,2144,BDL,2144,-1.0,XX,10100000002144,,1,2.9
10100000004294,BDR BUILDCON LIMITED,0,16667,0.05,INE766Q01014,0915-1530|1815-1915:,2026-07-30,,NSE:BDR-IT,10,10,4294,BDR,4294,-1.0,XX,10100000004294,,0,0.0
101000000023925,BEACON TRUSTEESHIP LTD,0,1000,0.05,INE639X01027,0915-1530|1815-1915:,2026-07-30,,NSE:BEACON-ST,10,10,23925,BEACON,23925,-1.0,XX,101000000023925,,0,0.0
101000000017933,BEARDSELL LIMITED,0,1,0.01,INE520H01022,0915-1530|1815-1915:,2026-07-30,,NSE:BEARDSELL-EQ,10,10,17933,BEARDSELL,17933,-1.0,XX,101000000017933,,0,0.0
10100000001628,MRS BECTORS FOOD SPE LTD,0,1,0.01,INE495P01020,0915-1530|1815-1915:,2026-07-30,,NSE:BECTORFOOD-EQ,10,10,1628,BECTORFOOD,1628,-1.0,XX,10100000001628,,1,2.9
101000000020196,BEDMUTHA INDUST LTD,0,1,0.01,INE844K01012,0915-1530|1815-1915:,2026-07-30,,NSE:BEDMUTHA-EQ,10,10,20196,BEDMUTHA,20196,-1.0,XX,101000000020196,,0,0.0
1010000000762573,BEEKAY STEEL INDS. LTD.,0,1,0.05,INE213D01015,0915-1530|1815-1915:,2026-07-30,,NSE:BEEKAY-EQ,10,10,762573,BEEKAY,762573,-1.0,XX,1010000000762573,,0,0.0
1010000000383,BHARAT ELECTRONICS LTD,0,1,0.05,INE263A01024,0915-1530|1815-1915:,2026-07-30,,NSE:BEL-EQ,10,10,383,BEL,383,-1.0,XX,1010000000383,,1,3.4
1010000000757938,BELLA CASA FASH AND RET L,0,1,0.05,INE344T01014,0915-1530|1815-1915:,2026-07-30,,NSE:BELLACASA-EQ,10,10,757938,BELLACASA,757938,-1.0,XX,1010000000757938,,0,0.0
1010000000757102,BELRISE INDUSTRIES LTD,0,1,0.01,INE894V01022,0915-1530|1815-1915:,2026-07-30,,NSE:BELRISE-EQ,10,10,757102,BELRISE,757102,-1.0,XX,1010000000757102,,1,3.1
1010000000395,BEML LIMITED,0,1,0.1,INE258A01024,0915-1530|1815-1915:,2026-07-30,,NSE:BEML-EQ,10,10,395,BEML,395,-1.0,XX,1010000000395,,1,2.8
1010000000762578,BENGAL & ASSAM CO. LTD.,0,1,0.5,INE083K01017,0915-1530|1815-1915:,2026-07-30,,NSE:BENGALASM-EQ,10,10,762578,BENGALASM,762578,-1.0,XX,1010000000762578,,0,0.0
1010000000419,BHANSALI ENG. POLYMERS LT,0,1,0.01,INE922A01025,0915-1530|1815-1915:,2026-07-30,,NSE:BEPL-EQ,10,10,419,BEPL,419,-1.0,XX,1010000000419,,1,2.0
1010000000404,BERGER PAINTS (I) LTD,0,1,0.05,INE463A01038,0915-1530|1815-1915:,2026-07-30,,NSE:BERGEPAINT-EQ,10,10,404,BERGEPAINT,404,-1.0,XX,1010000000404,,1,3.4
10100000002306,BEST AGROLIFE LIMITED,0,1,0.01,INE052T01021,0915-1530|1815-1915:,2026-07-30,,NSE:BESTAGRO-EQ,10,10,2306,BESTAGRO,2306,-1.0,XX,10100000002306,,1,2.0
1010000000759842,BETA DRUGS LIMITED,0,1,0.1,INE351Y01019,0915-1530|1815-1915:,2026-07-30,,NSE:BETA-EQ,10,10,759842,BETA,759842,-1.0,XX,1010000000759842,,1,2.0
10100000005662,BEW ENGINEERING LIMITED,0,500,0.05,INE0HQI01014,0915-1530|1815-1915:,2026-07-30,,NSE:BEWLTD-SM,10,10,5662,BEWLTD,5662,-1.0,XX,10100000005662,,0,0.0
101000000021113,BF INVESTMENT LIMITED,0,1,0.05,INE878K01010,0915-1530|1815-1915:,2026-07-30,,NSE:BFINVEST-EQ,10,10,21113,BFINVEST,21113,-1.0,XX,101000000021113,,1,2.0
101000000014567,BF UTILITIES LIMITED,0,1,0.05,INE243D01012,0915-1530|1815-1915:,2026-07-30,,NSE:BFUTILITIE-EQ,10,10,14567,BFUTILITIE,14567,-1.0,XX,101000000014567,,1,2.0
101000000015193,BGR ENERGY SYSTEMS LTD,0,1,0.05,INE661I01014,0915-1530|1815-1915:,2026-07-30,,NSE:BGRENERGY-BE,10,10,15193,BGRENERGY,15193,-1.0,XX,101000000015193,,1,1.0
1010000000758228,BHADORA INDUSTRIES LTD,0,1200,0.05,INE0ZRC01017,0915-1530|1815-1915:,2026-07-30,,NSE:BHADORA-ST,10,10,758228,BHADORA,758228,-1.0,XX,1010000000758228,,0,0.0
10100000006164,BHAGIRADHA CHEM & INDS L,0,1,0.05,INE414D01027,0915-1530|1815-1915:,2026-07-30,,NSE:BHAGCHEM-EQ,10,10,6164,BHAGCHEM,6164,-1.0,XX,10100000006164,,1,2.0
101000000013427,BHAGERIA INDUSTRIES LTD,0,1,0.01,INE354C01027,0915-1530|1815-1915:,2026-07-30,,NSE:BHAGERIA-BE,10,10,13427,BHAGERIA,13427,-1.0,XX,101000000013427,,1,1.0
101000000020799,BHAGYANAGAR INDIA LIMITED,0,1,0.05,INE458B01036,0915-1530|1815-1915:,2026-07-30,,NSE:BHAGYANGR-BE,10,10,20799,BHAGYANGR,20799,-1.0,XX,101000000020799,,0,0.0
101000000019560,BHANDARI HOSIERY EXP LTD,0,1,0.01,INE474E01029,0915-1530|1815-1915:,2026-07-30,,NSE:BHANDARI-BE,10,10,19560,BHANDARI,19560,-1.0,XX,101000000019560,,0,0.0
1010000000760726,BHARAT COKING COAL LTD,0,1,0.01,INE05XR01022,0915-1530|1815-1915:,2026-07-30,,NSE:BHARATCOAL-EQ,10,10,760726,BHARATCOAL,760726,-1.0,XX,1010000000760726,,1,3.2
1010000000422,BHARAT FORGE LTD,0,1,0.1,INE465A01025,0915-1530|1815-1915:,2026-07-30,,NSE:BHARATFORG-EQ,10,10,422,BHARATFORG,422,-1.0,XX,1010000000422,,1,3.3
10100000009397,BHARAT GEARS LTD,0,1,0.01,INE561C01019,0915-1530|1815-1915:,2026-07-30,,NSE:BHARATGEAR-BE,10,10,9397,BHARATGEAR,9397,-1.0,XX,10100000009397,,0,0.0
10100000003834,BHARAT RASAYAN LTD,0,1,0.1,INE838B01021,0915-1530|1815-1915:,2026-07-30,,NSE:BHARATRAS-EQ,10,10,3834,BHARATRAS,3834,-1.0,XX,10100000003834,,1,2.0
101000000030244,BHARAT SEATS LIMITED,0,1,0.01,INE415D01024,0915-1530|1815-1915:,2026-07-30,,NSE:BHARATSE-EQ,10,10,30244,BHARATSE,30244,-1.0,XX,101000000030244,,1,2.4
101000000016123,BHARAT WIRE ROPES LTD.,0,1,0.01,INE316L01019,0915-1530|1815-1915:,2026-07-30,,NSE:BHARATWIRE-EQ,10,10,16123,BHARATWIRE,16123,-1.0,XX,101000000016123,,1,2.0
101000000010604,BHARTI AIRTEL LIMITED,0,1,0.1,INE397D01024,0915-1530|1815-1915:,2026-07-30,,NSE:BHARTIARTL-EQ,10,10,10604,BHARTIARTL,10604,-1.0,XX,101000000010604,,1,3.7
101000000023489,BHARTI HEXACOM LIMITED,0,1,0.1,INE343G01021,0915-1530|1815-1915:,2026-07-30,,NSE:BHARTIHEXA-EQ,10,10,23489,BHARTIHEXA,23489,-1.0,XX,101000000023489,,1,3.3
1010000000438,BHEL,0,1,0.05,INE257A01026,0915-1530|1815-1915:,2026-07-30,,NSE:BHEL-EQ,10,10,438,BHEL,438,-1.0,XX,1010000000438,,1,2.9
1010000000762583,BILCARE LTD.,0,1,0.01,INE986A01012,0915-1530|1815-1915:,2026-07-30,,NSE:BI-EQ,10,10,762583,BI,762583,-1.0,XX,1010000000762583,,0,0.0
101000000018431,BIGBLOC CONSTRUCTION LTD,0,1,0.01,INE412U01025,0915-1530|1815-1915:,2026-07-30,,NSE:BIGBLOC-EQ,10,10,18431,BIGBLOC,18431,-1.0,XX,101000000018431,,0,0.0
101000000011966,BIKAJI FOODS INTERN LTD,0,1,0.05,INE00E101023,0915-1530|1815-1915:,2026-07-30,,NSE:BIKAJI-EQ,10,10,11966,BIKAJI,11966,-1.0,XX,101000000011966,,1,3.4
101000000025527,BIKEWO GREEN TECH LIMITED,0,2000,0.05,INE0SQH01013,0915-1530|1815-1915:,2026-07-30,,NSE:BIKEWO-ST,10,10,25527,BIKEWO,25527,-1.0,XX,101000000025527,,0,0.0
10100000007848,BHARTIYA INTERNATIONAL,0,1,0.05,INE828A01016,0915-1530|1815-1915:,2026-07-30,,NSE:BIL-EQ,10,10,7848,BIL,7848,-1.0,XX,10100000007848,,0,0.0
101000000013622,BIL VYAPAR LIMITED,0,1,0.01,INE071A01013,0915-1530|1815-1915:,2026-07-30,,NSE:BILVYAPAR-BE,10,10,13622,BILVYAPAR,13622,-1.0,XX,101000000013622,,0,0.0
1010000000762588,BIMETAL BEARINGS LTD.,0,1,0.05,INE469A01019,0915-1530|1815-1915:,2026-07-30,,NSE:BIMETAL-EQ,10,10,762588,BIMETAL,762588,-1.0,XX,1010000000762588,,0,0.0
101000000011373,BIOCON LIMITED.,0,1,0.05,INE376G01013,0915-1530|1815-1915:,2026-07-30,,NSE:BIOCON-EQ,10,10,11373,BIOCON,11373,-1.0,XX,101000000011373,,1,3.3
10100000004136,BIOFIL CHEM & PHARMA LTD,0,1,0.01,INE829A01014,0915-1530|1815-1915:,2026-07-30,,NSE:BIOFILCHEM-EQ,10,10,4136,BIOFILCHEM,4136,-1.0,XX,10100000004136,,0,0.0
1010000000760942,BIOPOL CHEMICALS LIMITED,0,1200,0.05,INE0XW001014,0915-1530|1815-1915:,2026-07-30,,NSE:BIOPOL-SM,10,10,760942,BIOPOL,760942,-1.0,XX,1010000000760942,,0,0.0
101000000023562,GRILL SPLENDOUR SER LTD,0,1200,0.05,INE0PC901019,0915-1530|1815-1915:,2026-07-30,,NSE:BIRDYS-ST,10,10,23562,BIRDYS,23562,-1.0,XX,101000000023562,,0,0.0
10100000002203,BROOKFIELD INDIA RET,0,1,0.01,INE0FDU25010,0915-1530|1815-1915:,2026-07-30,,NSE:BIRET-RR,10,10,2203,BIRET,2203,-1.0,XX,10100000002203,,0,0.0
10100000006815,BIRLA CABLE LIMITED,0,1,0.01,INE800A01015,0915-1530|1815-1915:,2026-07-30,,NSE:BIRLACABLE-BE,10,10,6815,BIRLACABLE,6815,-1.0,XX,10100000006815,,0,0.0
1010000000480,BIRLA CORPORATION LTD,0,1,0.05,INE340A01012,0915-1530|1815-1915:,2026-07-30,,NSE:BIRLACORPN-EQ,10,10,480,BIRLACORPN,480,-1.0,XX,1010000000480,,1,3.0
101000000015239,ADITYA BIRLA MONEY LTD,0,1,0.01,INE865C01022,0915-1530|1815-1915:,2026-07-30,,NSE:BIRLAMONEY-EQ,10,10,15239,BIRLAMONEY,15239,-1.0,XX,101000000015239,,0,0.0
10100000001455,BIRLANU LIMITED,0,1,0.1,INE557A01011,0915-1530|1815-1915:,2026-07-30,,NSE:BIRLANU-EQ,10,10,1455,BIRLANU,1455,-1.0,XX,10100000001455,,1,2.0
1010000000762593,BIRLA PRECISION TECH L,0,1,0.01,INE372E01025,0915-1530|1815-1915:,2026-07-30,,NSE:BIRLAPREC-EQ,10,10,762593,BIRLAPREC,762593,-1.0,XX,1010000000762593,,0,0.0
101000000027144,BLACKBUCK LIMITED,0,1,0.05,INE0UIZ01018,0915-1530|1815-1915:,2026-07-30,,NSE:BLACKBUCK-EQ,10,10,27144,BLACKBUCK,27144,-1.0,XX,101000000027144,,1,2.9
1010000000762601,BLACK ROSE INDS. LTD.,0,1,0.01,INE761G01016,0915-1530|1815-1915:,2026-07-30,,NSE:BLACKROSE-BE,10,10,762601,BLACKROSE,762601,-1.0,XX,1010000000762601,,1,1.0
101000000015067,BEML LAND ASSETS LIMITED,0,1,0.01,INE0N7W01012,0915-1530|1815-1915:,2026-07-30,,NSE:BLAL-EQ,10,10,15067,BLAL,15067,-1.0,XX,101000000015067,,0,0.0
10100000008132,BLB LIMITED,0,1,0.01,INE791A01024,0915-1530|1815-1915:,2026-07-30,,NSE:BLBLIMITED-EQ,10,10,8132,BLBLIMITED,8132,-1.0,XX,10100000008132,,0,0.0
1010000000762603,BALMER LAWRIE INVSTS. L,0,1,0.01,INE525F01025,0915-1530|1815-1915:,2026-07-30,,NSE:BLIL-EQ,10,10,762603,BLIL,762603,-1.0,XX,1010000000762603,,0,0.0
101000000019269,BLISS GVS PHARMA LTD,0,1,0.05,INE416D01022,0915-1530|1815-1915:,2026-07-30,,NSE:BLISSGVS-BE,10,10,19269,BLISSGVS,19269,-1.0,XX,101000000019269,,1,1.0
101000000013290,B.L.KASHYAP & SON LTD,0,1,0.01,INE350H01032,0915-1530|1815-1915:,2026-07-30,,NSE:BLKASHYAP-EQ,10,10,13290,BLKASHYAP,13290,-1.0,XX,101000000013290,,1,1.1
101000000017279,BLS INTL SERVS LTD,0,1,0.05,INE153T01027,0915-1530|1815-1915:,2026-07-30,,NSE:BLS-EQ,10,10,17279,BLS,17279,-1.0,XX,101000000017279,,1,2.8
101000000022566,BLS E-SERVICES LIMITED,0,1,0.01,INE0NLT01010,0915-1530|1815-1915:,2026-07-30,,NSE:BLSE-EQ,10,10,22566,BLSE,22566,-1.0,XX,101000000022566,,1,2.0
10100000008650,BLUE CHIP INDIA LIMITED,0,1,0.01,INE657B01025,0915-1530|1815-1915:,2026-07-30,,NSE:BLUECHIP-BE,10,10,8650,BLUECHIP,8650,-1.0,XX,10100000008650,,0,0.0
10100000008552,BLUE COAST HOTELS LIMITED,0,1,0.01,INE472B01011,0915-1530|1815-1915:,2026-07-30,,NSE:BLUECOAST-BE,10,10,8552,BLUECOAST,8552,-1.0,XX,10100000008552,,0,0.0
1010000000495,BLUE DART EXPRESS LTD,0,1,0.1,INE233B01017,0915-1530|1815-1915:,2026-07-30,,NSE:BLUEDART-EQ,10,10,495,BLUEDART,495,-1.0,XX,1010000000495,,1,3.3
101000000019686,BLUE JET HEALTHCARE LTD,0,1,0.05,INE0KBH01020,0915-1530|1815-1915:,2026-07-30,,NSE:BLUEJET-EQ,10,10,19686,BLUEJET,19686,-1.0,XX,101000000019686,,1,2.6
101000000023410,BLUE PEBBLE LIMITED,0,400,0.05,INE0SAK01011,0915-1530|1815-1915:,2026-07-30,,NSE:BLUEPEBBLE-SM,10,10,23410,BLUEPEBBLE,23410,-1.0,XX,101000000023410,,0,0.0
10100000008311,BLUE STAR LIMITED,0,1,0.1,INE472A01039,0915-1530|1815-1915:,2026-07-30,,NSE:BLUESTARCO-EQ,10,10,8311,BLUESTARCO,8311,-1.0,XX,10100000008311,,1,3.2
1010000000759291,BLUESTONE JEWEL LFSTL LTD,0,1,0.05,INE304W01038,0915-1530|1815-1915:,2026-07-30,,NSE:BLUESTONE-EQ,10,10,759291,BLUESTONE,759291,-1.0,XX,1010000000759291,,1,1.6
1010000000758185,BLUE WATER LOGISTICS LTD,0,1000,0.05,INE0X3M01010,0915-1530|1815-1915:,2026-07-30,,NSE:BLUEWATER-ST,10,10,758185,BLUEWATER,758185,-1.0,XX,1010000000758185,,0,0.0
1010000000757520,BLUSPRING ENTERPRISES LTD,0,1,0.01,INE0U4101014,0915-1530|1815-1915:,2026-07-30,,NSE:BLUSPRING-EQ,10,10,757520,BLUSPRING,757520,-1.0,XX,1010000000757520,,1,1.0
10100000006052,BOMBAY METRICS S C LTD,0,800,0.05,INE0I3Y01014,0915-1530|1815-1915:,2026-07-30,,NSE:BMETRICS-SM,10,10,6052,BMETRICS,6052,-1.0,XX,10100000006052,,0,0.0
1010000000763598,BIO MEDICA LABORATORIES L,0,1000,0.05,INE1BKA01015,0915-1530|1815-1915:,2026-07-30,,NSE:BMLL-SM,10,10,763598,BMLL,763598,-1.0,XX,1010000000763598,,0,0.0
1010000000759256,BMW VENTURES LIMITED,0,1,0.01,INE965W01036,0915-1530|1815-1915:,2026-07-30,,NSE:BMWVENTLTD-EQ,10,10,759256,BMWVENTLTD,759256,-1.0,XX,1010000000759256,,0,0.0
1010000000762611,BN AGROCHEM LTD.,0,1,0.05,INE00HZ01011,0915-1530|1815-1915:,2026-07-30,,NSE:BNAGROCHEM-BE,10,10,762611,BNAGROCHEM,762611,-1.0,XX,1010000000762611,,0,0.0
1010000000762616,B & A LTD.,0,1,0.05,INE489D01011,0915-1530|1815-1915:,2026-07-30,,NSE:BNALTD-BE,10,10,762616,BNALTD,762616,-1.0,XX,1010000000762616,,0,0.0
101000000025021,BODAL CHEMICALS LTD,0,1,0.01,INE338D01028,0915-1530|1815-1915:,2026-07-30,,NSE:BODALCHEM-BE,10,10,25021,BODALCHEM,25021,-1.0,XX,101000000025021,,0,0.0
101000000011640,BOHRA INDUSTRIES LIMITED,0,1,0.01,INE802W01023,0915-1530|1815-1915:,2026-07-30,,NSE:BOHRAIND-EQ,10,10,11640,BOHRAIND,11640,-1.0,XX,101000000011640,,0,0.0
1010000000513,BOMBAY DYEING & MFG. CO L,0,1,0.01,INE032A01023,0915-1530|1815-1915:,2026-07-30,,NSE:BOMDYEING-EQ,10,10,513,BOMDYEING,513,-1.0,XX,1010000000513,,1,2.9
1010000000761056,BONLON INDUSTRIES LIMITED,0,1,0.01,INE0B9A01018,0915-1530|1815-1915:,2026-07-30,,NSE:BONLON-EQ,10,10,761056,BONLON,761056,-1.0,XX,1010000000761056,,0,0.0
1010000000757919,BORANA WEAVES LIMITED,0,1,0.05,INE16SF01016,0915-1530|1815-1915:,2026-07-30,,NSE:BORANA-EQ,10,10,757919,BORANA,757919,-1.0,XX,1010000000757919,,1,2.0
101000000019401,BOROSIL LIMITED,0,1,0.01,INE02PY01013,0915-1530|1815-1915:,2026-07-30,,NSE:BOROLTD-EQ,10,10,19401,BOROLTD,19401,-1.0,XX,101000000019401,,1,2.0
10100000003149,BOROSIL RENEWABLES LTD,0,1,0.05,INE666D01022,0915-1530|1815-1915:,2026-07-30,,NSE:BORORENEW-EQ,10,10,3149,BORORENEW,3149,-1.0,XX,10100000003149,,1,2.8
101000000024014,BOROSIL SCIENTIFIC LTD,0,1,0.01,INE02L001032,0915-1530|1815-1915:,2026-07-30,,NSE:BOROSCI-EQ,10,10,24014,BOROSCI,24014,-1.0,XX,101000000024014,,1,2.0
10100000004491,BOSCH HOME COMFRT IND LTD,0,1,0.1,INE782A01015,0915-1530|1815-1915:,2026-07-30,,NSE:BOSCH-HCIL-EQ,10,10,4491,BOSCH-HCIL,4491,-1.0,XX,10100000004491,,1,3.0
10100000002181,BOSCH LIMITED,0,1,5.0,INE323A01026,0915-1530|1815-1915:,2026-07-30,,NSE:BOSCHLTD-EQ,10,10,2181,BOSCHLTD,2181,-1.0,XX,10100000002181,,1,3.4
101000000025119,BOSS PACKAGING SOLU LTD,0,2000,0.05,INE0QNI01012,0915-1530|1815-1915:,2026-07-30,,NSE:BOSS-SM,10,10,25119,BOSS,25119,-1.0,XX,101000000025119,,0,0.0
1010000000526,BHARAT PETROLEUM CORP  LT,0,1,0.05,INE029A01011,0915-1530|1815-1915:,2026-07-30,,NSE:BPCL-EQ,10,10,526,BPCL,526,-1.0,XX,1010000000526,,1,3.3
1010000000530,BPL LTD,0,1,0.01,INE110A01019,0915-1530|1815-1915:,2026-07-30,,NSE:BPL-EQ,10,10,530,BPL,530,-1.0,XX,1010000000530,,0,0.0
101000000024905,BRACE PORT LOGISTICS LTD,0,1600,0.05,INE0R4Z01018,0915-1530|1815-1915:,2026-07-30,,NSE:BRACEPORT-SM,10,10,24905,BRACEPORT,24905,-1.0,XX,101000000024905,,0,0.0
1010000000760972,BRANDMAN RETAIL LIMITED,0,800,0.05,INE0XUD01014,0915-1530|1815-1915:,2026-07-30,,NSE:BRANDMAN-SM,10,10,760972,BRANDMAN,760972,-1.0,XX,1010000000760972,,0,0.0
101000000015184,BRIGADE ENTER. LTD,0,1,0.05,INE791I01019,0915-1530|1815-1915:,2026-07-30,,NSE:BRIGADE-EQ,10,10,15184,BRIGADE,15184,-1.0,XX,101000000015184,,1,3.0
1010000000757794,BRIGADE HOTEL VENTURE LTD,0,1,0.01,INE03NU01014,0915-1530|1815-1915:,2026-07-30,,NSE:BRIGHOTEL-EQ,10,10,757794,BRIGHOTEL,757794,-1.0,XX,1010000000757794,,1,1.0
1010000000547,BRITANNIA INDUSTRIES LTD,0,1,0.5,INE216A01030,0915-1530|1815-1915:,2026-07-30,,NSE:BRITANNIA-EQ,10,10,547,BRITANNIA,547,-1.0,XX,1010000000547,,1,3.7
101000000021683,BHARAT ROAD NETWORK LTD,0,1,0.01,INE727S01012,0915-1530|1815-1915:,2026-07-30,,NSE:BRNL-EQ,10,10,21683,BRNL,21683,-1.0,XX,101000000021683,,0,0.0
101000000025140,BROOKS LAB LIMITED,0,1,0.01,INE650L01011,0915-1530|1815-1915:,2026-07-30,,NSE:BROOKS-BE,10,10,25140,BROOKS,25140,-1.0,XX,101000000025140,,0,0.0
101000000019585,BSE LIMITED,0,1,0.1,INE118H01025,0915-1530|1815-1915:,2026-07-30,,NSE:BSE-EQ,10,10,19585,BSE,19585,-1.0,XX,101000000019585,,1,2.8
1010000000812,BOMBAY SUPER HYBRID SEEDS,0,1,0.01,INE032Z01020,0915-1530|1815-1915:,2026-07-30,,NSE:BSHSL-BE,10,10,812,BSHSL,812,-1.0,XX,1010000000812,,0,0.0
1010000000559,BSL LTD,0,1,0.01,INE594B01012,0915-1530|1815-1915:,2026-07-30,,NSE:BSL-EQ,10,10,559,BSL,559,-1.0,XX,1010000000559,,0,0.0
10100000006994,BIRLASOFT LIMITED,0,1,0.05,INE836A01035,0915-1530|1815-1915:,2026-07-30,,NSE:BSOFT-EQ,10,10,6994,BSOFT,6994,-1.0,XX,10100000006994,,1,3.0
101000000014150,BODHI TREE MULTIMEDIA LTD,0,1,0.01,INE0EEJ01023,0915-1530|1815-1915:,2026-07-30,,NSE:BTML-EQ,10,10,14150,BTML,14150,-1.0,XX,101000000014150,,0,0.0
1010000000762621,BHILWARA TECHNICAL TEXT L,0,1,0.01,INE274K01012,0915-1530|1815-1915:,2026-07-30,,NSE:BTTL-BE,10,10,762621,BTTL,762621,-1.0,XX,1010000000762621,,0,0.0
1010000000760594,SHANKARA BUILDPRO LIMITED,0,1,0.1,INE24OJ01011,0915-1530|1815-1915:,2026-07-30,,NSE:BUILDPRO-EQ,10,10,760594,BUILDPRO,760594,-1.0,XX,1010000000760594,,1,2.0
101000000024701,BULKCORP INTERNATIONAL L,0,1200,0.05,INE0SZ301012,0915-1530|1815-1915:,2026-07-30,,NSE:BULKCORP-SM,10,10,24701,BULKCORP,24701,-1.0,XX,101000000024701,,0,0.0
10100000002716,BTRFLY GANDHI APPL LTD,0,1,0.05,INE295F01017,0915-1530|1815-1915:,2026-07-30,,NSE:BUTTERFLY-EQ,10,10,2716,BUTTERFLY,2716,-1.0,XX,10100000002716,,1,2.0
101000000015073,BARAK VALLEY CEM. LTD.,0,1,0.01,INE139I01011,0915-1530|1815-1915:,2026-07-30,,NSE:BVCL-EQ,10,10,15073,BVCL,15073,-1.0,XX,101000000015073,,0,0.0
10100000007930,THE BYKE HOSPITALITY LTD,0,1,0.01,INE319B01014,0915-1530|1815-1915:,2026-07-30,,NSE:BYKE-BE,10,10,7930,BYKE,7930,-1.0,XX,10100000007930,,0,0.0
101000000027274,C2C ADVANCED SYSTEMS LTD,0,150,0.05,INE0U7V01015,0915-1530|1815-1915:,2026-07-30,,NSE:C2C-SM,10,10,27274,C2C,27274,-1.0,XX,101000000027274,,0,0.0
101000000021824,CADSYS (INDIA) LIMITED,0,500,0.05,INE090Y01013,0915-1530|1815-1915:,2026-07-30,,NSE:CADSYS-ST,10,10,21824,CADSYS,21824,-1.0,XX,101000000021824,,0,0.0
10100000008400,CALIFORNIA SOFTWARE CO LT,0,1,0.01,INE526B01014,0915-1530|1815-1915:,2026-07-30,,NSE:CALSOFT-BE,10,10,8400,CALSOFT,8400,-1.0,XX,10100000008400,,0,0.0
10100000006216,CAMLIN FINE SCIENCES LTD,0,1,0.01,INE052I01032,0915-1530|1815-1915:,2026-07-30,,NSE:CAMLINFINE-EQ,10,10,6216,CAMLINFINE,6216,-1.0,XX,10100000006216,,1,2.4
10100000009362,CAMPUS ACTIVEWEAR LIMITED,0,1,0.01,INE278Y01022,0915-1530|1815-1915:,2026-07-30,,NSE:CAMPUS-EQ,10,10,9362,CAMPUS,9362,-1.0,XX,10100000009362,,1,3.3
1010000000342,COMPUTER AGE MNGT SER LTD,0,1,0.05,INE596I01020,0915-1530|1815-1915:,2026-07-30,,NSE:CAMS-EQ,10,10,342,CAMS,342,-1.0,XX,1010000000342,,1,3.2
101000000019368,CANARYS AUTOMATIONS LTD,0,4000,0.05,INE0QG301017,0915-1530|1815-1915:,2026-07-30,,NSE:CANARYS-SM,10,10,19368,CANARYS,19368,-1.0,XX,101000000019368,,0,0.0
101000000010794,CANARA BANK,0,1,0.01,INE476A01022,0915-1530|1815-1915:,2026-07-30,,NSE:CANBK-EQ,10,10,10794,CANBK,10794,-1.0,XX,101000000010794,,1,3.2
1010000000583,CAN FIN HOMES LTD,0,1,0.05,INE477A01020,0915-1530|1815-1915:,2026-07-30,,NSE:CANFINHOME-EQ,10,10,583,CANFINHOME,583,-1.0,XX,1010000000583,,1,3.4
1010000000759477,CANARA HSBC LIFE INS CO L,0,1,0.01,INE01TY01017,0915-1530|1815-1915:,2026-07-30,,NSE:CANHLIFE-EQ,10,10,759477,CANHLIFE,759477,-1.0,XX,1010000000759477,,1,3.6
101000000020160,CANTABIL RETAIL LTD,0,1,0.01,INE068L01024,0915-1530|1815-1915:,2026-07-30,,NSE:CANTABIL-EQ,10,10,20160,CANTABIL,20160,-1.0,XX,101000000020160,,1,2.0
101000000021749,CAPACITE INFRAPROJECT LTD,0,1,0.05,INE264T01014,0915-1530|1815-1915:,2026-07-30,,NSE:CAPACITE-EQ,10,10,21749,CAPACITE,21749,-1.0,XX,101000000021749,,1,2.0
1010000000759867,CAPILLARY TECHNO INDIA L,0,1,0.05,INE0ILV01024,0915-1530|1815-1915:,2026-07-30,,NSE:CAPILLARY-EQ,10,10,759867,CAPILLARY,759867,-1.0,XX,1010000000759867,,1,3.2
101000000029157,CAPITAL INFRA TRUST,0,1,0.01,INE0Z8Z23013,0915-1530|1815-1915:,2026-07-30,,NSE:CAPINVIT-IV,10,10,29157,CAPINVIT,29157,-1.0,XX,101000000029157,,0,0.0
101000000022675,CAPITAL SMALL FIN BANK L,0,1,0.05,INE646H01017,0915-1530|1815-1915:,2026-07-30,,NSE:CAPITALSFB-EQ,10,10,22675,CAPITALSFB,22675,-1.0,XX,101000000022675,,1,2.0
10100000003906,CAPLIN POINT LAB LTD.,0,1,0.1,INE475E01026,0915-1530|1815-1915:,2026-07-30,,NSE:CAPLIPOINT-EQ,10,10,3906,CAPLIPOINT,3906,-1.0,XX,10100000003906,,1,3.0
101000000019447,CAPITAL TRUST LIMITED,0,1,0.01,INE707C01018,0915-1530|1815-1915:,2026-07-30,,NSE:CAPTRUST-EQ,10,10,19447,CAPTRUST,19447,-1.0,XX,101000000019447,,0,0.0
1010000000595,CARBORUNDUM UNIVERSAL LTD,0,1,0.1,INE120A01034,0915-1530|1815-1915:,2026-07-30,,NSE:CARBORUNIV-EQ,10,10,595,CARBORUNIV,595,-1.0,XX,1010000000595,,1,3.2
101000000029113,CARE RATINGS LIMITED,0,1,0.1,INE752H01013,0915-1530|1815-1915:,2026-07-30,,NSE:CARERATING-EQ,10,10,29113,CARERATING,29113,-1.0,XX,101000000029113,,1,2.0
101000000028879,CARRARO INDIA LIMITED,0,1,0.05,INE0V7W01012,0915-1530|1815-1915:,2026-07-30,,NSE:CARRARO-EQ,10,10,28879,CARRARO,28879,-1.0,XX,101000000028879,,1,2.0
10100000005407,CARTRADE TECH LIMITED,0,1,0.1,INE290S01011,0915-1530|1815-1915:,2026-07-30,,NSE:CARTRADE-EQ,10,10,5407,CARTRADE,5407,-1.0,XX,10100000005407,,1,2.4
10100000001879,CARYSIL LIMITED,0,1,0.1,INE482D01024,0915-1530|1815-1915:,2026-07-30,,NSE:CARYSIL-EQ,10,10,1879,CARYSIL,1879,-1.0,XX,10100000001879,,1,2.7
10100000001250,CASTROL INDIA LIMITED,0,1,0.01,INE172A01027,0915-1530|1815-1915:,2026-07-30,,NSE:CASTROLIND-EQ,10,10,1250,CASTROLIND,1250,-1.0,XX,10100000001250,,1,3.7
101000000020409,NET AVENUE TECHNOLOGIES L,0,8000,0.05,INE518X01015,0915-1530|1815-1915:,2026-07-30,,NSE:CBAZAAR-ST,10,10,20409,CBAZAAR,20409,-1.0,XX,101000000020409,,0,0.0
101000000016249,AVENUESAI LIMITED,0,1,0.01,INE483S01020,0915-1530|1815-1915:,2026-07-30,,NSE:CCAVENUE-EQ,10,10,16249,CCAVENUE,16249,-1.0,XX,101000000016249,,1,2.9
101000000014992,CONS. CONST. CONSORT LTD,0,1,0.01,INE429I01024,0915-1530|1815-1915:,2026-07-30,,NSE:CCCL-EQ,10,10,14992,CCCL,14992,-1.0,XX,101000000014992,,1,1.7
10100000006385,COUNTRY CLUB HOSP HOL LTD,0,1,0.01,INE652F01027,0915-1530|1815-1915:,2026-07-30,,NSE:CCHHL-EQ,10,10,6385,CCHHL,6385,-1.0,XX,10100000006385,,0,0.0
101000000011452,CCL PRODUCTS (I) LTD,0,1,0.1,INE421D01022,0915-1530|1815-1915:,2026-07-30,,NSE:CCL-EQ,10,10,11452,CCL,11452,-1.0,XX,101000000011452,,1,3.1
101000000021174,CENTRAL DEPO SER (I) LTD,0,1,0.1,INE736A01011,0915-1530|1815-1915:,2026-07-30,,NSE:CDSL-EQ,10,10,21174,CDSL,21174,-1.0,XX,101000000021174,,1,3.1
101000000015254,CEAT LIMITED,0,1,0.1,INE482A01020,0915-1530|1815-1915:,2026-07-30,,NSE:CEATLTD-EQ,10,10,15254,CEATLTD,15254,-1.0,XX,101000000015254,,1,2.9
1010000000757690,CEDAAR TEXTILE LIMITED,0,1000,0.05,INE11J101017,0915-1530|1815-1915:,2026-07-30,,NSE:CEDAAR-ST,10,10,757690,CEDAAR,757690,-1.0,XX,1010000000757690,,0,0.0
101000000024742,CEIGALL INDIA LIMITED,0,1,0.05,INE0AG901020,0915-1530|1815-1915:,2026-07-30,,NSE:CEIGALL-EQ,10,10,24742,CEIGALL,24742,-1.0,XX,101000000024742,,1,3.2
1010000000761037,CEINSYS TECH LIMITED,0,1,0.05,INE016Q01014,0915-1530|1815-1915:,2026-07-30,,NSE:CEINSYS-EQ,10,10,761037,CEINSYS,761037,-1.0,XX,1010000000761037,,1,2.0
101000000013162,CELEBRITY FASHIONS LTD,0,1,0.01,INE185H01016,0915-1530|1815-1915:,2026-07-30,,NSE:CELEBRITY-EQ,10,10,13162,CELEBRITY,13162,-1.0,XX,101000000013162,,0,0.0
101000000018811,CELLECOR GADGETS LIMITED,0,3000,0.05,INE0OMO01025,0915-1530|1815-1915:,2026-07-30,,NSE:CELLECOR-ST,10,10,18811,CELLECOR,18811,-1.0,XX,101000000018811,,0,0.0
101000000019795,CELLO WORLD LIMITED,0,1,0.05,INE0LMW01024,0915-1530|1815-1915:,2026-07-30,,NSE:CELLO-EQ,10,10,19795,CELLO,19795,-1.0,XX,101000000019795,,1,3.3
101000000016950,CELL POINT (INDIA) LTD,0,1200,0.05,INE0O0001013,0915-1530|1815-1915:,2026-07-30,,NSE:CELLPOINT-SM,10,10,16950,CELLPOINT,16950,-1.0,XX,101000000016950,,0,0.0
10100000005622,CEMINDIA PROJECTS LIMITED,0,1,0.1,INE686A01026,0915-1530|1815-1915:,2026-07-30,,NSE:CEMPRO-EQ,10,10,5622,CEMPRO,5622,-1.0,XX,10100000005622,,1,1.0
1010000000619,CENTURY ENKA LTD,0,1,0.05,INE485A01015,0915-1530|1815-1915:,2026-07-30,,NSE:CENTENKA-EQ,10,10,619,CENTENKA,619,-1.0,XX,1010000000619,,1,2.0
101000000011511,CENTURY EXTRUSIONS LTD,0,1,0.01,INE281A01026,0915-1530|1815-1915:,2026-07-30,,NSE:CENTEXT-EQ,10,10,11511,CENTEXT,11511,-1.0,XX,101000000011511,,0,0.0
101000000014894,CENTRAL BANK OF INDIA,0,1,0.01,INE483A01010,0915-1530|1815-1915:,2026-07-30,,NSE:CENTRALBK-EQ,10,10,14894,CENTRALBK,14894,-1.0,XX,101000000014894,,1,3.1
10100000002454,CENTRUM CAPITAL LIMITED,0,1,0.01,INE660C01027,0915-1530|1815-1915:,2026-07-30,,NSE:CENTRUM-EQ,10,10,2454,CENTRUM,2454,-1.0,XX,10100000002454,,1,2.0
101000000014982,CENTUM ELECTRONICS LTD,0,1,0.1,INE320B01020,0915-1530|1815-1915:,2026-07-30,,NSE:CENTUM-EQ,10,10,14982,CENTUM,14982,-1.0,XX,101000000014982,,1,2.6
101000000013305,CENTURY PLYBOARDS (I) LTD,0,1,0.05,INE348B01021,0915-1530|1815-1915:,2026-07-30,,NSE:CENTURYPLY-EQ,10,10,13305,CENTURYPLY,13305,-1.0,XX,101000000013305,,1,2.0
101000000015039,CERA SANITARYWARE LTD,0,1,0.5,INE739E01017,0915-1530|1815-1915:,2026-07-30,,NSE:CERA-EQ,10,10,15039,CERA,15039,-1.0,XX,101000000015039,,1,3.3
101000000029016,CEREBRA INT TECH LTD,0,1,0.01,INE345B01019,0915-1530|1815-1915:,2026-07-30,,NSE:CEREBRAINT-BZ,10,10,29016,CEREBRAINT,29016,-1.0,XX,101000000029016,,0,0.0
1010000000628,CESC LTD,0,1,0.01,INE486A01021,0915-1530|1815-1915:,2026-07-30,,NSE:CESC-EQ,10,10,628,CESC,628,-1.0,XX,1010000000628,,1,3.3
101000000028764,CONCORD ENVIRO SYSTEMS L,0,1,0.05,INE037Z01029,0915-1530|1815-1915:,2026-07-30,,NSE:CEWATER-EQ,10,10,28764,CEWATER,28764,-1.0,XX,101000000028764,,1,2.0
101000000020329,CAPRI GLOBAL CAPITAL LTD,0,1,0.01,INE180C01042,0915-1530|1815-1915:,2026-07-30,,NSE:CGCL-EQ,10,10,20329,CGCL,20329,-1.0,XX,101000000020329,,1,2.9
1010000000760,CG POWER AND IND SOL LTD,0,1,0.05,INE067A01029,0915-1530|1815-1915:,2026-07-30,,NSE:CGPOWER-EQ,10,10,760,CGPOWER,760,-1.0,XX,1010000000760,,1,3.1
101000000023468,CREATIVE GRAPHICS S IND L,0,800,0.05,INE0R7401011,0915-1530|1815-1915:,2026-07-30,,NSE:CGRAPHICS-SM,10,10,23468,CGRAPHICS,23468,-1.0,XX,101000000023468,,0,0.0
10100000008546,CHALET HOTELS LIMITED,0,1,0.05,INE427F01016,0915-1530|1815-1915:,2026-07-30,,NSE:CHALET-EQ,10,10,8546,CHALET,8546,-1.0,XX,10100000008546,,1,3.3
1010000000637,CHAMBAL FERTILIZERS LTD,0,1,0.05,INE085A01013,0915-1530|1815-1915:,2026-07-30,,NSE:CHAMBLFERT-EQ,10,10,637,CHAMBLFERT,637,-1.0,XX,1010000000637,,1,3.2
101000000029541,CHAMUNDA ELECTRICAL LTD,0,3000,0.05,INE11HG01018,0915-1530|1815-1915:,2026-07-30,,NSE:CHAMUNDA-SM,10,10,29541,CHAMUNDA,29541,-1.0,XX,101000000029541,,0,0.0
101000000029633,CHANDAN HEALTHCARE LTD,0,800,0.05,INE0B2N01016,0915-1530|1815-1915:,2026-07-30,,NSE:CHANDAN-SM,10,10,29633,CHANDAN,29633,-1.0,XX,101000000029633,,0,0.0
101000000018654,CHAVDA INFRA LIMITED,0,1000,0.05,INE0PT101017,0915-1530|1815-1915:,2026-07-30,,NSE:CHAVDA-SM,10,10,18654,CHAVDA,18654,-1.0,XX,101000000018654,,0,0.0
101000000014620,CHEMBOND MATERIALTECH LTD,0,1,0.01,INE995D01025,0915-1530|1815-1915:,2026-07-30,,NSE:CHEMBOND-BE,10,10,14620,CHEMBOND,14620,-1.0,XX,101000000014620,,0,0.0
1010000000757991,CHEMBOND CHEMICAL LIMITED,0,1,0.01,INE0TGX01019,0915-1530|1815-1915:,2026-07-30,,NSE:CHEMBONDCH-BE,10,10,757991,CHEMBONDCH,757991,-1.0,XX,1010000000757991,,0,0.0
1010000000276,CHEMCON SPECIAL CHEM LTD,0,1,0.01,INE03YM01018,0915-1530|1815-1915:,2026-07-30,,NSE:CHEMCON-BE,10,10,276,CHEMCON,276,-1.0,XX,1010000000276,,1,1.0
10100000002815,CHEMFAB ALKALIS LIMITED,0,1,0.05,INE783X01023,0915-1530|1815-1915:,2026-07-30,,NSE:CHEMFAB-BE,10,10,2815,CHEMFAB,2815,-1.0,XX,10100000002815,,0,0.0
10100000005449,CHEMPLAST SANMAR LIMITED,0,1,0.01,INE488A01050,0915-1530|1815-1915:,2026-07-30,,NSE:CHEMPLASTS-EQ,10,10,5449,CHEMPLASTS,5449,-1.0,XX,10100000005449,,1,2.7
10100000002049,CHENNAI PETROLEUM CORP LT,0,1,0.1,INE178A01016,0915-1530|1815-1915:,2026-07-30,,NSE:CHENNPETRO-EQ,10,10,2049,CHENNPETRO,2049,-1.0,XX,10100000002049,,1,2.6
101000000024628,CHETANA EDUCATION LIMITED,0,1600,0.05,INE0U1T01012,0915-1530|1815-1915:,2026-07-30,,NSE:CHETANA-ST,10,10,24628,CHETANA,24628,-1.0,XX,101000000024628,,0,0.0
10100000009879,CHEVIOT COMPANY LIMITED,0,1,0.1,INE974B01016,0915-1530|1815-1915:,2026-07-30,,NSE:CHEVIOT-EQ,10,10,9879,CHEVIOT,9879,-1.0,XX,10100000009879,,0,0.0
10100000008866,CHOICE INTERNATIONAL LTD,0,1,0.05,INE102B01014,0915-1530|1815-1915:,2026-07-30,,NSE:CHOICEIN-EQ,10,10,8866,CHOICEIN,8866,-1.0,XX,10100000008866,,1,3.2
1010000000685,CHOLAMANDALAM IN & FIN CO,0,1,0.1,INE121A01024,0915-1530|1815-1915:,2026-07-30,,NSE:CHOLAFIN-EQ,10,10,685,CHOLAFIN,685,-1.0,XX,1010000000685,,1,3.1
101000000021740,CHOLAMANDALAM FIN HOL LTD,0,1,0.1,INE149A01033,0915-1530|1815-1915:,2026-07-30,,NSE:CHOLAHLDNG-EQ,10,10,21740,CHOLAHLDNG,21740,-1.0,XX,101000000021740,,1,3.0
101000000014937,CIE AUTOMOTIVE INDIA LTD,0,1,0.05,INE536H01010,0915-1530|1815-1915:,2026-07-30,,NSE:CIEINDIA-EQ,10,10,14937,CIEINDIA,14937,-1.0,XX,101000000014937,,1,3.2
1010000000756015,CAPITAL INDIA FINANCE LTD,0,1,0.01,INE345H01024,0915-1530|1815-1915:,2026-07-30,,NSE:CIFL-EQ,10,10,756015,CIFL,756015,-1.0,XX,1010000000756015,,0,0.0
101000000027161,CINELINE INDIA LIMITED,0,1,0.01,INE704H01022,0915-1530|1815-1915:,2026-07-30,,NSE:CINELINE-EQ,10,10,27161,CINELINE,27161,-1.0,XX,101000000027161,,0,0.0
10100000008024,CINEVISTA LIMITED,0,1,0.01,INE039B01026,0915-1530|1815-1915:,2026-07-30,,NSE:CINEVISTA-EQ,10,10,8024,CINEVISTA,8024,-1.0,XX,10100000008024,,0,0.0
1010000000694,CIPLA LTD,0,1,0.1,INE059A01026,0915-1530|1815-1915:,2026-07-30,,NSE:CIPLA-EQ,10,10,694,CIPLA,694,-1.0,XX,1010000000694,,1,3.7
1010000000763149,CITIUS TRANSNET INV TRUST,0,1,0.01,INE2Q7823014,0915-1530|1815-1915:,2026-07-30,,NSE:CITIUSINVT-IV,10,10,763149,CITIUSINVT,763149,-1.0,XX,1010000000763149,,0,0.0
1010000000760854,C K K RETAIL MART LIMITED,0,800,0.05,INE0SMX01019,0915-1530|1815-1915:,2026-07-30,,NSE:CKKRETAIL-SM,10,10,760854,CKKRETAIL,760854,-1.0,XX,1010000000760854,,0,0.0
1010000000758739,CLASSIC ELECTRODE (IND) L,0,1600,0.05,INE0UQ601012,0915-1530|1815-1915:,2026-07-30,,NSE:CLASSICEIL-ST,10,10,758739,CLASSICEIL,758739,-1.0,XX,1010000000758739,,0,0.0
1010000000754695,CLAY CRAFT INDIA LIMITED,0,600,0.05,INE1QGM01024,0915-1530|1815-1915:,2026-07-30,,NSE:CLAYCRAFT-SM,10,10,754695,CLAYCRAFT,754695,-1.0,XX,1010000000754695,,0,0.0
10100000005049,CLEAN SCIENCE & TECH LTD,0,1,0.05,INE227W01023,0915-1530|1815-1915:,2026-07-30,,NSE:CLEAN-EQ,10,10,5049,CLEAN,5049,-1.0,XX,10100000005049,,1,3.2
1010000000760183,CLEAN MAX ENVIRO EN SOL L,0,1,0.1,INE647U01026,0915-1530|1815-1915:,2026-07-30,,NSE:CLEANMAX-EQ,10,10,760183,CLEANMAX,760183,-1.0,XX,1010000000760183,,1,3.0
101000000020233,CL EDUCATE LIMITED,0,1,0.01,INE201M01029,0915-1530|1815-1915:,2026-07-30,,NSE:CLEDUCATE-BE,10,10,20233,CLEDUCATE,20233,-1.0,XX,101000000020233,,0,0.0
10100000003482,CHAMAN LAL SETIA EXP LTD,0,1,0.05,INE419D01026,0915-1530|1815-1915:,2026-07-30,,NSE:CLSEL-EQ,10,10,3482,CLSEL,3482,-1.0,XX,10100000003482,,1,2.8
101000000018260,CROP LIFE SCIENCE LIMITED,0,2000,0.05,INE00NH01017,0915-1530|1815-1915:,2026-07-30,,NSE:CLSL-SM,10,10,18260,CLSL,18260,-1.0,XX,101000000018260,,0,0.0
1010000000764255,CALIBER MINING AND LOG L,0,1,0.05,INE11XY01018,0915-1530|1815-1915:,2026-07-30,,NSE:CMLL-EQ,10,10,764255,CMLL,764255,-1.0,XX,1010000000764255,,0,0.0
101000000013731,CHAMAN METALLICS LIMITED,0,750,0.05,INE06PV01010,0915-1530|1815-1915:,2026-07-30,,NSE:CMNL-SM,10,10,13731,CMNL,13731,-1.0,XX,101000000013731,,0,0.0
1010000000761581,CENTRAL MINE P N D INST L,0,1,0.01,INE05HV01027,0915-1530|1815-1915:,2026-07-30,,NSE:CMPDI-EQ,10,10,761581,CMPDI,761581,-1.0,XX,1010000000761581,,1,3.3
101000000030893,CMR GREEN TECHNOLOGIES L,0,1,0.05,INE00WV01027,0915-1530|1815-1915:,2026-07-30,,NSE:CMRGREEN-EQ,10,10,30893,CMRGREEN,30893,-1.0,XX,101000000030893,,1,3.7
101000000011447,CYBER MEDIA RES & SER LTD,0,800,0.05,INE075Z01011,0915-1530|1815-1915:,2026-07-30,,NSE:CMRSL-SM,10,10,11447,CMRSL,11447,-1.0,XX,101000000011447,,0,0.0
10100000007603,CMS INFO SYSTEMS LIMITED,0,1,0.05,INE925R01014,0915-1530|1815-1915:,2026-07-30,,NSE:CMSINFO-EQ,10,10,7603,CMSINFO,7603,-1.0,XX,10100000007603,,1,3.4
101000000011155,CREATIVE NEWTECH LIMITED,0,1,0.05,INE985W01018,0915-1530|1815-1915:,2026-07-30,,NSE:CNL-EQ,10,10,11155,CNL,11155,-1.0,XX,101000000011155,,1,2.0
101000000020374,COAL INDIA LTD,0,1,0.05,INE522F01014,0915-1530|1815-1915:,2026-07-30,,NSE:COALINDIA-EQ,10,10,20374,COALINDIA,20374,-1.0,XX,101000000020374,,1,3.6
10100000006006,COASTAL CORPORATION LTD,0,1,0.01,INE377E01024,0915-1530|1815-1915:,2026-07-30,,NSE:COASTCORP-EQ,10,10,6006,COASTCORP,6006,-1.0,XX,10100000006006,,0,0.0
101000000021508,COCHIN SHIPYARD LIMITED,0,1,0.1,INE704P01025,0915-1530|1815-1915:,2026-07-30,,NSE:COCHINSHIP-EQ,10,10,21508,COCHINSHIP,21508,-1.0,XX,101000000021508,,1,2.9
1010000000762623,JOHN COCKERILL INDIA LTD.,0,1,0.5,INE515A01019,0915-1530|1815-1915:,2026-07-30,,NSE:COCKERILL-EQ,10,10,762623,COCKERILL,762623,-1.0,XX,1010000000762623,,1,2.4
101000000011169,COFFEE DAY ENTERPRISE LTD,0,1,0.01,INE335K01011,0915-1530|1815-1915:,2026-07-30,,NSE:COFFEEDAY-BE,10,10,11169,COFFEEDAY,11169,-1.0,XX,101000000011169,,0,0.0
101000000011543,COFORGE LIMITED,0,1,0.1,INE591G01025,0915-1530|1815-1915:,2026-07-30,,NSE:COFORGE-EQ,10,10,11543,COFORGE,11543,-1.0,XX,101000000011543,,1,2.9
101000000017945,COHANCE LIFESCIENCES LTD,0,1,0.05,INE03QK01018,0915-1530|1815-1915:,2026-07-30,,NSE:COHANCE-EQ,10,10,17945,COHANCE,17945,-1.0,XX,101000000017945,,1,1.0
101000000015141,COLGATE PALMOLIVE LTD.,0,1,0.1,INE259A01022,0915-1530|1815-1915:,2026-07-30,,NSE:COLPAL-EQ,10,10,15141,COLPAL,15141,-1.0,XX,101000000015141,,1,3.6
1010000000762628,COMFORT INTECH LTD.,0,1,0.01,INE819A01049,0915-1530|1815-1915:,2026-07-30,,NSE:COMFINTE-EQ,10,10,762628,COMFINTE,762628,-1.0,XX,1010000000762628,,0,0.0
101000000019516,COMMITTED CARGO CARE LTD,0,800,0.05,INE597Z01014,0915-1530|1815-1915:,2026-07-30,,NSE:COMMITTED-ST,10,10,19516,COMMITTED,19516,-1.0,XX,101000000019516,,0,0.0
101000000019670,COMPUAGE INFOCOM LTD,0,1,0.01,INE070C01037,0915-1530|1815-1915:,2026-07-30,,NSE:COMPINFO-BZ,10,10,19670,COMPINFO,19670,-1.0,XX,101000000019670,,0,0.0
101000000031138,COMPUCOM SOFTWARE LTD,0,1,0.01,INE453B01029,0915-1530|1815-1915:,2026-07-30,,NSE:COMPUSOFT-EQ,10,10,31138,COMPUSOFT,31138,-1.0,XX,101000000031138,,0,0.0
101000000021578,COMMERCIAL SYN BAGS LTD,0,1,0.01,INE073V01015,0915-1530|1815-1915:,2026-07-30,,NSE:COMSYN-EQ,10,10,21578,COMSYN,21578,-1.0,XX,101000000021578,,1,2.0
10100000004749,CONTAINER CORP OF IND LTD,0,1,0.05,INE111A01025,0915-1530|1815-1915:,2026-07-30,,NSE:CONCOR-EQ,10,10,4749,CONCOR,4749,-1.0,XX,10100000004749,,1,3.3
101000000018060,CONCORD BIOTECH LIMITED,0,1,0.1,INE338H01029,0915-1530|1815-1915:,2026-07-30,,NSE:CONCORDBIO-EQ,10,10,18060,CONCORDBIO,18060,-1.0,XX,101000000018060,,1,2.9
101000000010238,CONFIDENCE PETRO IND LTD.,0,1,0.01,INE552D01024,0915-1530|1815-1915:,2026-07-30,,NSE:CONFIPET-EQ,10,10,10238,CONFIPET,10238,-1.0,XX,101000000010238,,1,2.3
1010000000758453,CONNPLEX CINEMAS LIMITED,0,800,0.05,INE0EAS01014,0915-1530|1815-1915:,2026-07-30,,NSE:CONNPLEX-SM,10,10,758453,CONNPLEX,758453,-1.0,XX,1010000000758453,,0,0.0
101000000011732,CONSO. FIN. & HOLD. LTD.,0,1,0.01,INE025A01027,0915-1530|1815-1915:,2026-07-30,,NSE:CONSOFINVT-BE,10,10,11732,CONSOFINVT,11732,-1.0,XX,101000000011732,,0,0.0
10100000002531,CONTINENTAL SEED CHEM LTD,0,3333,0.05,INE340Z01019,0915-1530|1815-1915:,2026-07-30,,NSE:CONTI-SM,10,10,2531,CONTI,2531,-1.0,XX,10100000002531,,0,0.0
101000000017477,CONTROL PRINT LIMITED,0,1,0.05,INE663B01015,0915-1530|1815-1915:,2026-07-30,,NSE:CONTROLPR-EQ,10,10,17477,CONTROLPR,17477,-1.0,XX,101000000017477,,1,2.0
10100000008567,COOL CAPS INDUSTRIES LTD,0,1250,0.05,INE0HS001028,0915-1530|1815-1915:,2026-07-30,,NSE:COOLCAPS-ST,10,10,8567,COOLCAPS,8567,-1.0,XX,10100000008567,,0,0.0
10100000004007,CORAL INDIA FIN & HOUS LT,0,1,0.01,INE558D01021,0915-1530|1815-1915:,2026-07-30,,NSE:CORALFINAC-EQ,10,10,4007,CORALFINAC,4007,-1.0,XX,10100000004007,,0,0.0
1010000000762163,WATERWAYS LEISURE TOUR L,0,1,0.05,INE0LZF01013,0915-1530|1815-1915:,2026-07-30,,NSE:CORDELIA-EQ,10,10,762163,CORDELIA,762163,-1.0,XX,1010000000762163,,0,0.0
101000000015275,CORDS CABLE INDUS LTD.,0,1,0.01,INE792I01017,0915-1530|1815-1915:,2026-07-30,,NSE:CORDSCABLE-BE,10,10,15275,CORDSCABLE,15275,-1.0,XX,101000000015275,,0,0.0
1010000000739,COROMANDEL INTERNTL. LTD,0,1,0.1,INE169A01031,0915-1530|1815-1915:,2026-07-30,,NSE:COROMANDEL-EQ,10,10,739,COROMANDEL,739,-1.0,XX,1010000000739,,1,3.2
1010000000760254,CORONA REMEDIES LIMITED,0,1,0.1,INE02ZQ01018,0915-1530|1815-1915:,2026-07-30,,NSE:CORONA-EQ,10,10,760254,CORONA,760254,-1.0,XX,1010000000760254,,1,3.6
1010000000742,COSMO FIRST LIMITED,0,1,0.05,INE757A01017,0915-1530|1815-1915:,2026-07-30,,NSE:COSMOFIRST-EQ,10,10,742,COSMOFIRST,742,-1.0,XX,1010000000742,,1,2.0
101000000016986,COUNTRY CONDO S LIMITED,0,1,0.01,INE695B01025,0915-1530|1815-1915:,2026-07-30,,NSE:COUNCODOS-EQ,10,10,16986,COUNCODOS,16986,-1.0,XX,101000000016986,,0,0.0
101000000020090,CP CAPITAL LIMITED,0,1,0.01,INE521J01018,0915-1530|1815-1915:,2026-07-30,,NSE:CPCAP-BE,10,10,20090,CPCAP,20090,-1.0,XX,101000000020090,,0,0.0
1010000000758941,CAREER POINT EDUTECH LTD,0,1,0.01,INE0P6P01016,0915-1530|1815-1915:,2026-07-30,,NSE:CPEDU-EQ,10,10,758941,CPEDU,758941,-1.0,XX,1010000000758941,,0,0.0
1010000000764203,CAPTAIN POLYPLAST LIMITED,0,1,0.01,INE536P01021,0915-1530|1815-1915:,2026-07-30,,NSE:CPL-EQ,10,10,764203,CPL,764203,-1.0,XX,1010000000764203,,0,0.0
1010000000758858,ADITYA INFOTECH LIMITED,0,1,0.1,INE819V01029,0915-1530|1815-1915:,2026-07-30,,NSE:CPPLUS-EQ,10,10,758858,CPPLUS,758858,-1.0,XX,1010000000758858,,1,1.0
101000000018372,C P S SHAPERS LIMITED,0,150,0.05,INE0QBU01012,0915-1530|1815-1915:,2026-07-30,,NSE:CPS-SM,10,10,18372,CPS,18372,-1.0,XX,101000000018372,,0,0.0
10100000002854,CRAFTSMAN AUTOMATION LTD,0,1,0.5,INE00LO01017,0915-1530|1815-1915:,2026-07-30,,NSE:CRAFTSMAN-EQ,10,10,2854,CRAFTSMAN,2854,-1.0,XX,10100000002854,,1,3.0
1010000000759311,CANARA ROBECO AMC LIMITED,0,1,0.01,INE218I01013,0915-1530|1815-1915:,2026-07-30,,NSE:CRAMC-EQ,10,10,759311,CRAMC,759311,-1.0,XX,1010000000759311,,1,2.0
101000000016419,CRAYONS ADVERTISING LTD,0,1000,0.05,INE0OFK01019,0915-1530|1815-1915:,2026-07-30,,NSE:CRAYONS-SM,10,10,16419,CRAYONS,16419,-1.0,XX,101000000016419,,0,0.0
10100000009384,CREATIVE EYE LIMITED,0,1,0.01,INE230B01021,0915-1530|1815-1915:,2026-07-30,,NSE:CREATIVEYE-EQ,10,10,9384,CREATIVEYE,9384,-1.0,XX,10100000009384,,0,0.0
10100000004421,CREDITACCESS GRAMEEN LTD,0,1,0.1,INE741K01010,0915-1530|1815-1915:,2026-07-30,,NSE:CREDITACC-EQ,10,10,4421,CREDITACC,4421,-1.0,XX,10100000004421,,1,2.9
101000000013900,CREST VENTURES LIMITED,0,1,0.05,INE559D01011,0915-1530|1815-1915:,2026-07-30,,NSE:CREST-EQ,10,10,13900,CREST,13900,-1.0,XX,101000000013900,,0,0.0
1010000000757,CRISIL LTD,0,1,0.1,INE007A01025,0915-1530|1815-1915:,2026-07-30,,NSE:CRISIL-EQ,10,10,757,CRISIL,757,-1.0,XX,1010000000757,,1,3.3
1010000000757850,CRIZAC LIMITED,0,1,0.01,INE0S4R01014,0915-1530|1815-1915:,2026-07-30,,NSE:CRIZAC-EQ,10,10,757850,CRIZAC,757850,-1.0,XX,1010000000757850,,1,2.0
101000000017094,CROMPT GREA CON ELEC LTD,0,1,0.05,INE299U01018,0915-1530|1815-1915:,2026-07-30,,NSE:CROMPTON-EQ,10,10,17094,CROMPTON,17094,-1.0,XX,101000000017094,,1,3.3
10100000008083,CROWN LIFTERS LIMITED,0,1,0.01,INE491V01019,0915-1530|1815-1915:,2026-07-30,,NSE:CROWN-EQ,10,10,8083,CROWN,8083,-1.0,XX,10100000008083,,0,0.0
101000000014966,CSB BANK LIMITED,0,1,0.05,INE679A01013,0915-1530|1815-1915:,2026-07-30,,NSE:CSBBANK-EQ,10,10,14966,CSBBANK,14966,-1.0,XX,101000000014966,,1,2.9
101000000010350,CSL FINANCE LIMITED,0,1,0.01,INE718F01018,0915-1530|1815-1915:,2026-07-30,,NSE:CSLFINANCE-EQ,10,10,10350,CSLFINANCE,10350,-1.0,XX,101000000010350,,0,0.0
1010000000763753,CSM TECHNOLOGIES LIMITED,0,1,0.01,INE0ZK601013,0915-1530|1815-1915:,2026-07-30,,NSE:CSM-EQ,10,10,763753,CSM,763753,-1.0,XX,1010000000763753,,0,0.0
1010000000760143,CLEAR SECURED SERVICES L,0,1000,0.05,INE1EF801010,0915-1530|1815-1915:,2026-07-30,,NSE:CSSL-SM,10,10,760143,CSSL,760143,-1.0,XX,1010000000760143,,0,0.0
101000000014218,CAMBRIDGE TECH ENTER LTD,0,1,0.01,INE627H01017,0915-1530|1815-1915:,2026-07-30,,NSE:CTE-EQ,10,10,14218,CTE,14218,-1.0,XX,101000000014218,,0,0.0
10100000005701,CITY UNION BANK LTD,0,1,0.01,INE491A01021,0915-1530|1815-1915:,2026-07-30,,NSE:CUB-EQ,10,10,5701,CUB,5701,-1.0,XX,10100000005701,,1,3.0
101000000015078,CUBE HIGHWAYS TRUST,0,1,0.01,INE0NR623014,0915-1530|1815-1915:,2026-07-30,,NSE:CUBEINVIT-IV,10,10,15078,CUBEINVIT,15078,-1.0,XX,101000000015078,,0,0.0
10100000004064,CUBEX TUBINGS LTD,0,1,0.01,INE144D01012,0915-1530|1815-1915:,2026-07-30,,NSE:CUBEXTUB-EQ,10,10,4064,CUBEXTUB,4064,-1.0,XX,10100000004064,,0,0.0
1010000000758156,CASH UR DRIVE MARKETING L,0,1000,0.05,INE0WL201014,0915-1530|1815-1915:,2026-07-30,,NSE:CUDML-ST,10,10,758156,CUDML,758156,-1.0,XX,1010000000758156,,0,0.0
10100000001901,CUMMINS INDIA LTD,0,1,0.5,INE298A01020,0915-1530|1815-1915:,2026-07-30,,NSE:CUMMINSIND-EQ,10,10,1901,CUMMINSIND,1901,-1.0,XX,10100000001901,,1,3.3
101000000018520,CUPID LIMITED,0,1,0.01,INE509F01029,0915-1530|1815-1915:,2026-07-30,,NSE:CUPID-EQ,10,10,18520,CUPID,18520,-1.0,XX,101000000018520,,1,1.0
101000000030189,CURA TECHNOLOGIES LIMITED,0,1,0.01,INE117B01020,0915-1530|1815-1915:,2026-07-30,,NSE:CURAA-EQ,10,10,30189,CURAA,30189,-1.0,XX,101000000030189,,0,0.0
1010000000759825,CURIS LIFESCIENCES LTD,0,1000,0.05,INE1BZN01016,0915-1530|1815-1915:,2026-07-30,,NSE:CURIS-SM,10,10,759825,CURIS,759825,-1.0,XX,1010000000759825,,0,0.0
1010000000758964,CURRENT INFRAPROJECTS LTD,0,1600,0.05,INE1CRQ01014,0915-1530|1815-1915:,2026-07-30,,NSE:CURRENT-SM,10,10,758964,CURRENT,758964,-1.0,XX,1010000000758964,,0,0.0
101000000011845,CYBER MEDIA (INDIA) LTD.,0,1,0.01,INE278G01037,0915-1530|1815-1915:,2026-07-30,,NSE:CYBERMEDIA-BE,10,10,11845,CYBERMEDIA,11845,-1.0,XX,101000000011845,,0,0.0
10100000006054,CYBERTECH SYSTEMS & SOFTW,0,1,0.01,INE214A01019,0915-1530|1815-1915:,2026-07-30,,NSE:CYBERTECH-BE,10,10,6054,CYBERTECH,6054,-1.0,XX,10100000006054,,0,0.0
10100000005748,CYIENT LIMITED,0,1,0.05,INE136B01020,0915-1530|1815-1915:,2026-07-30,,NSE:CYIENT-EQ,10,10,5748,CYIENT,5748,-1.0,XX,10100000005748,,1,3.1
101000000017187,CYIENT DLM LIMITED,0,1,0.05,INE055S01018,0915-1530|1815-1915:,2026-07-30,,NSE:CYIENTDLM-EQ,10,10,17187,CYIENTDLM,17187,-1.0,XX,101000000017187,,1,1.6
1010000000772,DABUR INDIA LTD,0,1,0.05,INE016A01026,0915-1530|1815-1915:,2026-07-30,,NSE:DABUR-EQ,10,10,772,DABUR,772,-1.0,XX,1010000000772,,1,3.7
1010000000762636,DAI-ICHI KARKARIA LTD.,0,1,0.05,INE928C01010,0915-1530|1815-1915:,2026-07-30,,NSE:DAICHI-BE,10,10,762636,DAICHI,762636,-1.0,XX,1010000000762636,,0,0.0
10100000008075,DALMIA BHARAT LIMITED,0,1,0.1,INE00R701025,0915-1530|1815-1915:,2026-07-30,,NSE:DALBHARAT-EQ,10,10,8075,DALBHARAT,8075,-1.0,XX,10100000008075,,1,3.4
1010000000781,DALMIA BHARAT SUG IN LTD,0,1,0.05,INE495A01022,0915-1530|1815-1915:,2026-07-30,,NSE:DALMIASUG-EQ,10,10,781,DALMIASUG,781,-1.0,XX,1010000000781,,1,2.0
101000000028662,DAM CAPITAL ADVISORS LTD,0,1,0.01,INE284H01025,0915-1530|1815-1915:,2026-07-30,,NSE:DAMCAPITAL-EQ,10,10,28662,DAMCAPITAL,28662,-1.0,XX,101000000028662,,1,2.0
101000000017569,DAMODAR INDUSTRIES LTD,0,1,0.01,INE497D01022,0915-1530|1815-1915:,2026-07-30,,NSE:DAMODARIND-BE,10,10,17569,DAMODARIND,17569,-1.0,XX,101000000017569,,0,0.0
10100000001110,DANGEE DUMS LIMITED,0,1,0.01,INE688Y01022,0915-1530|1815-1915:,2026-07-30,,NSE:DANGEE-EQ,10,10,1110,DANGEE,1110,-1.0,XX,10100000001110,,0,0.0
101000000025927,DANISH POWER LIMITED,0,150,0.05,INE0YU901016,0915-1530|1815-1915:,2026-07-30,,NSE:DANISH-SM,10,10,25927,DANISH,25927,-1.0,XX,101000000025927,,0,0.0
101000000011423,DATAMATICS GLOBAL SER LTD,0,1,0.05,INE365B01017,0915-1530|1815-1915:,2026-07-30,,NSE:DATAMATICS-EQ,10,10,11423,DATAMATICS,11423,-1.0,XX,101000000011423,,1,2.0
10100000007358,DATA PATTERNS INDIA LTD,0,1,0.1,INE0IX101010,0915-1530|1815-1915:,2026-07-30,,NSE:DATAPATTNS-EQ,10,10,7358,DATAPATTNS,7358,-1.0,XX,10100000007358,,1,2.5
101000000021794,DAVANGERE SUGAR COMPANY L,0,1,0.01,INE179G01029,0915-1530|1815-1915:,2026-07-30,,NSE:DAVANGERE-EQ,10,10,21794,DAVANGERE,21794,-1.0,XX,101000000021794,,1,2.0
101000000017881,D.B.CORP LTD,0,1,0.01,INE950I01011,0915-1530|1815-1915:,2026-07-30,,NSE:DBCORP-EQ,10,10,17881,DBCORP,17881,-1.0,XX,101000000017881,,1,2.0
101000000025894,DEEPAK BUILDERS & ENG I L,0,1,0.01,INE0OPA01027,0915-1530|1815-1915:,2026-07-30,,NSE:DBEIL-BE,10,10,25894,DBEIL,25894,-1.0,XX,101000000025894,,0,0.0
101000000018086,DILIP BUILDCON LIMITED,0,1,0.05,INE917M01012,0915-1530|1815-1915:,2026-07-30,,NSE:DBL-EQ,10,10,18086,DBL,18086,-1.0,XX,101000000018086,,1,2.9
101000000010893,DHAMPUR BIO ORGANICS LTD,0,1,0.01,INE0I3401014,0915-1530|1815-1915:,2026-07-30,,NSE:DBOL-EQ,10,10,10893,DBOL,10893,-1.0,XX,101000000010893,,0,0.0
101000000018128,VALOR ESTATE LIMITED,0,1,0.01,INE879I01012,0915-1530|1815-1915:,2026-07-30,,NSE:DBREALTY-BE,10,10,18128,DBREALTY,18128,-1.0,XX,101000000018128,,1,1.0
101000000031111,DB (INT) STOCK BROKERS,0,1,0.01,INE921B01025,0915-1530|1815-1915:,2026-07-30,,NSE:DBSTOCKBRO-BE,10,10,31111,DBSTOCKBRO,31111,-1.0,XX,101000000031111,,0,0.0
101000000021704,DISHMAN CARBO AMCIS LTD,0,1,0.01,INE385W01011,0915-1530|1815-1915:,2026-07-30,,NSE:DCAL-EQ,10,10,21704,DCAL,21704,-1.0,XX,101000000021704,,1,2.0
101000000013725,DCB BANK LIMITED,0,1,0.01,INE503A01015,0915-1530|1815-1915:,2026-07-30,,NSE:DCBBANK-EQ,10,10,13725,DCBBANK,13725,-1.0,XX,101000000013725,,1,3.0
1010000000757107,DAR CREDIT & CAPITAL LTD,0,2000,0.05,INE04Q901010,0915-1530|1815-1915:,2026-07-30,,NSE:DCCL-SM,10,10,757107,DCCL,757107,-1.0,XX,1010000000757107,,0,0.0
101000000023520,DCG CABLES & WIRES LTD,0,1200,0.05,INE0S8401018,0915-1530|1815-1915:,2026-07-30,,NSE:DCG-SM,10,10,23520,DCG,23520,-1.0,XX,101000000023520,,0,0.0
101000000011566,DC INFOTECH AND COMUN LTD,0,1,0.05,INE0A1101019,0915-1530|1815-1915:,2026-07-30,,NSE:DCI-EQ,10,10,11566,DCI,11566,-1.0,XX,101000000011566,,0,0.0
10100000007323,DCM LIMITED,0,1,0.01,INE498A01018,0915-1530|1815-1915:,2026-07-30,,NSE:DCM-BE,10,10,7323,DCM,7323,-1.0,XX,10100000007323,,0,0.0
10100000004775,DCM FINANCIAL SERVICES LT,0,1,0.01,INE891B01012,0915-1530|1815-1915:,2026-07-30,,NSE:DCMFINSERV-EQ,10,10,4775,DCMFINSERV,4775,-1.0,XX,10100000004775,,0,0.0
101000000011041,DCM NOUVELLE LIMITED,0,1,0.01,INE08KP01019,0915-1530|1815-1915:,2026-07-30,,NSE:DCMNVL-BE,10,10,11041,DCMNVL,11041,-1.0,XX,101000000011041,,0,0.0
1010000000811,DCM SHRIRAM LIMITED,0,1,0.1,INE499A01024,0915-1530|1815-1915:,2026-07-30,,NSE:DCMSHRIRAM-EQ,10,10,811,DCMSHRIRAM,811,-1.0,XX,1010000000811,,1,3.2
1010000000760898,DCM SHRIRAM INTERNATNL L,0,1,0.01,INE0OU201013,0915-1530|1815-1915:,2026-07-30,,NSE:DCMSIL-BE,10,10,760898,DCMSIL,760898,-1.0,XX,1010000000760898,,0,0.0
10100000007325,DCM SHRIRAM IND LTD,0,1,0.01,INE843D01027,0915-1530|1815-1915:,2026-07-30,,NSE:DCMSRIND-EQ,10,10,7325,DCMSRIND,7325,-1.0,XX,10100000007325,,0,0.0
1010000000817,DCW LTD,0,1,0.01,INE500A01029,0915-1530|1815-1915:,2026-07-30,,NSE:DCW-EQ,10,10,817,DCW,817,-1.0,XX,1010000000817,,1,2.0
101000000011895,DCX SYSTEMS LIMITED,0,1,0.01,INE0KL801015,0915-1530|1815-1915:,2026-07-30,,NSE:DCXINDIA-EQ,10,10,11895,DCXINDIA,11895,-1.0,XX,101000000011895,,1,2.6
101000000029098,DDEV PLASTIKS IND LTD,0,1,0.05,INE0HR601026,0915-1530|1815-1915:,2026-07-30,,NSE:DDEVPLSTIK-EQ,10,10,29098,DDEVPLSTIK,29098,-1.0,XX,101000000029098,,1,2.0
101000000014838,DECCAN CEMENTS LIMITED,0,1,0.05,INE583C01021,0915-1530|1815-1915:,2026-07-30,,NSE:DECCANCE-EQ,10,10,14838,DECCANCE,14838,-1.0,XX,101000000014838,,1,2.0
101000000025421,DECCAN TRANSCON LEASING L,0,1200,0.05,INE0S7C01019,0915-1530|1815-1915:,2026-07-30,,NSE:DECCANTRAN-SM,10,10,25421,DECCANTRAN,25421,-1.0,XX,101000000025421,,0,0.0
1010000000762638,DECCAN GOLD MINES LTD.,0,1,0.01,INE945F01025,0915-1530|1815-1915:,2026-07-30,,NSE:DECNGOLD-EQ,10,10,762638,DECNGOLD,762638,-1.0,XX,1010000000762638,,1,2.2
101000000024156,DEE DEVELOPMENT ENG LTD,0,1,0.05,INE841L01016,0915-1530|1815-1915:,2026-07-30,,NSE:DEEDEV-BE,10,10,24156,DEEDEV,24156,-1.0,XX,101000000024156,,0,0.0
101000000022802,DEEM ROLL TECH LIMITED,0,1000,0.05,INE586O01011,0915-1530|1815-1915:,2026-07-30,,NSE:DEEM-ST,10,10,22802,DEEM,22802,-1.0,XX,101000000022802,,0,0.0
1010000000827,DEEPAK FERTILIZERS & PETR,0,1,0.1,INE501A01019,0915-1530|1815-1915:,2026-07-30,,NSE:DEEPAKFERT-EQ,10,10,827,DEEPAKFERT,827,-1.0,XX,1010000000827,,1,2.8
101000000019943,DEEPAK NITRITE LTD,0,1,0.1,INE288B01029,0915-1530|1815-1915:,2026-07-30,,NSE:DEEPAKNTR-EQ,10,10,19943,DEEPAKNTR,19943,-1.0,XX,101000000019943,,1,3.3
10100000003292,DEEP INDUSTRIES LIMITED,0,1,0.05,INE0FHS01024,0915-1530|1815-1915:,2026-07-30,,NSE:DEEPINDS-EQ,10,10,3292,DEEPINDS,3292,-1.0,XX,10100000003292,,1,2.0
101000000022527,DELAPLEX LIMITED,0,600,0.05,INE0SK801018,0915-1530|1815-1915:,2026-07-30,,NSE:DELAPLEX-SM,10,10,22527,DELAPLEX,22527,-1.0,XX,101000000022527,,0,0.0
10100000009599,DELHIVERY LIMITED,0,1,0.05,INE148O01028,0915-1530|1815-1915:,2026-07-30,,NSE:DELHIVERY-EQ,10,10,9599,DELHIVERY,9599,-1.0,XX,10100000009599,,1,3.2
101000000024395,DELPHI WORLD MONEY LTD,0,1,0.01,INE726L01027,0915-1530|1815-1915:,2026-07-30,,NSE:DELPHIFX-BE,10,10,24395,DELPHIFX,24395,-1.0,XX,101000000024395,,0,0.0
101000000015044,DELTA CORP LIMITED,0,1,0.01,INE124G01033,0915-1530|1815-1915:,2026-07-30,,NSE:DELTACORP-EQ,10,10,15044,DELTACORP,15044,-1.0,XX,101000000015044,,1,2.6
10100000001214,DELTA MANUFACTURING LTD,0,1,0.01,INE393A01011,0915-1530|1815-1915:,2026-07-30,,NSE:DELTAMAGNT-EQ,10,10,1214,DELTAMAGNT,1214,-1.0,XX,10100000001214,,0,0.0
101000000029092,DELTA AUTOCORP LIMITED,0,1000,0.05,INE0XRN01019,0915-1530|1815-1915:,2026-07-30,,NSE:DELTIC-SM,10,10,29092,DELTIC,29092,-1.0,XX,101000000029092,,0,0.0
101000000017722,DEN NETWORKS LTD,0,1,0.01,INE947J01015,0915-1530|1815-1915:,2026-07-30,,NSE:DEN-EQ,10,10,17722,DEN,17722,-1.0,XX,101000000017722,,1,2.0
101000000015449,DE NEERS TOOLS LIMITED,0,600,0.05,INE0JWV01011,0915-1530|1815-1915:,2026-07-30,,NSE:DENEERS-SM,10,10,15449,DENEERS,15449,-1.0,XX,101000000015449,,0,0.0
10100000004279,DE NORA INDIA LIMITED,0,1,0.05,INE244A01016,0915-1530|1815-1915:,2026-07-30,,NSE:DENORA-EQ,10,10,4279,DENORA,4279,-1.0,XX,10100000004279,,0,0.0
101000000029256,DENTA WATER N INFRA SOL L,0,1,0.05,INE0R4L01018,0915-1530|1815-1915:,2026-07-30,,NSE:DENTA-EQ,10,10,29256,DENTA,29256,-1.0,XX,101000000029256,,1,2.0
101000000016454,VASA DENTICITY LIMITED,0,250,0.05,INE0N5801013,0915-1530|1815-1915:,2026-07-30,,NSE:DENTALKART-SM,10,10,16454,DENTALKART,16454,-1.0,XX,101000000016454,,0,0.0
10100000006087,DESTINY LOGISTICS & I LTD,0,1500,0.05,INE0IGO01011,0915-1530|1815-1915:,2026-07-30,,NSE:DESTINY-SM,10,10,6087,DESTINY,6087,-1.0,XX,10100000006087,,0,0.0
10100000008146,DEV INFO TECHNOLOGY LTD,0,1,0.01,INE060X01034,0915-1530|1815-1915:,2026-07-30,,NSE:DEVIT-EQ,10,10,8146,DEVIT,8146,-1.0,XX,10100000008146,,0,0.0
1010000000759079,DEV ACCELERATOR LIMITED,0,1,0.01,INE0VOV01021,0915-1530|1815-1915:,2026-07-30,,NSE:DEVX-EQ,10,10,759079,DEVX,759079,-1.0,XX,1010000000759079,,0,0.0
10100000005373,DEVYANI INTERNATIONAL LTD,0,1,0.01,INE872J01023,0915-1530|1815-1915:,2026-07-30,,NSE:DEVYANI-EQ,10,10,5373,DEVYANI,5373,-1.0,XX,10100000005373,,1,3.0
101000000010346,DIGICONTENT LIMITED,0,1,0.01,INE03JI01017,0915-1530|1815-1915:,2026-07-30,,NSE:DGCONTENT-EQ,10,10,10346,DGCONTENT,10346,-1.0,XX,101000000010346,,0,0.0
1010000000857,DHAMPUR SUGAR MILLS LTD.,0,1,0.01,INE041A01016,0915-1530|1815-1915:,2026-07-30,,NSE:DHAMPURSUG-EQ,10,10,857,DHAMPURSUG,857,-1.0,XX,1010000000857,,1,2.0
101000000011359,DHANLAXMI BANK LIMITED,0,1,0.01,INE680A01011,0915-1530|1815-1915:,2026-07-30,,NSE:DHANBANK-EQ,10,10,11359,DHANBANK,11359,-1.0,XX,101000000011359,,1,2.0
101000000027723,DHANLAXMI CROP SCIENCE L,0,2000,0.05,INE0V9V01010,0915-1530|1815-1915:,2026-07-30,,NSE:DHANLAXMI-SM,10,10,27723,DHANLAXMI,27723,-1.0,XX,101000000027723,,0,0.0
101000000024415,DHANSA LABS LIMITED,0,2000,0.05,INE0M3I01029,0915-1530|1815-1915:,2026-07-30,,NSE:DHANSA-SM,10,10,24415,DHANSA,24415,-1.0,XX,101000000024415,,0,0.0
101000000024409,DHANUKA AGRITECH LTD,0,1,0.1,INE435G01025,0915-1530|1815-1915:,2026-07-30,,NSE:DHANUKA-EQ,10,10,24409,DHANUKA,24409,-1.0,XX,101000000024409,,1,2.0
1010000000759203,DHARAN INFRA-EPC LIMITED,0,1,0.01,INE278R01034,0915-1530|1815-1915:,2026-07-30,,NSE:DHARAN-BZ,10,10,759203,DHARAN,759203,-1.0,XX,1010000000759203,,0,0.0
1010000000760492,DHARA RAIL PROJECTS LTD,0,1000,0.05,INE2HJL01019,0915-1530|1815-1915:,2026-07-30,,NSE:DHARARAIL-ST,10,10,760492,DHARARAIL,760492,-1.0,XX,1010000000760492,,0,0.0
101000000024747,DHARIWALCORP LIMITED,0,3000,0.05,INE0YRN01025,0915-1530|1815-1915:,2026-07-30,,NSE:DHARIWAL-SM,10,10,24747,DHARIWAL,24747,-1.0,XX,101000000024747,,0,0.0
101000000013001,DHARMAJ CROP GUARD LTD,0,1,0.05,INE00OQ01016,0915-1530|1815-1915:,2026-07-30,,NSE:DHARMAJ-EQ,10,10,13001,DHARMAJ,13001,-1.0,XX,101000000013001,,1,2.0
10100000006860,DHRUV CONSULTANCY SER LTD,0,1,0.01,INE506Z01015,0915-1530|1815-1915:,2026-07-30,,NSE:DHRUV-BE,10,10,6860,DHRUV,6860,-1.0,XX,10100000006860,,0,0.0
101000000022533,DOCMODE HEALTH TECH LTD,0,800,0.05,INE0OGG01015,0915-1530|1815-1915:,2026-07-30,,NSE:DHTL-SM,10,10,22533,DHTL,22533,-1.0,XX,101000000022533,,0,0.0
101000000022233,DHUNSERI INVESTMENTS LTD,0,1,0.05,INE320L01011,0915-1530|1815-1915:,2026-07-30,,NSE:DHUNINV-EQ,10,10,22233,DHUNINV,22233,-1.0,XX,101000000022233,,0,0.0
101000000018543,DIAMOND POWER INFRA LTD,0,1,0.01,INE989C01038,0915-1530|1815-1915:,2026-07-30,,NSE:DIACABS-EQ,10,10,18543,DIACABS,18543,-1.0,XX,101000000018543,,1,2.6
101000000018644,DIAMINES & CHEMICALS LTD,0,1,0.01,INE591D01014,0915-1530|1815-1915:,2026-07-30,,NSE:DIAMINESQ-EQ,10,10,18644,DIAMINESQ,18644,-1.0,XX,101000000018644,,0,0.0
101000000021840,PRATAAP SNACKS LIMITED,0,1,0.1,INE393P01035,0915-1530|1815-1915:,2026-07-30,,NSE:DIAMONDYD-EQ,10,10,21840,DIAMONDYD,21840,-1.0,XX,101000000021840,,1,2.0
1010000000703,DIC INDIA LIMITED,0,1,0.05,INE303A01010,0915-1530|1815-1915:,2026-07-30,,NSE:DICIND-EQ,10,10,703,DICIND,703,-1.0,XX,1010000000703,,0,0.0
101000000025672,DIFFUSION ENGINEERS LTD,0,1,0.05,INE184O01015,0915-1530|1815-1915:,2026-07-30,,NSE:DIFFNKG-EQ,10,10,25672,DIFFNKG,25672,-1.0,XX,101000000025672,,1,2.0
101000000021247,DIGIDRIVE DISTRIBUTORS L,0,1,0.01,INE0PSC01024,0915-1530|1815-1915:,2026-07-30,,NSE:DIGIDRIVE-EQ,10,10,21247,DIGIDRIVE,21247,-1.0,XX,101000000021247,,0,0.0
101000000019138,DIGIKORE STUDIOS LIMITED,0,400,0.05,INE0QJ901011,0915-1530|1815-1915:,2026-07-30,,NSE:DIGIKORE-SM,10,10,19138,DIGIKORE,19138,-1.0,XX,101000000019138,,0,0.0
101000000016687,DIGISPICE TECHNOLOGIES LT,0,1,0.01,INE927C01020,0915-1530|1815-1915:,2026-07-30,,NSE:DIGISPICE-BE,10,10,16687,DIGISPICE,16687,-1.0,XX,101000000016687,,0,0.0
1010000000757515,DIGITIDE SOLUTIONS LTD,0,1,0.01,INE0U4701011,0915-1530|1815-1915:,2026-07-30,,NSE:DIGITIDE-EQ,10,10,757515,DIGITIDE,757515,-1.0,XX,1010000000757515,,1,1.0
10100000006127,DIGJAM LTD,0,1,0.01,INE731U01028,0915-1530|1815-1915:,2026-07-30,,NSE:DIGJAMLMTD-EQ,10,10,6127,DIGJAMLMTD,6127,-1.0,XX,10100000006127,,0,0.0
101000000018769,DHANUKA INFRA REALTY LTD,0,6000,0.05,INE704V01015,0915-1530|1815-1915:,2026-07-30,,NSE:DIRL-SM,10,10,18769,DIRL,18769,-1.0,XX,101000000018769,,0,0.0
1010000000762643,DISA INDIA LTD.,0,1,1.0,INE131C01011,0915-1530|1815-1915:,2026-07-30,,NSE:DISAQ-EQ,10,10,762643,DISAQ,762643,-1.0,XX,1010000000762643,,0,0.0
101000000014540,DISH TV INDIA LTD.,0,1,0.01,INE836F01026,0915-1530|1815-1915:,2026-07-30,,NSE:DISHTV-BE,10,10,14540,DISHTV,14540,-1.0,XX,101000000014540,,0,0.0
101000000014479,DIVGI TORQTRANSFER SYST L,0,1,0.05,INE753U01022,0915-1530|1815-1915:,2026-07-30,,NSE:DIVGIITTS-EQ,10,10,14479,DIVGIITTS,14479,-1.0,XX,101000000014479,,1,2.9
101000000030262,DIVINE HIRA JEWELLERS LTD,0,1200,0.05,INE0NA501011,0915-1530|1815-1915:,2026-07-30,,NSE:DIVINEHIRA-ST,10,10,30262,DIVINEHIRA,30262,-1.0,XX,101000000030262,,0,0.0
101000000010940,DIVI S LABORATORIES LTD,0,1,0.5,INE361B01024,0915-1530|1815-1915:,2026-07-30,,NSE:DIVISLAB-EQ,10,10,10940,DIVISLAB,10940,-1.0,XX,101000000010940,,1,3.7
101000000025680,DIVYADHAN RECYCLING IND L,0,2000,0.05,INE0QYI01019,0915-1530|1815-1915:,2026-07-30,,NSE:DIVYADHAN-ST,10,10,25680,DIVYADHAN,25680,-1.0,XX,101000000025680,,0,0.0
101000000021690,DIXON TECHNO (INDIA) LTD,0,1,1.0,INE935N01020,0915-1530|1815-1915:,2026-07-30,,NSE:DIXON-EQ,10,10,21690,DIXON,21690,-1.0,XX,101000000021690,,1,2.9
101000000012749,DJ MEDIAPRINT & LOG LTD,0,1,0.01,INE0B1K01014,0915-1530|1815-1915:,2026-07-30,,NSE:DJML-EQ,10,10,12749,DJML,12749,-1.0,XX,101000000012749,,0,0.0
10100000006249,D K ENTERPRISES GLOBAL L,0,1500,0.05,INE0GN101014,0915-1530|1815-1915:,2026-07-30,,NSE:DKEGL-SM,10,10,6249,DKEGL,6249,-1.0,XX,10100000006249,,0,0.0
101000000014732,DLF LIMITED,0,1,0.05,INE271C01023,0915-1530|1815-1915:,2026-07-30,,NSE:DLF-EQ,10,10,14732,DLF,14732,-1.0,XX,101000000014732,,1,3.2
101000000017851,D-LINK INDIA LTD,0,1,0.05,INE250K01012,0915-1530|1815-1915:,2026-07-30,,NSE:DLINKINDIA-EQ,10,10,17851,DLINKINDIA,17851,-1.0,XX,101000000017851,,1,2.0
101000000019913,AVENUE SUPERMARTS LIMITED,0,1,0.1,INE192R01011,0915-1530|1815-1915:,2026-07-30,,NSE:DMART-EQ,10,10,19913,DMART,19913,-1.0,XX,101000000019913,,1,3.4
10100000006973,DMCC SPECIALITY CHEMICALS,0,1,0.05,INE505A01010,0915-1530|1815-1915:,2026-07-30,,NSE:DMCC-EQ,10,10,6973,DMCC,6973,-1.0,XX,10100000006973,,1,2.0
1010000000641,DILIGENT MEDIA CORP LTD.,0,1,0.01,INE016M01021,0915-1530|1815-1915:,2026-07-30,,NSE:DNAMEDIA-EQ,10,10,641,DNAMEDIA,641,-1.0,XX,1010000000641,,0,0.0
10100000004822,DODLA DAIRY LIMITED,0,1,0.1,INE021O01019,0915-1530|1815-1915:,2026-07-30,,NSE:DODLA-EQ,10,10,4822,DODLA,4822,-1.0,XX,10100000004822,,1,2.0
101000000012124,DOLAT ALGOTECH LIMITED,0,1,0.01,INE966A01022,0915-1530|1815-1915:,2026-07-30,,NSE:DOLATALGO-EQ,10,10,12124,DOLATALGO,12124,-1.0,XX,101000000012124,,1,2.0
101000000020560,DOLLAR INDUSTRIES LIMITED,0,1,0.05,INE325C01035,0915-1530|1815-1915:,2026-07-30,,NSE:DOLLAR-EQ,10,10,20560,DOLLAR,20560,-1.0,XX,101000000020560,,1,2.0
101000000013323,DOLLEX AGROTECH LIMITED,0,4000,0.05,INE0JHH01011,0915-1530|1815-1915:,2026-07-30,,NSE:DOLLEX-SM,10,10,13323,DOLLEX,13323,-1.0,XX,101000000013323,,0,0.0
101000000018139,DOLPHIN OFF ENT (IND) L,0,1,0.05,INE920A01037,0915-1530|1815-1915:,2026-07-30,,NSE:DOLPHIN-EQ,10,10,18139,DOLPHIN,18139,-1.0,XX,101000000018139,,0,0.0
101000000020551,DOMS INDUSTRIES LIMITED,0,1,0.1,INE321T01012,0915-1530|1815-1915:,2026-07-30,,NSE:DOMS-EQ,10,10,20551,DOMS,20551,-1.0,XX,101000000020551,,1,3.2
101000000013839,DONEAR IND. LIMITED,0,1,0.01,INE668D01028,0915-1530|1815-1915:,2026-07-30,,NSE:DONEAR-EQ,10,10,13839,DONEAR,13839,-1.0,XX,101000000013839,,0,0.0
1010000000936,D. P. ABHUSHAN LIMITED,0,1,0.05,INE266Y01019,0915-1530|1815-1915:,2026-07-30,,NSE:DPABHUSHAN-EQ,10,10,936,DPABHUSHAN,936,-1.0,XX,1010000000936,,1,1.0
101000000024286,DIVINE POWER ENERGY LTD,0,500,0.05,INE0SCO01019,0915-1530|1815-1915:,2026-07-30,,NSE:DPEL-SM,10,10,24286,DPEL,24286,-1.0,XX,101000000024286,,0,0.0
101000000015423,DPSC LIMITED,0,1,0.01,INE360C01024,0915-1530|1815-1915:,2026-07-30,,NSE:DPSCLTD-BE,10,10,15423,DPSCLTD,15423,-1.0,XX,101000000015423,,0,0.0
101000000016902,D P WIRES LIMITED,0,1,0.01,INE864X01013,0915-1530|1815-1915:,2026-07-30,,NSE:DPWIRES-BE,10,10,16902,DPWIRES,16902,-1.0,XX,101000000016902,,0,0.0
1010000000762648,DR. AGARWAL'S EYE HOSP L,0,1,0.5,INE934C01018,0915-1530|1815-1915:,2026-07-30,,NSE:DRAGARWQ-EQ,10,10,762648,DRAGARWQ,762648,-1.0,XX,1010000000762648,,0,0.0
10100000002645,DRC SYSTEMS INDIA LIMITED,0,1,0.01,INE03RS01027,0915-1530|1815-1915:,2026-07-30,,NSE:DRCSYSTEMS-EQ,10,10,2645,DRCSYSTEMS,2645,-1.0,XX,10100000002645,,0,0.0
101000000010859,DREAMFOLKS SERVICES LTD,0,1,0.01,INE0JS101016,0915-1530|1815-1915:,2026-07-30,,NSE:DREAMFOLKS-EQ,10,10,10859,DREAMFOLKS,10859,-1.0,XX,101000000010859,,0,0.0
101000000011271,DREDGING CORP OF INDIA,0,1,0.1,INE506A01018,0915-1530|1815-1915:,2026-07-30,,NSE:DREDGECORP-EQ,10,10,11271,DREDGECORP,11271,-1.0,XX,101000000011271,,1,2.4
101000000017383,DRONE DESTINATION LIMITED,0,500,0.05,INE0P7201019,0915-1530|1815-1915:,2026-07-30,,NSE:DRONE-ST,10,10,17383,DRONE,17383,-1.0,XX,101000000017383,,0,0.0
1010000000881,DR. REDDY S LABORATORIES,0,1,0.1,INE089A01031,0915-1530|1815-1915:,2026-07-30,,NSE:DRREDDY-EQ,10,10,881,DRREDDY,881,-1.0,XX,1010000000881,,1,3.7
101000000023485,DRS CARGO MOVERS LIMITED,0,800,0.05,INE0QZM01018,0915-1530|1815-1915:,2026-07-30,,NSE:DRSCARGO-SM,10,10,23485,DRSCARGO,23485,-1.0,XX,101000000023485,,0,0.0
10100000006686,DRS DILIP ROADLINES LTD.,0,800,0.05,INE02CV01017,0915-1530|1815-1915:,2026-07-30,,NSE:DRSDILIP-SM,10,10,6686,DRSDILIP,6686,-1.0,XX,10100000006686,,0,0.0
1010000000760893,DCM SHRIRAM FINE CHEM LTD,0,1,0.01,INE0OFM01015,0915-1530|1815-1915:,2026-07-30,,NSE:DSFCL-BE,10,10,760893,DSFCL,760893,-1.0,XX,1010000000760893,,0,0.0
101000000025690,DYNACONS SYS & SOLN LTD,0,1,0.1,INE417B01040,0915-1530|1815-1915:,2026-07-30,,NSE:DSSL-EQ,10,10,25690,DSSL,25690,-1.0,XX,101000000025690,,1,1.0
10100000006227,DHUNSERI TEA & IND. LTD.,0,1,0.01,INE341R01014,0915-1530|1815-1915:,2026-07-30,,NSE:DTIL-EQ,10,10,6227,DTIL,6227,-1.0,XX,10100000006227,,0,0.0
101000000024313,DIENSTEN TECH LIMITED,0,1200,0.05,INE0JRD01019,0915-1530|1815-1915:,2026-07-30,,NSE:DTL-SM,10,10,24313,DTL,24313,-1.0,XX,101000000024313,,0,0.0
101000000013766,DUCOL ORGS AND COLOURS LT,0,800,0.05,INE0LZO01015,0915-1530|1815-1915:,2026-07-30,,NSE:DUCOL-SM,10,10,13766,DUCOL,13766,-1.0,XX,101000000013766,,0,0.0
101000000028952,DUCON INFRATECHNOLOGIES L,0,1,0.01,INE741L01018,0915-1530|1815-1915:,2026-07-30,,NSE:DUCON-EQ,10,10,28952,DUCON,28952,-1.0,XX,101000000028952,,0,0.0
10100000005457,DUDIGITAL GLOBAL LIMITED,0,2500,0.05,INE0HPK01020,0915-1530|1815-1915:,2026-07-30,,NSE:DUGLOBAL-SM,10,10,5457,DUGLOBAL,5457,-1.0,XX,10100000005457,,0,0.0
101000000024164,DURLAX TOP SURFACE LTD,0,2000,0.05,INE0OUW01013,0915-1530|1815-1915:,2026-07-30,,NSE:DURLAX-SM,10,10,24164,DURLAX,24164,-1.0,XX,101000000024164,,0,0.0
101000000015214,DHUNSERI VENTURES LIMITED,0,1,0.01,INE477B01010,0915-1530|1815-1915:,2026-07-30,,NSE:DVL-EQ,10,10,15214,DVL,15214,-1.0,XX,101000000015214,,0,0.0
101000000011667,DWARIKESH SUGAR IND LTD,0,1,0.01,INE366A01041,0915-1530|1815-1915:,2026-07-30,,NSE:DWARKESH-EQ,10,10,11667,DWARKESH,11667,-1.0,XX,101000000011667,,1,2.0
101000000010417,DYNAMIC CABLES LIMITED,0,1,0.05,INE600Y01019,0915-1530|1815-1915:,2026-07-30,,NSE:DYCL-EQ,10,10,10417,DYCL,10417,-1.0,XX,101000000010417,,1,2.3
10100000004525,DYNAMATIC TECHNOLOGIES,0,1,1.0,INE221B01012,0915-1530|1815-1915:,2026-07-30,,NSE:DYNAMATECH-EQ,10,10,4525,DYNAMATECH,4525,-1.0,XX,10100000004525,,1,2.8
10100000006082,DYNAMIC SRVCS & SEC LTD,0,500,0.05,INE0DZ701010,0915-1530|1815-1915:,2026-07-30,,NSE:DYNAMIC-ST,10,10,6082,DYNAMIC,6082,-1.0,XX,10100000006082,,0,0.0
101000000021314,DYNEMIC PRODUCTS LIMITED,0,1,0.01,INE256H01015,0915-1530|1815-1915:,2026-07-30,,NSE:DYNPRO-EQ,10,10,21314,DYNPRO,21314,-1.0,XX,101000000021314,,0,0.0
10100000008937,E2E NETWORKS LIMITED,0,1,0.05,INE255Z01027,0915-1530|1815-1915:,2026-07-30,,NSE:E2E-EQ,10,10,8937,E2E,8937,-1.0,XX,10100000008937,,1,1.6
1010000000760534,E TO E TRANS INFRA LTD,0,800,0.05,INE1CEJ01017,0915-1530|1815-1915:,2026-07-30,,NSE:E2ERAIL-ST,10,10,760534,E2ERAIL,760534,-1.0,XX,1010000000760534,,0,0.0
10100000002792,EASY TRIP PLANNERS LTD,0,1,0.01,INE07O001026,0915-1530|1815-1915:,2026-07-30,,NSE:EASEMYTRIP-EQ,10,10,2792,EASEMYTRIP,2792,-1.0,XX,10100000002792,,1,2.4
10100000009769,EASTERN SILK INDUSTRIES L,0,1,0.01,INE962C01035,0915-1530|1815-1915:,2026-07-30,,NSE:EASTSILK-BE,10,10,9769,EASTSILK,9769,-1.0,XX,10100000009769,,0,0.0
1010000000757862,GNG ELECTRONICS LIMITED,0,1,0.05,INE18JU01028,0915-1530|1815-1915:,2026-07-30,,NSE:EBGNG-EQ,10,10,757862,EBGNG,757862,-1.0,XX,1010000000757862,,1,2.5
101000000015179,ECLERX SERVICES LTD,0,1,0.1,INE738I01010,0915-1530|1815-1915:,2026-07-30,,NSE:ECLERX-EQ,10,10,15179,ECLERX,15179,-1.0,XX,101000000015179,,1,1.6
1010000000759964,ECOLINE EXIM LIMITED,0,1000,0.05,INE0VBS01016,0915-1530|1815-1915:,2026-07-30,,NSE:ECOLINE-ST,10,10,759964,ECOLINE,759964,-1.0,XX,1010000000759964,,0,0.0
101000000025062,ECOS (INDIA) MOB & HOSP L,0,1,0.01,INE06HJ01020,0915-1530|1815-1915:,2026-07-30,,NSE:ECOSMOBLTY-BE,10,10,25062,ECOSMOBLTY,25062,-1.0,XX,101000000025062,,0,0.0
101000000015119,EDELWEISS FIN SERV LTD,0,1,0.01,INE532F01054,0915-1530|1815-1915:,2026-07-30,,NSE:EDELWEISS-EQ,10,10,15119,EDELWEISS,15119,-1.0,XX,101000000015119,,1,2.8
1010000000758346,EPPELTONE ENGINEERS LTD,0,1000,0.05,INE11HF01010,0915-1530|1815-1915:,2026-07-30,,NSE:EEPL-SM,10,10,758346,EEPL,758346,-1.0,XX,1010000000758346,,0,0.0
101000000019267,E FACTOR EXPERIENCES LTD,0,400,0.05,INE0KFF01017,0915-1530|1815-1915:,2026-07-30,,NSE:EFACTOR-SM,10,10,19267,EFACTOR,19267,-1.0,XX,101000000019267,,0,0.0
1010000000758675,EFC (I) LIMITED,0,1,0.01,INE886D01026,0915-1530|1815-1915:,2026-07-30,,NSE:EFCIL-EQ,10,10,758675,EFCIL,758675,-1.0,XX,1010000000758675,,1,2.7
101000000024438,EFFWA INFRA & RESEARCH L,0,400,0.05,INE0U9101019,0915-1530|1815-1915:,2026-07-30,,NSE:EFFWA-ST,10,10,24438,EFFWA,24438,-1.0,XX,101000000024438,,0,0.0
101000000020899,ELECTRO FORCE (INDIA) LTD,0,1200,0.05,INE0Q1W01012,0915-1530|1815-1915:,2026-07-30,,NSE:EFORCE-SM,10,10,20899,EFORCE,20899,-1.0,XX,101000000020899,,0,0.0
1010000000910,EICHER MOTORS LTD,0,1,0.5,INE066A01021,0915-1530|1815-1915:,2026-07-30,,NSE:EICHERMOT-EQ,10,10,910,EICHERMOT,910,-1.0,XX,1010000000910,,1,3.4
1010000000916,EID PARRY INDIA LTD,0,1,0.05,INE126A01031,0915-1530|1815-1915:,2026-07-30,,NSE:EIDPARRY-EQ,10,10,916,EIDPARRY,916,-1.0,XX,1010000000916,,1,3.3
101000000027213,ENVIRO INFRA ENGINEERS L,0,1,0.01,INE0LLY01014,0915-1530|1815-1915:,2026-07-30,,NSE:EIEL-EQ,10,10,27213,EIEL,27213,-1.0,XX,101000000027213,,1,2.6
10100000006042,EURO (I) FRESH FOODS LTD,0,1,0.05,INE546V01010,0915-1530|1815-1915:,2026-07-30,,NSE:EIFFL-BE,10,10,6042,EIFFL,6042,-1.0,XX,10100000006042,,1,1.0
101000000015399,EIH ASSOCIATED HOTELS LTD,0,1,0.05,INE276C01014,0915-1530|1815-1915:,2026-07-30,,NSE:EIHAHOTELS-EQ,10,10,15399,EIHAHOTELS,15399,-1.0,XX,101000000015399,,1,1.0
1010000000919,EIH LIMITED,0,1,0.05,INE230A01023,0915-1530|1815-1915:,2026-07-30,,NSE:EIHOTEL-EQ,10,10,919,EIHOTEL,919,-1.0,XX,1010000000919,,1,3.2
10100000004040,EIMCO ELECON (INDIA) LTD,0,1,0.1,INE158B01016,0915-1530|1815-1915:,2026-07-30,,NSE:EIMCOELECO-EQ,10,10,4040,EIMCOELECO,4040,-1.0,XX,10100000004040,,1,2.0
101000000013091,EVEREST KANTO CYLINDERLTD,0,1,0.01,INE184H01027,0915-1530|1815-1915:,2026-07-30,,NSE:EKC-EQ,10,10,13091,EKC,13091,-1.0,XX,101000000013091,,1,2.0
1010000000762653,ELANTAS BECK INDIA LTD.,0,1,1.0,INE280B01018,0915-1530|1815-1915:,2026-07-30,,NSE:ELANTAS-EQ,10,10,762653,ELANTAS,762653,-1.0,XX,1010000000762653,,1,2.0
1010000000762658,ELCID INVESTMENTS LTD.,0,1,5.0,INE927X01018,0915-1530|1815-1915:,2026-07-30,,NSE:ELCIDIN-EQ,10,10,762658,ELCIDIN,762658,-1.0,XX,1010000000762658,,0,0.0
10100000008953,ELDECO HSG & IND LTD.,0,1,0.05,INE668G01021,0915-1530|1815-1915:,2026-07-30,,NSE:ELDEHSG-EQ,10,10,8953,ELDEHSG,8953,-1.0,XX,10100000008953,,0,0.0
101000000013643,ELECON ENG. CO. LTD,0,1,0.05,INE205B01031,0915-1530|1815-1915:,2026-07-30,,NSE:ELECON-EQ,10,10,13643,ELECON,13643,-1.0,XX,101000000013643,,1,2.7
1010000000928,ELECTROSTEEL CASTINGS LTD,0,1,0.01,INE086A01029,0915-1530|1815-1915:,2026-07-30,,NSE:ELECTCAST-EQ,10,10,928,ELECTCAST,928,-1.0,XX,1010000000928,,1,2.6
10100000004469,ELECTROTHERM (I) LTD.,0,1,0.1,INE822G01016,0915-1530|1815-1915:,2026-07-30,,NSE:ELECTHERM-EQ,10,10,4469,ELECTHERM,4469,-1.0,XX,10100000004469,,1,1.0
1010000000937,ELGI EQUIPMENTS LTD,0,1,0.05,INE285A01027,0915-1530|1815-1915:,2026-07-30,,NSE:ELGIEQUIP-EQ,10,10,937,ELGIEQUIP,937,-1.0,XX,1010000000937,,1,3.1
101000000024924,ELGI RUBBER CO. LTD,0,1,0.01,INE819L01012,0915-1530|1815-1915:,2026-07-30,,NSE:ELGIRUBCO-EQ,10,10,24924,ELGIRUBCO,24924,-1.0,XX,101000000024924,,0,0.0
101000000029595,ELEGANZ INTERIORS LIMITED,0,1000,0.05,INE0R9101015,0915-1530|1815-1915:,2026-07-30,,NSE:ELGNZ-SM,10,10,29595,ELGNZ,29595,-1.0,XX,101000000029595,,0,0.0
101000000013423,ELIN ELECTRONICS LIMITED,0,1,0.01,INE050401020,0915-1530|1815-1915:,2026-07-30,,NSE:ELIN-EQ,10,10,13423,ELIN,13423,-1.0,XX,101000000013423,,1,2.0
1010000000762663,ELITECON INTERNATIONAL L,0,1,0.01,INE669R01026,0915-1530|1815-1915:,2026-07-30,,NSE:ELITECON-EQ,10,10,762663,ELITECON,762663,-1.0,XX,1010000000762663,,1,1.0
1010000000758563,ELLENBARRIE INDUS GASES L,0,1,0.05,INE236E01022,0915-1530|1815-1915:,2026-07-30,,NSE:ELLEN-EQ,10,10,758563,ELLEN,758563,-1.0,XX,1010000000758563,,1,2.0
10100000004471,ELPRO INTERNATIONAL LTD,0,1,0.01,INE579B01039,0915-1530|1815-1915:,2026-07-30,,NSE:ELPROINTL-EQ,10,10,4471,ELPROINTL,4471,-1.0,XX,10100000004471,,0,0.0
101000000013517,EMAMI LIMITED,0,1,0.05,INE548C01032,0915-1530|1815-1915:,2026-07-30,,NSE:EMAMILTD-EQ,10,10,13517,EMAMILTD,13517,-1.0,XX,101000000013517,,1,3.4
101000000010084,EMAMI PAPER MILLS LIMITED,0,1,0.01,INE830C01026,0915-1530|1815-1915:,2026-07-30,,NSE:EMAMIPAP-BE,10,10,10084,EMAMIPAP,10084,-1.0,XX,101000000010084,,0,0.0
101000000019281,EMAMI REALTY LIMITED,0,1,0.01,INE778K01012,0915-1530|1815-1915:,2026-07-30,,NSE:EMAMIREAL-BE,10,10,19281,EMAMIREAL,19281,-1.0,XX,101000000019281,,0,0.0
101000000029229,EMA PARTNERS INDIA LTD,0,1000,0.05,INE0ZOL01023,0915-1530|1815-1915:,2026-07-30,,NSE:EMAPARTNER-SM,10,10,29229,EMAPARTNER,29229,-1.0,XX,101000000029229,,0,0.0
10100000009383,EMBASSY OFFICE PARKS REIT,0,1,0.01,INE041025011,0915-1530|1815-1915:,2026-07-30,,NSE:EMBASSY-RR,10,10,9383,EMBASSY,9383,-1.0,XX,10100000009383,,0,0.0
101000000014450,EMBASSY DEVELOPMENTS LTD,0,1,0.01,INE069I01010,0915-1530|1815-1915:,2026-07-30,,NSE:EMBDL-EQ,10,10,14450,EMBDL,14450,-1.0,XX,101000000014450,,1,2.0
101000000024398,EMCURE PHARMACEUTICALS L,0,1,0.1,INE168P01015,0915-1530|1815-1915:,2026-07-30,,NSE:EMCURE-EQ,10,10,24398,EMCURE,24398,-1.0,XX,101000000024398,,1,3.2
101000000011530,ELECTRONICS MART IND LTD,0,1,0.01,INE02YR01019,0915-1530|1815-1915:,2026-07-30,,NSE:EMIL-EQ,10,10,11530,EMIL,11530,-1.0,XX,101000000011530,,1,2.8
101000000013421,EMKAY GLOBAL FIN SERV LTD,0,1,0.05,INE296H01011,0915-1530|1815-1915:,2026-07-30,,NSE:EMKAY-EQ,10,10,13421,EMKAY,13421,-1.0,XX,101000000013421,,1,2.0
101000000010253,EMKAY TAP & CUT. TOOL LTD,0,150,0.05,INE332S01011,0915-1530|1815-1915:,2026-07-30,,NSE:EMKAYTOOLS-SM,10,10,10253,EMKAYTOOLS,10253,-1.0,XX,101000000010253,,0,0.0
101000000018146,EMMBI INDUSTRIES LIMITED,0,1,0.01,INE753K01015,0915-1530|1815-1915:,2026-07-30,,NSE:EMMBI-BE,10,10,18146,EMMBI,18146,-1.0,XX,101000000018146,,0,0.0
101000000023745,ENERGY MISSION MACH IND L,0,250,0.05,INE0S1L01013,0915-1530|1815-1915:,2026-07-30,,NSE:EMMIL-SM,10,10,23745,EMMIL,23745,-1.0,XX,101000000023745,,0,0.0
1010000000759728,EMMVEE PHOTOVOLTAIC PWR L,0,1,0.05,INE1C6T01020,0915-1530|1815-1915:,2026-07-30,,NSE:EMMVEE-EQ,10,10,759728,EMMVEE,759728,-1.0,XX,1010000000759728,,1,2.9
1010000000762673,EMPOWER INDIA LTD.,0,1,0.01,INE507F01023,0915-1530|1815-1915:,2026-07-30,,NSE:EMPOWER-BE,10,10,762673,EMPOWER,762673,-1.0,XX,1010000000762673,,0,0.0
101000000018593,EMS LIMITED,0,1,0.05,INE0OV601013,0915-1530|1815-1915:,2026-07-30,,NSE:EMSLIMITED-EQ,10,10,18593,EMSLIMITED,18593,-1.0,XX,101000000018593,,1,2.4
10100000009756,EMUDHRA LIMITED,0,1,0.05,INE01QM01018,0915-1530|1815-1915:,2026-07-30,,NSE:EMUDHRA-EQ,10,10,9756,EMUDHRA,9756,-1.0,XX,10100000009756,,1,2.0
1010000000760321,ENCOMPASS DESIGN INDIA L,0,400,0.05,INE433T01015,0915-1530|1815-1915:,2026-07-30,,NSE:ENCOMPAS-SM,10,10,760321,ENCOMPAS,760321,-1.0,XX,1010000000760321,,0,0.0
101000000018822,ENDURANCE TECHNO. LTD.,0,1,0.1,INE913H01037,0915-1530|1815-1915:,2026-07-30,,NSE:ENDURANCE-EQ,10,10,18822,ENDURANCE,18822,-1.0,XX,101000000018822,,1,3.2
101000000015049,ENERGY DEVE. CO.LTD,0,1,0.01,INE306C01019,0915-1530|1815-1915:,2026-07-30,,NSE:ENERGYDEV-EQ,10,10,15049,ENERGYDEV,15049,-1.0,XX,101000000015049,,0,0.0
101000000023224,ENFUSE SOLUTIONS LIMITED,0,600,0.05,INE0S3X01014,0915-1530|1815-1915:,2026-07-30,,NSE:ENFUSE-SM,10,10,23224,ENFUSE,23224,-1.0,XX,101000000023224,,0,0.0
10100000004907,ENGINEERS INDIA LTD,0,1,0.01,INE510A01028,0915-1530|1815-1915:,2026-07-30,,NSE:ENGINERSIN-EQ,10,10,4907,ENGINERSIN,4907,-1.0,XX,10100000004907,,1,2.8
101000000013192,ENTERTAIN NET. IND. LTD.,0,1,0.01,INE265F01028,0915-1530|1815-1915:,2026-07-30,,NSE:ENIL-EQ,10,10,13192,ENIL,13192,-1.0,XX,101000000013192,,0,0.0
1010000000756871,SIEMENS ENERGY INDIA LTD,0,1,0.1,INE1NPP01017,0915-1530|1815-1915:,2026-07-30,,NSE:ENRIN-EQ,10,10,756871,ENRIN,756871,-1.0,XX,1010000000756871,,1,3.2
101000000023230,ENSER COMMUNICATIONS LTD,0,5000,0.05,INE0R9I01021,0915-1530|1815-1915:,2026-07-30,,NSE:ENSER-SM,10,10,23230,ENSER,23230,-1.0,XX,101000000023230,,0,0.0
101000000022717,ENTERO HEALTHCARE SOLU L,0,1,0.1,INE010601016,0915-1530|1815-1915:,2026-07-30,,NSE:ENTERO-EQ,10,10,22717,ENTERO,22717,-1.0,XX,101000000022717,,1,3.0
101000000025412,ENVIROTECH SYSTEMS LTD,0,1000,0.05,INE0SUH01015,0915-1530|1815-1915:,2026-07-30,,NSE:ENVIRO-SM,10,10,25412,ENVIRO,25412,-1.0,XX,101000000025412,,0,0.0
101000000022463,EPACK DURABLE LIMITED,0,1,0.01,INE0G5901015,0915-1530|1815-1915:,2026-07-30,,NSE:EPACK-EQ,10,10,22463,EPACK,22463,-1.0,XX,101000000022463,,1,2.6
1010000000759251,EPACK PREFAB TECHN LTD,0,1,0.01,INE0MLS01022,0915-1530|1815-1915:,2026-07-30,,NSE:EPACKPEB-EQ,10,10,759251,EPACKPEB,759251,-1.0,XX,1010000000759251,,1,2.6
10100000005382,EPIGRAL LIMITED,0,1,0.1,INE071N01016,0915-1530|1815-1915:,2026-07-30,,NSE:EPIGRAL-EQ,10,10,5382,EPIGRAL,5382,-1.0,XX,10100000005382,,1,2.0
1010000000981,EPL LIMITED,0,1,0.01,INE255A01020,0915-1530|1815-1915:,2026-07-30,,NSE:EPL-EQ,10,10,981,EPL,981,-1.0,XX,1010000000981,,1,3.1
1010000000761217,EPW INDIA LIMITED,0,1200,0.05,INE1KEC01023,0915-1530|1815-1915:,2026-07-30,,NSE:EPWINDIA-ST,10,10,761217,EPWINDIA,761217,-1.0,XX,1010000000761217,,0,0.0
10100000003553,EQUIPPP SOC IMP TECH LTD,0,1,0.01,INE217G01035,0915-1530|1815-1915:,2026-07-30,,NSE:EQUIPPP-BE,10,10,3553,EQUIPPP,3553,-1.0,XX,10100000003553,,0,0.0
1010000000913,EQUITAS SMALL FIN BNK LTD,0,1,0.01,INE063P01018,0915-1530|1815-1915:,2026-07-30,,NSE:EQUITASBNK-EQ,10,10,913,EQUITASBNK,913,-1.0,XX,1010000000913,,1,3.1
101000000021154,ERIS LIFESCIENCES LIMITED,0,1,0.1,INE406M01024,0915-1530|1815-1915:,2026-07-30,,NSE:ERIS-EQ,10,10,21154,ERIS,21154,-1.0,XX,101000000021154,,1,3.2
1010000000955,ESAB INDIA LTD,0,1,0.5,INE284A01012,0915-1530|1815-1915:,2026-07-30,,NSE:ESABINDIA-EQ,10,10,955,ESABINDIA,955,-1.0,XX,1010000000955,,1,2.0
101000000019878,ESAF SMALL FINANCE BANK L,0,1,0.01,INE818W01011,0915-1530|1815-1915:,2026-07-30,,NSE:ESAFSFB-EQ,10,10,19878,ESAFSFB,19878,-1.0,XX,101000000019878,,1,2.0
101000000022764,ESCONET TECHNOLOGIES LTD,0,400,0.05,INE0RQZ01017,0915-1530|1815-1915:,2026-07-30,,NSE:ESCONET-SM,10,10,22764,ESCONET,22764,-1.0,XX,101000000022764,,0,0.0
1010000000958,ESCORTS KUBOTA LIMITED,0,1,0.1,INE042A01014,0915-1530|1815-1915:,2026-07-30,,NSE:ESCORTS-EQ,10,10,958,ESCORTS,958,-1.0,XX,1010000000958,,1,3.3
101000000017084,ESSEN SPECIALITY FILMS L,0,360,0.05,INE0ITO01014,0915-1530|1815-1915:,2026-07-30,,NSE:ESFL-SM,10,10,17084,ESFL,17084,-1.0,XX,101000000017084,,0,0.0
101000000024678,ESPRIT STONES LIMITED,0,1600,0.05,INE0SBP01018,0915-1530|1815-1915:,2026-07-30,,NSE:ESPRIT-SM,10,10,24678,ESPRIT,24678,-1.0,XX,101000000024678,,0,0.0
101000000025634,ESSAR SHIPPING LTD,0,1,0.01,INE122M01019,0915-1530|1815-1915:,2026-07-30,,NSE:ESSARSHPNG-EQ,10,10,25634,ESSARSHPNG,25634,-1.0,XX,101000000025634,,0,0.0
101000000030327,INTEGRA ESSENTIA LIMITED,0,1,0.01,INE418N01035,0915-1530|1815-1915:,2026-07-30,,NSE:ESSENTIA-BE,10,10,30327,ESSENTIA,30327,-1.0,XX,101000000030327,,0,0.0
101000000024265,ESTER INDUSTRIES LTD,0,1,0.01,INE778B01029,0915-1530|1815-1915:,2026-07-30,,NSE:ESTER-EQ,10,10,24265,ESTER,24265,-1.0,XX,101000000024265,,1,1.0
10100000005097,ETERNAL LIMITED,0,1,0.05,INE758T01015,0915-1530|1815-1915:,2026-07-30,,NSE:ETERNAL-EQ,10,10,5097,ETERNAL,5097,-1.0,XX,10100000005097,,1,3.0
10100000009750,ETHOS LIMITED,0,1,0.1,INE04TZ01018,0915-1530|1815-1915:,2026-07-30,,NSE:ETHOSLTD-EQ,10,10,9750,ETHOSLTD,9750,-1.0,XX,10100000009750,,1,2.0
1010000000758591,EMKAY TOOLS LIMITED,0,150,0.05,INE0PXC01024,0915-1530|1815-1915:,2026-07-30,,NSE:ETL-SM,10,10,758591,ETL,758591,-1.0,XX,1010000000758591,,0,0.0
101000000027629,EMERALD TYRE MANUF LTD,0,1200,0.05,INE0RHD01013,0915-1530|1815-1915:,2026-07-30,,NSE:ETML-SM,10,10,27629,ETML,27629,-1.0,XX,101000000027629,,0,0.0
101000000025162,EUREKA FORBES LIMITED,0,1,0.05,INE0KCE01017,0915-1530|1815-1915:,2026-07-30,,NSE:EUREKAFORB-EQ,10,10,25162,EUREKAFORB,25162,-1.0,XX,101000000025162,,1,3.1
1010000000757953,EURO PANEL PRODUCTS LTD,0,1,0.01,INE505V01016,0915-1530|1815-1915:,2026-07-30,,NSE:EUROBOND-EQ,10,10,757953,EUROBOND,757953,-1.0,XX,1010000000757953,,0,0.0
1010000000759797,EURO PRATIK SALES LIMITED,0,1,0.05,INE198501012,0915-1530|1815-1915:,2026-07-30,,NSE:EUROPRATIK-EQ,10,10,759797,EUROPRATIK,759797,-1.0,XX,1010000000759797,,1,2.0
10100000008886,EUROTEX IND & EXPORTS LTD,0,1,0.01,INE022C01012,0915-1530|1815-1915:,2026-07-30,,NSE:EUROTEXIND-BE,10,10,8886,EUROTEXIND,8886,-1.0,XX,10100000008886,,0,0.0
101000000011782,EVEREADY INDS. IND.  LTD.,0,1,0.05,INE128A01029,0915-1530|1815-1915:,2026-07-30,,NSE:EVEREADY-EQ,10,10,11782,EVEREADY,11782,-1.0,XX,101000000011782,,1,2.0
10100000006017,EVEREST INDUSTRIES LTD,0,1,0.05,INE295A01018,0915-1530|1815-1915:,2026-07-30,,NSE:EVERESTIND-BE,10,10,6017,EVERESTIND,6017,-1.0,XX,10100000006017,,1,1.0
101000000011471,EXCEL INDUSTRIES LTD,0,1,0.05,INE369A01029,0915-1530|1815-1915:,2026-07-30,,NSE:EXCELINDUS-EQ,10,10,11471,EXCELINDUS,11471,-1.0,XX,101000000011471,,0,0.0
101000000025327,EXCELLENT WIRES N PACK L,0,1600,0.05,INE0Y4801011,0915-1530|1815-1915:,2026-07-30,,NSE:EXCELLENT-ST,10,10,25327,EXCELLENT,25327,-1.0,XX,101000000025327,,0,0.0
1010000000760007,EXCELSOFT TECHNOLOGIES L,0,1,0.01,INE606N01019,0915-1530|1815-1915:,2026-07-30,,NSE:EXCELSOFT-EQ,10,10,760007,EXCELSOFT,760007,-1.0,XX,1010000000760007,,1,2.0
101000000022947,EXICOM TELE SYSTEMS LTD,0,1,0.01,INE777F01014,0915-1530|1815-1915:,2026-07-30,,NSE:EXICOM-EQ,10,10,22947,EXICOM,22947,-1.0,XX,101000000022947,,1,1.0
1010000000676,EXIDE INDUSTRIES LTD,0,1,0.05,INE302A01020,0915-1530|1815-1915:,2026-07-30,,NSE:EXIDEIND-EQ,10,10,676,EXIDEIND,676,-1.0,XX,1010000000676,,1,3.2
1010000000760422,EXIM ROUTES LIMITED,0,800,0.05,INE19I001020,0915-1530|1815-1915:,2026-07-30,,NSE:EXIMROUTES-SM,10,10,760422,EXIMROUTES,760422,-1.0,XX,1010000000760422,,0,0.0
101000000017486,EXPLEO SOLUTIONS LIMITED,0,1,0.05,INE201K01015,0915-1530|1815-1915:,2026-07-30,,NSE:EXPLEOSOL-EQ,10,10,17486,EXPLEOSOL,17486,-1.0,XX,101000000017486,,1,2.0
10100000005352,EXXARO TILES LIMITED,0,1,0.01,INE0GFE01026,0915-1530|1815-1915:,2026-07-30,,NSE:EXXARO-EQ,10,10,5352,EXXARO,5352,-1.0,XX,10100000005352,,0,0.0
1010000000760125,FABTECH TECHNOLOGIES LTD,0,1,0.01,INE0HF201011,0915-1530|1815-1915:,2026-07-30,,NSE:FABTECH-EQ,10,10,760125,FABTECH,760125,-1.0,XX,1010000000760125,,1,2.0
10100000001008,FACT LTD,0,1,0.05,INE188A01015,0915-1530|1815-1915:,2026-07-30,,NSE:FACT-EQ,10,10,1008,FACT,1008,-1.0,XX,10100000001008,,1,2.7
10100000001619,FAIRCHEM ORGANICS LIMITED,0,1,0.05,INE0DNW01011,0915-1530|1815-1915:,2026-07-30,,NSE:FAIRCHEMOR-BE,10,10,1619,FAIRCHEMOR,1619,-1.0,XX,10100000001619,,1,1.0
101000000024150,FALCON TECHNOPROJ IND LTD,0,1200,0.05,INE0PQK01013,0915-1530|1815-1915:,2026-07-30,,NSE:FALCONTECH-SM,10,10,24150,FALCONTECH,24150,-1.0,XX,101000000024150,,0,0.0
101000000012000,FAZE THREE LIMITED,0,1,0.05,INE963C01033,0915-1530|1815-1915:,2026-07-30,,NSE:FAZE3Q-EQ,10,10,12000,FAZE3Q,12000,-1.0,XX,101000000012000,,1,2.0
10100000006198,FINEOTEX CHEMICAL LIMITED,0,1,0.01,INE045J01034,0915-1530|1815-1915:,2026-07-30,,NSE:FCL-EQ,10,10,6198,FCL,6198,-1.0,XX,10100000006198,,1,1.0
101000000011999,FCS SOFTWARE SOLN. LTD.,0,1,0.01,INE512B01022,0915-1530|1815-1915:,2026-07-30,,NSE:FCSSOFT-EQ,10,10,11999,FCSSOFT,11999,-1.0,XX,101000000011999,,0,0.0
10100000004898,FDC LIMITED,0,1,0.05,INE258B01022,0915-1530|1815-1915:,2026-07-30,,NSE:FDC-EQ,10,10,4898,FDC,4898,-1.0,XX,10100000004898,,1,3.3
1010000000762675,FEDDERS HOLDING LTD.,0,1,0.01,INE417D01020,0915-1530|1815-1915:,2026-07-30,,NSE:FEDDERSHOL-EQ,10,10,762675,FEDDERSHOL,762675,-1.0,XX,1010000000762675,,1,2.0
10100000001023,FEDERAL BANK LTD,0,1,0.05,INE171A01029,0915-1530|1815-1915:,2026-07-30,,NSE:FEDERALBNK-EQ,10,10,1023,FEDERALBNK,1023,-1.0,XX,10100000001023,,1,3.6
101000000020322,FEDBANK FINANCIAL SER L,0,1,0.01,INE007N01010,0915-1530|1815-1915:,2026-07-30,,NSE:FEDFINA-EQ,10,10,20322,FEDFINA,20322,-1.0,XX,101000000020322,,1,2.9
101000000013812,FUTURE ENTERPRISES LTD,0,1,0.01,INE623B01027,0915-1530|1815-1915:,2026-07-30,,NSE:FEL-BZ,10,10,13812,FEL,13812,-1.0,XX,101000000013812,,0,0.0
101000000030491,FUTURE ENTERPRISES LTD,0,1,0.01,IN9623B01058,0915-1530|1815-1915:,2026-07-30,,NSE:FELDVR-BZ,10,10,30491,FELDVR,30491,-1.0,XX,101000000030491,,0,0.0
1010000000573,FELIX INDUSTRIES LTD.,0,500,0.05,INE901X01013,0915-1530|1815-1915:,2026-07-30,,NSE:FELIX-SM,10,10,573,FELIX,573,-1.0,XX,1010000000573,,0,0.0
1010000000762680,FERMENTA BIOTECH LTD.,0,1,0.05,INE225B01021,0915-1530|1815-1915:,2026-07-30,,NSE:FERMENTA-EQ,10,10,762680,FERMENTA,762680,-1.0,XX,1010000000762680,,1,2.0
10100000008159,FIBERWEB INDIA LIMITED,0,1,0.01,INE296C01020,0915-1530|1815-1915:,2026-07-30,,NSE:FIBERWEB-EQ,10,10,8159,FIBERWEB,8159,-1.0,XX,10100000008159,,0,0.0
10100000009858,FIDEL SOFTECH LIMITED,0,1000,0.05,INE0LQQ01019,0915-1530|1815-1915:,2026-07-30,,NSE:FIDEL-SM,10,10,9858,FIDEL,9858,-1.0,XX,10100000009858,,0,0.0
101000000013710,FIEM INDUSTRIES LIMITED,0,1,0.1,INE737H01014,0915-1530|1815-1915:,2026-07-30,,NSE:FIEMIND-EQ,10,10,13710,FIEMIND,13710,-1.0,XX,101000000013710,,1,3.1
101000000024532,FILATEX INDIA LTD,0,1,0.01,INE816B01035,0915-1530|1815-1915:,2026-07-30,,NSE:FILATEX-EQ,10,10,24532,FILATEX,24532,-1.0,XX,101000000024532,,1,2.0
101000000023651,FILATEX FASHIONS LIMITED,0,1,0.01,INE185E01021,0915-1530|1815-1915:,2026-07-30,,NSE:FILATFASH-BE,10,10,23651,FILATFASH,23651,-1.0,XX,101000000023651,,0,0.0
1010000000759776,FINBUD FINANCIAL SERV LTD,0,1000,0.05,INE0EDU01014,0915-1530|1815-1915:,2026-07-30,,NSE:FINBUD-SM,10,10,759776,FINBUD,759776,-1.0,XX,1010000000759776,,0,0.0
10100000001038,FINOLEX CABLES LTD,0,1,0.1,INE235A01022,0915-1530|1815-1915:,2026-07-30,,NSE:FINCABLES-EQ,10,10,1038,FINCABLES,1038,-1.0,XX,10100000001038,,1,2.9
10100000003744,FINE ORGANIC IND. LTD.,0,1,0.5,INE686Y01026,0915-1530|1815-1915:,2026-07-30,,NSE:FINEORG-EQ,10,10,3744,FINEORG,3744,-1.0,XX,10100000003744,,1,3.3
1010000000759239,FINKURVE FINANCIAL SERV L,0,1,0.01,INE734I01027,0915-1530|1815-1915:,2026-07-30,,NSE:FINKURVE-EQ,10,10,759239,FINKURVE,759239,-1.0,XX,1010000000759239,,0,0.0
10100000006579,FINO PAYMENTS BANK LTD,0,1,0.01,INE02NC01014,0915-1530|1815-1915:,2026-07-30,,NSE:FINOPB-EQ,10,10,6579,FINOPB,6579,-1.0,XX,10100000006579,,1,2.3
10100000001041,FINOLEX INDUSTRIES LTD,0,1,0.01,INE183A01024,0915-1530|1815-1915:,2026-07-30,,NSE:FINPIPE-EQ,10,10,1041,FINPIPE,1041,-1.0,XX,10100000001041,,1,3.2
101000000024814,BRAINBEES SOLUTIONS LTD,0,1,0.01,INE02RE01045,0915-1530|1815-1915:,2026-07-30,,NSE:FIRSTCRY-EQ,10,10,24814,FIRSTCRY,24814,-1.0,XX,101000000024814,,1,2.8
1010000000757658,FISCHER MEDICAL VENTURE L,0,1,0.01,INE771F01041,0915-1530|1815-1915:,2026-07-30,,NSE:FISCHER-EQ,10,10,757658,FISCHER,757658,-1.0,XX,1010000000757658,,1,2.0
101000000012032,FIVE-STAR BUS FIN LTD,0,1,0.05,INE128S01021,0915-1530|1815-1915:,2026-07-30,,NSE:FIVESTAR-EQ,10,10,12032,FIVESTAR,12032,-1.0,XX,101000000012032,,1,2.9
101000000020372,FLAIR WRITING INDUST LTD,0,1,0.05,INE00Y201027,0915-1530|1815-1915:,2026-07-30,,NSE:FLAIR-EQ,10,10,20372,FLAIR,20372,-1.0,XX,101000000020372,,1,2.0
101000000025516,FLEXITUFF VENTURES INT L,0,1,0.01,INE060J01017,0915-1530|1815-1915:,2026-07-30,,NSE:FLEXITUFF-BE,10,10,25516,FLEXITUFF,25516,-1.0,XX,101000000025516,,0,0.0
101000000014868,FUT LIFESTYLE FASH LTD,0,1,0.01,INE452O01016,0915-1530|1815-1915:,2026-07-30,,NSE:FLFL-BZ,10,10,14868,FLFL,14868,-1.0,XX,101000000014868,,0,0.0
101000000013750,GUJARAT FLUOROCHEM LTD,0,1,0.1,INE09N301011,0915-1530|1815-1915:,2026-07-30,,NSE:FLUOROCHEM-EQ,10,10,13750,FLUOROCHEM,13750,-1.0,XX,101000000013750,,1,3.2
1010000000758208,FLYSBS AVIATION LIMITED,0,200,0.05,INE0VCK01011,0915-1530|1815-1915:,2026-07-30,,NSE:FLYSBS-SM,10,10,758208,FLYSBS,758208,-1.0,XX,1010000000758208,,0,0.0
10100000001190,FEDERAL-MOGUL GOETZE (IND,0,1,0.05,INE529A01010,0915-1530|1815-1915:,2026-07-30,,NSE:FMGOETZE-EQ,10,10,1190,FMGOETZE,1190,-1.0,XX,10100000001190,,1,2.0
101000000021021,FUTURE MKT NETWORKS LTD,0,1,0.01,INE360L01017,0915-1530|1815-1915:,2026-07-30,,NSE:FMNL-BE,10,10,21021,FMNL,21021,-1.0,XX,101000000021021,,0,0.0
10100000007385,FOCE INDIA LIMITED,0,240,0.05,INE0I7D01019,0915-1530|1815-1915:,2026-07-30,,NSE:FOCE-SM,10,10,7385,FOCE,7385,-1.0,XX,10100000007385,,0,0.0
10100000006839,FOCUS LIGHTG & FIXTRS LTD,0,1,0.01,INE593W01028,0915-1530|1815-1915:,2026-07-30,,NSE:FOCUS-BE,10,10,6839,FOCUS,6839,-1.0,XX,10100000006839,,1,1.0
101000000022517,FONEBOX RETAIL LIMITED,0,1000,0.05,INE0Q4701019,0915-1530|1815-1915:,2026-07-30,,NSE:FONEBOX-SM,10,10,22517,FONEBOX,22517,-1.0,XX,101000000022517,,0,0.0
10100000006673,FOODS & INNS LIMITED,0,1,0.01,INE976E01023,0915-1530|1815-1915:,2026-07-30,,NSE:FOODSIN-EQ,10,10,6673,FOODSIN,6673,-1.0,XX,10100000006673,,0,0.0
101000000024917,FORCAS STUDIO LIMITED,0,1600,0.05,INE0U2501017,0915-1530|1815-1915:,2026-07-30,,NSE:FORCAS-ST,10,10,24917,FORCAS,24917,-1.0,XX,101000000024917,,0,0.0
101000000011573,FORCE MOTORS LIMITED,0,1,1.0,INE451A01017,0915-1530|1815-1915:,2026-07-30,,NSE:FORCEMOT-EQ,10,10,11573,FORCEMOT,11573,-1.0,XX,101000000011573,,1,2.6
101000000025664,FORGE AUTO INTERNATION L,0,1200,0.05,INE0YKW01013,0915-1530|1815-1915:,2026-07-30,,NSE:FORGEAUTO-SM,10,10,25664,FORGEAUTO,25664,-1.0,XX,101000000025664,,0,0.0
101000000014592,FORTIS HEALTHCARE LTD,0,1,0.05,INE061F01013,0915-1530|1815-1915:,2026-07-30,,NSE:FORTIS-EQ,10,10,14592,FORTIS,14592,-1.0,XX,101000000014592,,1,3.4
10100000001073,FOSECO INDIA LTD,0,1,0.5,INE519A01011,0915-1530|1815-1915:,2026-07-30,,NSE:FOSECOIND-EQ,10,10,1073,FOSECOIND,1073,-1.0,XX,10100000001073,,1,2.0
1010000000760961,FRACTAL ANALYTICS LIMITED,0,1,0.05,INE212S01015,0915-1530|1815-1915:,2026-07-30,,NSE:FRACTAL-EQ,10,10,760961,FRACTAL,760961,-1.0,XX,1010000000760961,,1,3.1
101000000025871,FRESHARA AGRO EXPORTS LTD,0,600,0.05,INE0SFW01015,0915-1530|1815-1915:,2026-07-30,,NSE:FRESHARA-ST,10,10,25871,FRESHARA,25871,-1.0,XX,101000000025871,,0,0.0
101000000011504,FROG INNOVATIONS LIMITED,0,400,0.05,INE385O01018,0915-1530|1815-1915:,2026-07-30,,NSE:FROG-ST,10,10,11504,FROG,11504,-1.0,XX,101000000011504,,0,0.0
1010000000762685,FRONTIER SPRINGS LTD.,0,1,0.1,INE572D01014,0915-1530|1815-1915:,2026-07-30,,NSE:FRONTSP-EQ,10,10,762685,FRONTSP,762685,-1.0,XX,1010000000762685,,1,2.0
101000000014304,FIRSTSOURCE SOLU. LTD.,0,1,0.01,INE684F01012,0915-1530|1815-1915:,2026-07-30,,NSE:FSL-EQ,10,10,14304,FSL,14304,-1.0,XX,101000000014304,,1,2.7
101000000011932,FUSION FINANCE LIMITED,0,1,0.01,INE139R01012,0915-1530|1815-1915:,2026-07-30,,NSE:FUSION-EQ,10,10,11932,FUSION,11932,-1.0,XX,101000000011932,,1,2.6
1010000000760331,FLYWINGS SIMULAT T C LTD,0,600,0.05,INE0SQZ01015,0915-1530|1815-1915:,2026-07-30,,NSE:FWSTC-SM,10,10,760331,FWSTC,760331,-1.0,XX,1010000000760331,,0,0.0
10100000001085,GABRIEL INDIA LTD,0,1,0.1,INE524A01029,0915-1530|1815-1915:,2026-07-30,,NSE:GABRIEL-EQ,10,10,1085,GABRIEL,1085,-1.0,XX,10100000001085,,1,2.6
10100000008828,GUJARAT AMBUJA EXPORTS LT,0,1,0.01,INE036B01030,0915-1530|1815-1915:,2026-07-30,,NSE:GAEL-EQ,10,10,8828,GAEL,8828,-1.0,XX,10100000008828,,1,3.0
10100000004717,GAIL (INDIA) LTD,0,1,0.01,INE129A01019,0915-1530|1815-1915:,2026-07-30,,NSE:GAIL-EQ,10,10,4717,GAIL,4717,-1.0,XX,10100000004717,,1,3.4
101000000025244,GAJANAND INTERNATIONAL L,0,3000,0.05,INE0QTE01018,0915-1530|1815-1915:,2026-07-30,,NSE:GAJANAND-SM,10,10,25244,GAJANAND,25244,-1.0,XX,101000000025244,,0,0.0
101000000025134,GALA PRECISION ENG LTD,0,1,0.1,INE0RE001014,0915-1530|1815-1915:,2026-07-30,,NSE:GALAPREC-EQ,10,10,25134,GALAPREC,25134,-1.0,XX,101000000025134,,1,2.7
10100000001315,GALAXY SURFACTANTS LTD,0,1,0.1,INE600K01018,0915-1530|1815-1915:,2026-07-30,,NSE:GALAXYSURF-EQ,10,10,1315,GALAXYSURF,1315,-1.0,XX,10100000001315,,1,2.0
101000000013337,GALLANTT ISPAT LIMITED,0,1,0.05,INE297H01019,0915-1530|1815-1915:,2026-07-30,,NSE:GALLANTT-EQ,10,10,13337,GALLANTT,13337,-1.0,XX,101000000013337,,1,2.4
101000000020303,GANDHAR OIL REFINE IND L,0,1,0.01,INE717W01049,0915-1530|1815-1915:,2026-07-30,,NSE:GANDHAR-EQ,10,10,20303,GANDHAR,20303,-1.0,XX,101000000020303,,1,1.0
101000000014116,GANDHI SPL. TUBES LTD,0,1,0.05,INE524B01027,0915-1530|1815-1915:,2026-07-30,,NSE:GANDHITUBE-EQ,10,10,14116,GANDHITUBE,14116,-1.0,XX,101000000014116,,1,1.0
10100000006944,GANESHA ECOSPHERE LIMITED,0,1,0.05,INE845D01014,0915-1530|1815-1915:,2026-07-30,,NSE:GANECOS-EQ,10,10,6944,GANECOS,6944,-1.0,XX,10100000006944,,1,2.0
10100000005617,GANESH BENZOPLAST LIMITED,0,1,0.01,INE388A01029,0915-1530|1815-1915:,2026-07-30,,NSE:GANESHBE-BE,10,10,5617,GANESHBE,5617,-1.0,XX,10100000005617,,1,1.0
1010000000759012,GANESH CONSUMER PRODUCT L,0,1,0.01,INE652V01016,0915-1530|1815-1915:,2026-07-30,,NSE:GANESHCP-EQ,10,10,759012,GANESHCP,759012,-1.0,XX,1010000000759012,,1,2.0
101000000014339,GANESH HOUSING LIMITED,0,1,0.05,INE460C01014,0915-1530|1815-1915:,2026-07-30,,NSE:GANESHHOU-EQ,10,10,14339,GANESHHOU,14339,-1.0,XX,101000000014339,,1,2.0
101000000027351,GANESH INFRAWORLD LIMITED,0,800,0.05,INE0TVT01024,0915-1530|1815-1915:,2026-07-30,,NSE:GANESHIN-ST,10,10,27351,GANESHIN,27351,-1.0,XX,101000000027351,,0,0.0
1010000000757525,GANGA BATH FITTINGS LTD,0,3000,0.05,INE0ZI101018,0915-1530|1815-1915:,2026-07-30,,NSE:GANGABATH-SM,10,10,757525,GANGABATH,757525,-1.0,XX,1010000000757525,,0,0.0
10100000004959,GANGA FORGING LIMITED,0,1,0.01,INE691Z01023,0915-1530|1815-1915:,2026-07-30,,NSE:GANGAFORGE-BE,10,10,4959,GANGAFORGE,4959,-1.0,XX,10100000004959,,0,0.0
101000000021399,GANGES SECURITIES LIMITED,0,1,0.01,INE335W01016,0915-1530|1815-1915:,2026-07-30,,NSE:GANGESSECU-EQ,10,10,21399,GANGESSECU,21399,-1.0,XX,101000000021399,,0,0.0
10100000001100,GARWARE TECH FIBRES LTD,0,1,0.05,INE276A01018,0915-1530|1815-1915:,2026-07-30,,NSE:GARFIBRES-EQ,10,10,1100,GARFIBRES,1100,-1.0,XX,10100000001100,,1,3.0
101000000025800,GARUDA CONSTRUCT N ENG L,0,1,0.01,INE0JVO01026,0915-1530|1815-1915:,2026-07-30,,NSE:GARUDA-EQ,10,10,25800,GARUDA,25800,-1.0,XX,101000000025800,,1,2.4
101000000017888,GACM TECHNOLOGIES LIMITED,0,1,0.01,INE224E01028,0915-1530|1815-1915:,2026-07-30,,NSE:GATECH-EQ,10,10,17888,GATECH,17888,-1.0,XX,101000000017888,,0,0.0
101000000017,GACM TECHNOLOGIES LIMITED,0,1,0.01,INE224E01036,0915-1530|1815-1915:,2026-07-30,,NSE:GATECHDVR-EQ,10,10,17,GATECHDVR,17,-1.0,XX,101000000017,,0,0.0
10100000008510,GATEWAY DISTRIPARKS LTD,0,1,0.01,INE079J01017,0915-1530|1815-1915:,2026-07-30,,NSE:GATEWAY-EQ,10,10,8510,GATEWAY,8510,-1.0,XX,10100000008510,,1,2.0
1010000000760179,GAUDIUM IVF N WOMEN H L,0,1,0.01,INE0P8B01020,0915-1530|1815-1915:,2026-07-30,,NSE:GAUDIUMIVF-BE,10,10,760179,GAUDIUMIVF,760179,-1.0,XX,1010000000760179,,0,0.0
10100000003693,GAYATRI HIGHWAYS LIMITED,0,1,0.01,INE287Z01012,0915-1530|1815-1915:,2026-07-30,,NSE:GAYAHWS-EQ,10,10,3693,GAYAHWS,3693,-1.0,XX,10100000003693,,0,0.0
101000000025027,GAYATRI PROJECTS LTD,0,1,0.01,INE336H01023,0915-1530|1815-1915:,2026-07-30,,NSE:GAYAPROJ-BE,10,10,25027,GAYAPROJ,25027,-1.0,XX,101000000025027,,0,0.0
101000000030289,GRAND CONTINENT HOTELS L,0,600,0.05,INE12E301017,0915-1530|1815-1915:,2026-07-30,,NSE:GCHOTELS-ST,10,10,30289,GCHOTELS,30289,-1.0,XX,101000000030289,,0,0.0
1010000000758986,GRETEX CORPORATE SERVICES,0,1,0.05,INE199P01028,0915-1530|1815-1915:,2026-07-30,,NSE:GCSL-EQ,10,10,758986,GCSL,758986,-1.0,XX,1010000000758986,,0,0.0
101000000013662,GEECEE VENTURES LIMITED,0,1,0.05,INE916G01016,0915-1530|1815-1915:,2026-07-30,,NSE:GEECEE-BE,10,10,13662,GEECEE,13662,-1.0,XX,101000000013662,,0,0.0
101000000017922,GEEKAY WIRES LIMITED,0,1,0.01,INE669X01032,0915-1530|1815-1915:,2026-07-30,,NSE:GEEKAYWIRE-EQ,10,10,17922,GEEKAYWIRE,17922,-1.0,XX,101000000017922,,0,0.0
1010000000759461,GEM AROMATICS LIMITED,0,1,0.01,INE06XZ01023,0915-1530|1815-1915:,2026-07-30,,NSE:GEMAROMA-EQ,10,10,759461,GEMAROMA,759461,-1.0,XX,1010000000759461,,1,2.0
10100000002188,GENERIC ENG CONS PROJ LTD,0,1,0.01,INE854S01022,0915-1530|1815-1915:,2026-07-30,,NSE:GENCON-EQ,10,10,2188,GENCON,2188,-1.0,XX,10100000002188,,0,0.0
101000000010905,GENESYS INTL CORPN LTD,0,1,0.05,INE727B01026,0915-1530|1815-1915:,2026-07-30,,NSE:GENESYS-EQ,10,10,10905,GENESYS,10905,-1.0,XX,101000000010905,,1,2.2
10100000006600,GENUS P&B LIMITED,0,1,0.01,INE949P01018,0915-1530|1815-1915:,2026-07-30,,NSE:GENUSPAPER-EQ,10,10,6600,GENUSPAPER,6600,-1.0,XX,10100000006600,,0,0.0
101000000011905,GENUS POWER INFRASTRU LTD,0,1,0.05,INE955D01029,0915-1530|1815-1915:,2026-07-30,,NSE:GENUSPOWER-EQ,10,10,11905,GENUSPOWER,11905,-1.0,XX,101000000011905,,1,2.8
101000000031942,GENXAI ANALYTICS LIMITED,0,1200,0.05,INE1W0N01014,0915-1530|1815-1915:,2026-07-30,,NSE:GENXAI-SM,10,10,31942,GENXAI,31942,-1.0,XX,101000000031942,,0,0.0
101000000011896,GEOJIT FINANCIAL SER L,0,1,0.01,INE007B01023,0915-1530|1815-1915:,2026-07-30,,NSE:GEOJITFSL-EQ,10,10,11896,GEOJITFSL,11896,-1.0,XX,101000000011896,,1,2.0
101000000013776,THE GE SHPG.LTD,0,1,0.1,INE017A01032,0915-1530|1815-1915:,2026-07-30,,NSE:GESHIP-EQ,10,10,13776,GESHIP,13776,-1.0,XX,101000000013776,,1,3.0
10100000001289,GFL LIMITED,0,1,0.01,INE538A01037,0915-1530|1815-1915:,2026-07-30,,NSE:GFLLIMITED-EQ,10,10,1289,GFLLIMITED,1289,-1.0,XX,10100000001289,,0,0.0
101000000024439,GANESH GREEN BHARAT LTD,0,300,0.05,INE0R8C01018,0915-1530|1815-1915:,2026-07-30,,NSE:GGBL-SM,10,10,24439,GGBL,24439,-1.0,XX,101000000024439,,0,0.0
10100000001127,GHCL LIMITED,0,1,0.05,INE539A01019,0915-1530|1815-1915:,2026-07-30,,NSE:GHCL-EQ,10,10,1127,GHCL,1127,-1.0,XX,10100000001127,,1,3.3
101000000016696,GHCL TEXTILES LIMITED,0,1,0.01,INE0PA801013,0915-1530|1815-1915:,2026-07-30,,NSE:GHCLTEXTIL-EQ,10,10,16696,GHCLTEXTIL,16696,-1.0,XX,101000000016696,,1,2.0
10100000001139,GIC HOUSING FINANCE LTD,0,1,0.01,INE289B01019,0915-1530|1815-1915:,2026-07-30,,NSE:GICHSGFIN-EQ,10,10,1139,GICHSGFIN,1139,-1.0,XX,10100000001139,,1,2.0
1010000000761025,GLOBE INTL CARRIERS LTD,0,1,0.01,INE947T01022,0915-1530|1815-1915:,2026-07-30,,NSE:GICL-EQ,10,10,761025,GICL,761025,-1.0,XX,1010000000761025,,0,0.0
1010000000277,GENERAL INS CORP OF INDIA,0,1,0.05,INE481Y01014,0915-1530|1815-1915:,2026-07-30,,NSE:GICRE-EQ,10,10,277,GICRE,277,-1.0,XX,1010000000277,,1,3.3
101000000017839,GILLANDERS ARBUTHNOT LTD,0,1,0.01,INE047B01011,0915-1530|1815-1915:,2026-07-30,,NSE:GILLANDERS-EQ,10,10,17839,GILLANDERS,17839,-1.0,XX,101000000017839,,0,0.0
10100000001576,GILLETTE INDIA LTD,0,1,0.5,INE322A01010,0915-1530|1815-1915:,2026-07-30,,NSE:GILLETTE-EQ,10,10,1576,GILLETTE,1576,-1.0,XX,10100000001576,,1,3.4
10100000009294,GINNIFILAMENTS LTD.,0,1,0.01,INE424C01010,0915-1530|1815-1915:,2026-07-30,,NSE:GINNIFILA-BE,10,10,9294,GINNIFILA,9294,-1.0,XX,10100000009294,,0,0.0
10100000001145,GUJ IND POW CO. LTD,0,1,0.01,INE162A01010,0915-1530|1815-1915:,2026-07-30,,NSE:GIPCL-EQ,10,10,1145,GIPCL,1145,-1.0,XX,10100000001145,,1,2.0
10100000002365,GIRIRAJ CIVIL DEVP LTD,0,250,0.05,INE614Z01017,0915-1530|1815-1915:,2026-07-30,,NSE:GIRIRAJ-SM,10,10,2365,GIRIRAJ,2365,-1.0,XX,10100000002365,,0,0.0
1010000000760971,GROVER JEWELLS LIMITED,0,800,0.05,INE1TY801010,0915-1530|1815-1915:,2026-07-30,,NSE:GJL-ST,10,10,760971,GJL,760971,-1.0,XX,1010000000760971,,0,0.0
1010000000759048,GK ENERGY LIMITED,0,1,0.01,INE1AG301022,0915-1530|1815-1915:,2026-07-30,,NSE:GKENERGY-EQ,10,10,759048,GKENERGY,759048,-1.0,XX,1010000000759048,,1,2.8
1010000000761197,GUJARAT KIDNEY N SUP SP L,0,1,0.01,INE0V0W01025,0915-1530|1815-1915:,2026-07-30,,NSE:GKSL-EQ,10,10,761197,GKSL,761197,-1.0,XX,1010000000761197,,1,2.0
101000000017357,GKW LIMITED,0,1,0.1,INE528A01020,0915-1530|1815-1915:,2026-07-30,,NSE:GKWLIMITED-EQ,10,10,17357,GKWLIMITED,17357,-1.0,XX,101000000017357,,0,0.0
10100000001186,GLAND PHARMA LIMITED,0,1,0.1,INE068V01023,0915-1530|1815-1915:,2026-07-30,,NSE:GLAND-EQ,10,10,1186,GLAND,1186,-1.0,XX,10100000001186,,1,3.2
10100000001153,GLAXOSMITHKLINE PHARMA LT,0,1,0.1,INE159A01016,0915-1530|1815-1915:,2026-07-30,,NSE:GLAXO-EQ,10,10,1153,GLAXO,1153,-1.0,XX,10100000001153,,1,3.3
10100000007406,GLENMARK PHARMACEUTICALS,0,1,0.1,INE935A01035,0915-1530|1815-1915:,2026-07-30,,NSE:GLENMARK-EQ,10,10,7406,GLENMARK,7406,-1.0,XX,10100000007406,,1,3.3
10100000008412,GUJARAT LEASE FINANCING L,0,1,0.01,INE540A01017,0915-1530|1815-1915:,2026-07-30,,NSE:GLFL-BE,10,10,8412,GLFL,8412,-1.0,XX,10100000008412,,0,0.0
10100000001415,GLOBAL EDUCATION LIMITED,0,1,0.01,INE291W01037,0915-1530|1815-1915:,2026-07-30,,NSE:GLOBAL-EQ,10,10,1415,GLOBAL,1415,-1.0,XX,10100000001415,,0,0.0
101000000024934,GLOBALE TESSILE LIMITED,0,1,0.01,INE0URU01010,0915-1530|1815-1915:,2026-07-30,,NSE:GLOBALE-BE,10,10,24934,GLOBALE,24934,-1.0,XX,101000000024934,,0,0.0
101000000017170,GLOBAL PET INDUSTRIES LTD,0,750,0.05,INE0PS501019,0915-1530|1815-1915:,2026-07-30,,NSE:GLOBALPET-ST,10,10,17170,GLOBALPET,17170,-1.0,XX,101000000017170,,0,0.0
101000000013735,GLOBAL VEC HELICORP LTD,0,1,0.01,INE792H01019,0915-1530|1815-1915:,2026-07-30,,NSE:GLOBALVECT-EQ,10,10,13735,GLOBALVECT,13735,-1.0,XX,101000000013735,,0,0.0
1010000000393,GLOBE ENTERPRISE (I) LTD,0,1,0.01,INE581X01021,0915-1530|1815-1915:,2026-07-30,,NSE:GLOBE-EQ,10,10,393,GLOBE,393,-1.0,XX,1010000000393,,0,0.0
1010000000758572,GLOBE CIVIL PROJECTS LTD,0,1,0.01,INE0V3U01015,0915-1530|1815-1915:,2026-07-30,,NSE:GLOBECIVIL-EQ,10,10,758572,GLOBECIVIL,758572,-1.0,XX,1010000000758572,,0,0.0
101000000017424,GLOBUS SPIRITS LTD,0,1,0.05,INE615I01010,0915-1530|1815-1915:,2026-07-30,,NSE:GLOBUSSPR-EQ,10,10,17424,GLOBUSSPR,17424,-1.0,XX,101000000017424,,1,2.0
101000000023590,GLOSTER LIMITED,0,1,0.05,INE350Z01018,0915-1530|1815-1915:,2026-07-30,,NSE:GLOSTERLTD-EQ,10,10,23590,GLOSTERLTD,23590,-1.0,XX,101000000023590,,0,0.0
1010000000760118,GLOTTIS LIMITED,0,1,0.01,INE0TQE01026,0915-1530|1815-1915:,2026-07-30,,NSE:GLOTTIS-BE,10,10,760118,GLOTTIS,760118,-1.0,XX,1010000000760118,,0,0.0
10100000001168,G M BREWERIES LTD,0,1,0.05,INE075D01018,0915-1530|1815-1915:,2026-07-30,,NSE:GMBREW-EQ,10,10,1168,GMBREW,1168,-1.0,XX,10100000001168,,1,2.0
10100000005204,GUJARAT MINERAL DEV CORP,0,1,0.05,INE131A01031,0915-1530|1815-1915:,2026-07-30,,NSE:GMDCLTD-EQ,10,10,5204,GMDCLTD,5204,-1.0,XX,10100000005204,,1,2.6
1010000000759089,GALAXY MEDICARE LIMITED,0,2000,0.05,INE09A801015,0915-1530|1815-1915:,2026-07-30,,NSE:GML-SM,10,10,759089,GML,759089,-1.0,XX,1010000000759089,,0,0.0
10100000001570,GMM PFAUDLER LIMITED,0,1,0.05,INE541A01023,0915-1530|1815-1915:,2026-07-30,,NSE:GMMPFAUDLR-EQ,10,10,1570,GMMPFAUDLR,1570,-1.0,XX,10100000001570,,1,2.0
101000000013528,GMR AIRPORTS LIMITED,0,1,0.01,INE776C01039,0915-1530|1815-1915:,2026-07-30,,NSE:GMRAIRPORT-EQ,10,10,13528,GMRAIRPORT,13528,-1.0,XX,101000000013528,,1,3.2
10100000008529,GMR POW AND URBAN INFRA L,0,1,0.01,INE0CU601026,0915-1530|1815-1915:,2026-07-30,,NSE:GMRP&UI-EQ,10,10,8529,GMRP&UI,8529,-1.0,XX,10100000008529,,1,2.8
101000000018571,GNA AXLES LIMITED,0,1,0.05,INE934S01014,0915-1530|1815-1915:,2026-07-30,,NSE:GNA-EQ,10,10,18571,GNA,18571,-1.0,XX,101000000018571,,1,1.0
10100000001174,GUJ NAR VAL FER & CHEM L,0,1,0.05,INE113A01013,0915-1530|1815-1915:,2026-07-30,,NSE:GNFC-EQ,10,10,1174,GNFC,1174,-1.0,XX,10100000001174,,1,3.2
1010000000762690,GUJARAT NATURAL RES L,0,1,0.01,INE207H01018,0915-1530|1815-1915:,2026-07-30,,NSE:GNRL-EQ,10,10,762690,GNRL,762690,-1.0,XX,1010000000762690,,1,2.0
101000000014687,GOA CARBON LIMITED,0,1,0.05,INE426D01013,0915-1530|1815-1915:,2026-07-30,,NSE:GOACARBON-EQ,10,10,14687,GOACARBON,14687,-1.0,XX,101000000014687,,0,0.0
10100000003963,GOCL CORPORATION LIMITED,0,1,0.05,INE077F01035,0915-1530|1815-1915:,2026-07-30,,NSE:GOCLCORP-EQ,10,10,3963,GOCLCORP,3963,-1.0,XX,10100000003963,,1,2.0
10100000006964,GO FASHION INDIA LTD,0,1,0.05,INE0BJS01011,0915-1530|1815-1915:,2026-07-30,,NSE:GOCOLORS-EQ,10,10,6964,GOCOLORS,6964,-1.0,XX,10100000006964,,1,2.6
101000000025941,GODAVARI BIOREFINERIES L,0,1,0.05,INE497S01012,0915-1530|1815-1915:,2026-07-30,,NSE:GODAVARIB-EQ,10,10,25941,GODAVARIB,25941,-1.0,XX,101000000025941,,1,2.0
10100000001181,GODFREY PHILLIPS INDIA LT,0,1,0.1,INE260B01028,0915-1530|1815-1915:,2026-07-30,,NSE:GODFRYPHLP-EQ,10,10,1181,GODFRYPHLP,1181,-1.0,XX,10100000001181,,1,2.5
101000000023799,GO DIGIT GENERAL INS LTD,0,1,0.05,INE03JT01014,0915-1530|1815-1915:,2026-07-30,,NSE:GODIGIT-EQ,10,10,23799,GODIGIT,23799,-1.0,XX,101000000023799,,1,3.4
1010000000144,GODREJ AGROVET LIMITED,0,1,0.05,INE850D01014,0915-1530|1815-1915:,2026-07-30,,NSE:GODREJAGRO-EQ,10,10,144,GODREJAGRO,144,-1.0,XX,1010000000144,,1,3.3
101000000010099,GODREJ CONSUMER PRODUCTS,0,1,0.1,INE102D01028,0915-1530|1815-1915:,2026-07-30,,NSE:GODREJCP-EQ,10,10,10099,GODREJCP,10099,-1.0,XX,101000000010099,,1,3.6
101000000010925,GODREJ INDUSTRIES LTD,0,1,0.1,INE233A01035,0915-1530|1815-1915:,2026-07-30,,NSE:GODREJIND-EQ,10,10,10925,GODREJIND,10925,-1.0,XX,101000000010925,,1,2.8
101000000017875,GODREJ PROPERTIES LTD,0,1,0.1,INE484J01027,0915-1530|1815-1915:,2026-07-30,,NSE:GODREJPROP-EQ,10,10,17875,GODREJPROP,17875,-1.0,XX,101000000017875,,1,3.0
101000000011778,GOKALDAS EXPORTS LTD.,0,1,0.05,INE887G01027,0915-1530|1815-1915:,2026-07-30,,NSE:GOKEX-EQ,10,10,11778,GOKEX,11778,-1.0,XX,101000000011778,,1,2.5
101000000016705,GOKUL REFOILS & SOLV LTD,0,1,0.01,INE020J01029,0915-1530|1815-1915:,2026-07-30,,NSE:GOKUL-EQ,10,10,16705,GOKUL,16705,-1.0,XX,101000000016705,,0,0.0
101000000014480,GOKUL AGRO RESOURCES LTD,0,1,0.01,INE314T01033,0915-1530|1815-1915:,2026-07-30,,NSE:GOKULAGRO-EQ,10,10,14480,GOKULAGRO,14480,-1.0,XX,101000000014480,,1,2.8
101000000011619,GOLDEN TOBACCO LIMITED,0,1,0.01,INE973A01010,0915-1530|1815-1915:,2026-07-30,,NSE:GOLDENTOBC-BZ,10,10,11619,GOLDENTOBC,11619,-1.0,XX,101000000011619,,0,0.0
101000000011971,GOLDIAM INTERNATIONAL LTD,0,1,0.05,INE025B01025,0915-1530|1815-1915:,2026-07-30,,NSE:GOLDIAM-EQ,10,10,11971,GOLDIAM,11971,-1.0,XX,101000000011971,,1,2.3
101000000013616,GOLDKART JEWELS LIMITED,0,625,0.05,INE06MH01016,0915-1530|1815-1915:,2026-07-30,,NSE:GOLDKART-SM,10,10,13616,GOLDKART,13616,-1.0,XX,101000000013616,,0,0.0
10100000001,GOLDSTAR POWER LIMITED,0,11250,0.05,INE405Y01021,0915-1530|1815-1915:,2026-07-30,,NSE:GOLDSTAR-SM,10,10,1,GOLDSTAR,1,-1.0,XX,10100000001,,0,0.0
10100000009878,AION-TECH SOLUTIONS LTD,0,1,0.01,INE805A01014,0915-1530|1815-1915:,2026-07-30,,NSE:GOLDTECH-BE,10,10,9878,GOLDTECH,9878,-1.0,XX,10100000009878,,0,0.0
10100000006125,GOODLUCK INDIA LIMITED,0,1,0.1,INE127I01024,0915-1530|1815-1915:,2026-07-30,,NSE:GOODLUCK-EQ,10,10,6125,GOODLUCK,6125,-1.0,XX,10100000006125,,1,2.7
10100000001205,GOODYEAR INDIA LIMITED,0,1,0.05,INE533A01012,0915-1530|1815-1915:,2026-07-30,,NSE:GOODYEAR-EQ,10,10,1205,GOODYEAR,1205,-1.0,XX,10100000001205,,0,0.0
101000000023066,GOPAL SNACKS LIMITED,0,1,0.05,INE0L9R01028,0915-1530|1815-1915:,2026-07-30,,NSE:GOPAL-EQ,10,10,23066,GOPAL,23066,-1.0,XX,101000000023066,,1,2.0
101000000011787,GOYAL ALUMINIUMS LIMITED,0,1,0.01,INE705X01026,0915-1530|1815-1915:,2026-07-30,,NSE:GOYALALUM-EQ,10,10,11787,GOYALALUM,11787,-1.0,XX,101000000011787,,0,0.0
101000000019356,GOYAL SALT LIMITED,0,600,0.05,INE0QFE01017,0915-1530|1815-1915:,2026-07-30,,NSE:GOYALSALT-SM,10,10,19356,GOYALSALT,19356,-1.0,XX,101000000019356,,0,0.0
101000000024113,GP ECO SOLUTIONS INDIA L,0,200,0.05,INE0S7E01015,0915-1530|1815-1915:,2026-07-30,,NSE:GPECO-ST,10,10,24113,GPECO,24113,-1.0,XX,101000000024113,,0,0.0
101000000013409,GODAWARI POW & ISP LTD,0,1,0.05,INE177H01039,0915-1530|1815-1915:,2026-07-30,,NSE:GPIL-EQ,10,10,13409,GPIL,13409,-1.0,XX,101000000013409,,1,3.0
101000000019731,GUJARAT PIPAVAV PORT LTD,0,1,0.01,INE517F01014,0915-1530|1815-1915:,2026-07-30,,NSE:GPPL-EQ,10,10,19731,GPPL,19731,-1.0,XX,101000000019731,,1,3.3
101000000022846,GPT HEALTHCARE LIMITED,0,1,0.01,INE486R01017,0915-1530|1815-1915:,2026-07-30,,NSE:GPTHEALTH-EQ,10,10,22846,GPTHEALTH,22846,-1.0,XX,101000000022846,,1,2.0
101000000017685,GPT INFRAPROJECTS LTD,0,1,0.01,INE390G01014,0915-1530|1815-1915:,2026-07-30,,NSE:GPTINFRA-EQ,10,10,17685,GPTINFRA,17685,-1.0,XX,101000000017685,,1,2.0
1010000000763301,GRADIENTE INFOTAINMENT L,0,1,0.01,INE361K01017,0915-1530|1815-1915:,2026-07-30,,NSE:GRADIENTE-BE,10,10,763301,GRADIENTE,763301,-1.0,XX,1010000000763301,,0,0.0
1010000000762695,GRAND OAK CANYONS DIST L,0,1,0.01,INE926B01016,0915-1530|1815-1915:,2026-07-30,,NSE:GRANDOAK-EQ,10,10,762695,GRANDOAK,762695,-1.0,XX,1010000000762695,,0,0.0
101000000011872,GRANULES INDIA LIMITED,0,1,0.05,INE101D01020,0915-1530|1815-1915:,2026-07-30,,NSE:GRANULES-EQ,10,10,11872,GRANULES,11872,-1.0,XX,101000000011872,,1,3.2
101000000020454,GRAPHISADS LIMITED,0,1200,0.05,INE0POU01017,0915-1530|1815-1915:,2026-07-30,,NSE:GRAPHISAD-SM,10,10,20454,GRAPHISAD,20454,-1.0,XX,101000000020454,,0,0.0
1010000000592,GRAPHITE INDIA LTD,0,1,0.05,INE371A01025,0915-1530|1815-1915:,2026-07-30,,NSE:GRAPHITE-EQ,10,10,592,GRAPHITE,592,-1.0,XX,1010000000592,,1,2.9
10100000001232,GRASIM INDUSTRIES LTD,0,1,0.1,INE047A01021,0915-1530|1815-1915:,2026-07-30,,NSE:GRASIM-EQ,10,10,1232,GRASIM,1232,-1.0,XX,10100000001232,,1,3.7
10100000005200,GRAUER & WEIL IND LTD,0,1,0.01,INE266D01021,0915-1530|1815-1915:,2026-07-30,,NSE:GRAUWEIL-EQ,10,10,5200,GRAUWEIL,5200,-1.0,XX,10100000005200,,1,2.0
1010000000762700,GRAVISS HOSPITALITY LTD.,0,1,0.01,INE214F01026,0915-1530|1815-1915:,2026-07-30,,NSE:GRAVISSHO-EQ,10,10,762700,GRAVISSHO,762700,-1.0,XX,1010000000762700,,0,0.0
101000000020534,GRAVITA INDIA LIMITED,0,1,0.1,INE024L01027,0915-1530|1815-1915:,2026-07-30,,NSE:GRAVITA-EQ,10,10,20534,GRAVITA,20534,-1.0,XX,101000000020534,,1,2.9
101000000014055,GAYATRI RUBB AND CHEM LTD,0,250,0.05,INE0LVM01018,0915-1530|1815-1915:,2026-07-30,,NSE:GRCL-ST,10,10,14055,GRCL,14055,-1.0,XX,101000000014055,,0,0.0
10100000001235,GREAVES COTTON LTD.,0,1,0.01,INE224A01026,0915-1530|1815-1915:,2026-07-30,,NSE:GREAVESCOT-EQ,10,10,1235,GREAVESCOT,1235,-1.0,XX,10100000001235,,1,2.7
101000000017092,GREENCHEF APPLIANCES LTD,0,800,0.05,INE0O7P01015,0915-1530|1815-1915:,2026-07-30,,NSE:GREENCHEF-SM,10,10,17092,GREENCHEF,17092,-1.0,XX,101000000017092,,0,0.0
10100000006848,GREENLAM INDUSTRIES LTD.,0,1,0.05,INE544R01021,0915-1530|1815-1915:,2026-07-30,,NSE:GREENLAM-EQ,10,10,6848,GREENLAM,6848,-1.0,XX,10100000006848,,1,2.9
1010000000759427,GREENLEAF ENVIROTECH LTD,0,1000,0.05,INE0PLX01017,0915-1530|1815-1915:,2026-07-30,,NSE:GREENLEAF-ST,10,10,759427,GREENLEAF,759427,-1.0,XX,1010000000759427,,0,0.0
101000000013810,GREENPANEL INDUSTRIES LTD,0,1,0.01,INE08ZM01014,0915-1530|1815-1915:,2026-07-30,,NSE:GREENPANEL-EQ,10,10,13810,GREENPANEL,13810,-1.0,XX,101000000013810,,1,2.0
10100000003987,GREENPLY INDUSTRIES LTD,0,1,0.05,INE461C01038,0915-1530|1815-1915:,2026-07-30,,NSE:GREENPLY-EQ,10,10,3987,GREENPLY,3987,-1.0,XX,10100000003987,,1,2.0
101000000020110,ORIENT GREEN POWER CO LTD,0,1,0.01,INE999K01014,0915-1530|1815-1915:,2026-07-30,,NSE:GREENPOWER-EQ,10,10,20110,GREENPOWER,20110,-1.0,XX,101000000020110,,1,2.0
101000000018741,GRETEX INDUSTRIES LTD.,0,750,0.05,INE985P01012,0915-1530|1815-1915:,2026-07-30,,NSE:GRETEX-SM,10,10,18741,GRETEX,18741,-1.0,XX,101000000018741,,0,0.0
101000000013560,GRINDWELL NORTON LIMITED,0,1,0.1,INE536A01023,0915-1530|1815-1915:,2026-07-30,,NSE:GRINDWELL-EQ,10,10,13560,GRINDWELL,13560,-1.0,XX,101000000013560,,1,2.9
10100000005054,G R INFRAPROJECTS LIMITED,0,1,0.05,INE201P01022,0915-1530|1815-1915:,2026-07-30,,NSE:GRINFRA-EQ,10,10,5054,GRINFRA,5054,-1.0,XX,10100000005054,,1,2.0
101000000010871,GRM OVERSEAS LIMITED,0,1,0.01,INE192H01020,0915-1530|1815-1915:,2026-07-30,,NSE:GRMOVER-EQ,10,10,10871,GRMOVER,10871,-1.0,XX,101000000010871,,1,2.5
101000000017770,THE GROB TEA COMPANY LTD,0,1,0.05,INE646C01018,0915-1530|1815-1915:,2026-07-30,,NSE:GROBTEA-EQ,10,10,17770,GROBTEA,17770,-1.0,XX,101000000017770,,0,0.0
1010000000759806,BILLIONBRAINS GARAGE VN L,0,1,0.01,INE0HOQ01053,0915-1530|1815-1915:,2026-07-30,,NSE:GROWW-EQ,10,10,759806,GROWW,759806,-1.0,XX,1010000000759806,,1,2.9
10100000006543,GRP LIMITED,0,1,0.1,INE137I01015,0915-1530|1815-1915:,2026-07-30,,NSE:GRPLTD-EQ,10,10,6543,GRPLTD,6543,-1.0,XX,10100000006543,,0,0.0
10100000005475,GARDEN REACH SHIP&ENG LTD,0,1,0.1,INE382Z01011,0915-1530|1815-1915:,2026-07-30,,NSE:GRSE-EQ,10,10,5475,GRSE,5475,-1.0,XX,10100000005475,,1,2.6
10100000007982,GARWARE HI-TECH FILMS LTD,0,1,0.5,INE291A01017,0915-1530|1815-1915:,2026-07-30,,NSE:GRWRHITECH-EQ,10,10,7982,GRWRHITECH,7982,-1.0,XX,10100000007982,,1,2.4
10100000001247,GUJ STATE FERT & CHEM LTD,0,1,0.01,INE026A01025,0915-1530|1815-1915:,2026-07-30,,NSE:GSFC-EQ,10,10,1247,GSFC,1247,-1.0,XX,10100000001247,,1,3.2
101000000014599,GLOBAL SURFACES LIMITED,0,1,0.01,INE0JSX01015,0915-1530|1815-1915:,2026-07-30,,NSE:GSLSU-EQ,10,10,14599,GSLSU,14599,-1.0,XX,101000000014599,,0,0.0
101000000023888,GSM FOILS LIMITED,0,500,0.05,INE0SQY01018,0915-1530|1815-1915:,2026-07-30,,NSE:GSMFOILS-SM,10,10,23888,GSMFOILS,23888,-1.0,XX,101000000023888,,0,0.0
1010000000762239,GSP CROP SCIENCE LIMITED,0,1,0.05,INE713R01022,0915-1530|1815-1915:,2026-07-30,,NSE:GSPCROP-EQ,10,10,762239,GSPCROP,762239,-1.0,XX,1010000000762239,,1,2.0
101000000015347,GSS INFOTECH LIMITED,0,1,0.01,INE871H01011,0915-1530|1815-1915:,2026-07-30,,NSE:GSS-EQ,10,10,15347,GSS,15347,-1.0,XX,101000000015347,,0,0.0
10100000009764,GLOBESECURE TECHNO LTD,0,1000,0.05,INE00WS01056,0915-1530|1815-1915:,2026-07-30,,NSE:GSTL-SM,10,10,9764,GSTL,9764,-1.0,XX,10100000009764,,0,0.0
10100000001135,G-TEC JAINX EDUCATION LTD,0,1,0.01,INE586X01012,0915-1530|1815-1915:,2026-07-30,,NSE:GTECJAINX-BE,10,10,1135,GTECJAINX,1135,-1.0,XX,10100000001135,,0,0.0
10100000001162,GTL LTD,0,1,0.01,INE043A01012,0915-1530|1815-1915:,2026-07-30,,NSE:GTL-EQ,10,10,1162,GTL,1162,-1.0,XX,10100000001162,,0,0.0
101000000013745,GTL INFRA.LTD,0,1,0.01,INE221H01019,0915-1530|1815-1915:,2026-07-30,,NSE:GTLINFRA-EQ,10,10,13745,GTLINFRA,13745,-1.0,XX,101000000013745,,1,2.0
101000000021195,GTPL HATHWAY LIMITED,0,1,0.01,INE869I01013,0915-1530|1815-1915:,2026-07-30,,NSE:GTPL-EQ,10,10,21195,GTPL,21195,-1.0,XX,101000000021195,,0,0.0
101000000011606,GUFIC BIOSCIENCES LTD.,0,1,0.05,INE742B01025,0915-1530|1815-1915:,2026-07-30,,NSE:GUFICBIO-EQ,10,10,11606,GUFICBIO,11606,-1.0,XX,101000000011606,,1,3.0
10100000001267,GUJARAT ALKALIES & CHEM,0,1,0.05,INE186A01019,0915-1530|1815-1915:,2026-07-30,,NSE:GUJALKALI-EQ,10,10,1267,GUJALKALI,1267,-1.0,XX,10100000001267,,1,2.0
101000000014677,GUJ. APOLLO IND. LTD.,0,1,0.05,INE826C01016,0915-1530|1815-1915:,2026-07-30,,NSE:GUJAPOLLO-EQ,10,10,14677,GUJAPOLLO,14677,-1.0,XX,101000000014677,,0,0.0
101000000010599,GUJARAT ENERGY LIMITED,0,1,0.05,INE844O01030,0915-1530|1815-1915:,2026-07-30,,NSE:GUJENERGY-EQ,10,10,10599,GUJENERGY,10599,-1.0,XX,101000000010599,,1,2.8
10100000004548,GUJARAT RAFFIA INDUST LTD,0,1,0.01,INE610B01024,0915-1530|1815-1915:,2026-07-30,,NSE:GUJRAFFIA-EQ,10,10,4548,GUJRAFFIA,4548,-1.0,XX,10100000004548,,0,0.0
101000000029731,GUJARAT THEMIS BIOSYN LTD,0,1,0.05,INE942C01045,0915-1530|1815-1915:,2026-07-30,,NSE:GUJTHEM-EQ,10,10,29731,GUJTHEM,29731,-1.0,XX,101000000029731,,1,2.0
10100000004391,GULF OIL LUB. IND. LTD.,0,1,0.1,INE635Q01029,0915-1530|1815-1915:,2026-07-30,,NSE:GULFOILLUB-EQ,10,10,4391,GULFOILLUB,4391,-1.0,XX,10100000004391,,1,3.2
101000000011584,GP PETROLEUMS LIMITED,0,1,0.01,INE586G01017,0915-1530|1815-1915:,2026-07-30,,NSE:GULFPETRO-BE,10,10,11584,GULFPETRO,11584,-1.0,XX,101000000011584,,0,0.0
10100000006286,GULSHAN POLYOLS LIMITED,0,1,0.01,INE255D01024,0915-1530|1815-1915:,2026-07-30,,NSE:GULPOLY-EQ,10,10,6286,GULPOLY,6286,-1.0,XX,10100000006286,,1,2.0
1010000000759264,GURUNANAK AGRICULTUR IN L,0,1600,0.05,INE1CCX01012,0915-1530|1815-1915:,2026-07-30,,NSE:GURUNANAK-ST,10,10,759264,GURUNANAK,759264,-1.0,XX,1010000000759264,,0,0.0
101000000013229,GVK POW. & INFRA LTD.,0,1,0.01,INE251H01024,0915-1530|1815-1915:,2026-07-30,,NSE:GVKPIL-BE,10,10,13229,GVKPIL,13229,-1.0,XX,101000000013229,,0,0.0
10100000007862,GE POWER INDIA LIMITED,0,1,0.05,INE878A01011,0915-1530|1815-1915:,2026-07-30,,NSE:GVPIL-EQ,10,10,7862,GVPIL,7862,-1.0,XX,10100000007862,,1,1.0
101000000010865,GVP INFOTECH LIMITED,0,1,0.01,INE382T01030,0915-1530|1815-1915:,2026-07-30,,NSE:GVPTECH-EQ,10,10,10865,GVPTECH,10865,-1.0,XX,101000000010865,,0,0.0
101000000016783,GE VERNOVA T&D INDIA LTD,0,1,0.1,INE200A01026,0915-1530|1815-1915:,2026-07-30,,NSE:GVT&D-EQ,10,10,16783,GVT&D,16783,-1.0,XX,101000000016783,,1,2.7
1010000000764050,GYFTR LIMITED,0,1,0.01,INE724A01017,0915-1530|1815-1915:,2026-07-30,,NSE:GYFTR-EQ,10,10,764050,GYFTR,764050,-1.0,XX,1010000000764050,,0,0.0
10100000002303,HINDUSTAN AERONAUTICS LTD,0,1,0.1,INE066F01020,0915-1530|1815-1915:,2026-07-30,,NSE:HAL-EQ,10,10,2303,HAL,2303,-1.0,XX,10100000002303,,1,3.3
1010000000760715,HALDER VENTURE LIMITED,0,1,0.01,INE115S01010,0915-1530|1815-1915:,2026-07-30,,NSE:HALDER-EQ,10,10,760715,HALDER,760715,-1.0,XX,1010000000760715,,0,0.0
1010000000762708,HALDYN GLASS LTD.,0,1,0.01,INE506D01020,0915-1530|1815-1915:,2026-07-30,,NSE:HALDYNGL-BE,10,10,762708,HALDYNGL,762708,-1.0,XX,1010000000762708,,1,1.0
101000000021551,HALEOS LABS LIMITED,0,1,0.1,INE320X01016,0915-1530|1815-1915:,2026-07-30,,NSE:HALEOSLABS-EQ,10,10,21551,HALEOSLABS,21551,-1.0,XX,101000000021551,,0,0.0
101000000048,HAPPIEST MINDS TECHNO LTD,0,1,0.05,INE419U01012,0915-1530|1815-1915:,2026-07-30,,NSE:HAPPSTMNDS-EQ,10,10,48,HAPPSTMNDS,48,-1.0,XX,101000000048,,1,3.0
1010000000764131,HAPPY STEELS LIMITED,0,2000,0.05,INE1GFG01011,0915-1530|1815-1915:,2026-07-30,,NSE:HAPPY-SM,10,10,764131,HAPPY,764131,-1.0,XX,1010000000764131,,0,0.0
101000000020854,HAPPY FORGINGS LIMITED,0,1,0.1,INE330T01021,0915-1530|1815-1915:,2026-07-30,,NSE:HAPPYFORGE-EQ,10,10,20854,HAPPYFORGE,20854,-1.0,XX,101000000020854,,1,3.2
10100000008962,HARDWYN INDIA LIMITED,0,1,0.01,INE626Z01029,0915-1530|1815-1915:,2026-07-30,,NSE:HARDWYN-EQ,10,10,8962,HARDWYN,8962,-1.0,XX,10100000008962,,0,0.0
10100000008968,HARIOM PIPE INDUSTRIES L,0,1,0.05,INE00EV01017,0915-1530|1815-1915:,2026-07-30,,NSE:HARIOMPIPE-EQ,10,10,8968,HARIOMPIPE,8968,-1.0,XX,10100000008968,,1,2.5
10100000001313,HARRISON MALAYALAM LTD,0,1,0.01,INE544A01019,0915-1530|1815-1915:,2026-07-30,,NSE:HARRMALAYA-EQ,10,10,1313,HARRMALAYA,1313,-1.0,XX,10100000001313,,0,0.0
101000000011162,HARSHA ENGINEERS INT LTD,0,1,0.05,INE0JUS01029,0915-1530|1815-1915:,2026-07-30,,NSE:HARSHA-EQ,10,10,11162,HARSHA,11162,-1.0,XX,101000000011162,,1,2.0
101000000018154,HATHWAY CABLE & DATACOM,0,1,0.01,INE982F01036,0915-1530|1815-1915:,2026-07-30,,NSE:HATHWAY-EQ,10,10,18154,HATHWAY,18154,-1.0,XX,101000000018154,,1,2.0
10100000003892,HATSUN AGRO PRODUCT LTD.,0,1,0.05,INE473B01035,0915-1530|1815-1915:,2026-07-30,,NSE:HATSUN-EQ,10,10,3892,HATSUN,3892,-1.0,XX,10100000003892,,1,2.0
10100000009819,HAVELLS INDIA LIMITED,0,1,0.1,INE176B01034,0915-1530|1815-1915:,2026-07-30,,NSE:HAVELLS-EQ,10,10,9819,HAVELLS,9819,-1.0,XX,10100000009819,,1,3.6
10100000007457,SRI HAVISHA HOSP & INFR L,0,1,0.01,INE293B01029,0915-1530|1815-1915:,2026-07-30,,NSE:HAVISHA-EQ,10,10,7457,HAVISHA,7457,-1.0,XX,10100000007457,,0,0.0
10100000004444,HAWKINS COOKERS LTD,0,1,0.5,INE979B01015,0915-1530|1815-1915:,2026-07-30,,NSE:HAWKINCOOK-EQ,10,10,4444,HAWKINCOOK,4444,-1.0,XX,10100000004444,,1,2.0
1010000000762712,H B ESTATE DEVELOPERS L,0,1,0.01,INE640B01021,0915-1530|1815-1915:,2026-07-30,,NSE:HBESD-EQ,10,10,762712,HBESD,762712,-1.0,XX,1010000000762712,,0,0.0
101000000013966,HBL ENGINEERING LTD,0,1,0.05,INE292B01021,0915-1530|1815-1915:,2026-07-30,,NSE:HBLENGINE-EQ,10,10,13966,HBLENGINE,13966,-1.0,XX,101000000013966,,1,2.7
10100000004118,HB STOCKHOLDINGS LIMITED,0,1,0.01,INE550B01022,0915-1530|1815-1915:,2026-07-30,,NSE:HBSL-BE,10,10,4118,HBSL,4118,-1.0,XX,10100000004118,,0,0.0
10100000001375,HINDUSTAN CONSTRUCTION CO,0,1,0.01,INE549A01026,0915-1530|1815-1915:,2026-07-30,,NSE:HCC-EQ,10,10,1375,HCC,1375,-1.0,XX,10100000001375,,1,2.6
101000000015555,HEALTHCARE GLOB. ENT. LTD,0,1,0.05,INE075I01017,0915-1530|1815-1915:,2026-07-30,,NSE:HCG-EQ,10,10,15555,HCG,15555,-1.0,XX,101000000015555,,1,3.2
10100000001327,HCL INFOSYSTEMS LTD,0,1,0.01,INE236A01020,0915-1530|1815-1915:,2026-07-30,,NSE:HCL-INSYS-EQ,10,10,1327,HCL-INSYS,1327,-1.0,XX,10100000001327,,0,0.0
10100000007229,HCL TECHNOLOGIES LTD,0,1,0.1,INE860A01027,0915-1530|1815-1915:,2026-07-30,,NSE:HCLTECH-EQ,10,10,7229,HCLTECH,7229,-1.0,XX,10100000007229,,1,3.3
1010000000757772,HDB FINANCIAL SERVICES L,0,1,0.05,INE756I01012,0915-1530|1815-1915:,2026-07-30,,NSE:HDBFS-EQ,10,10,757772,HDBFS,757772,-1.0,XX,1010000000757772,,1,3.7
10100000004244,HDFC AMC LIMITED,0,1,0.1,INE127D01025,0915-1530|1815-1915:,2026-07-30,,NSE:HDFCAMC-EQ,10,10,4244,HDFCAMC,4244,-1.0,XX,10100000004244,,1,3.2
10100000001333,HDFC BANK LTD,0,1,0.05,INE040A01034,0915-1530|1815-1915:,2026-07-30,,NSE:HDFCBANK-EQ,10,10,1333,HDFCBANK,1333,-1.0,XX,10100000001333,,1,3.7
1010000000467,HDFC LIFE INS CO LTD,0,1,0.05,INE795G01014,0915-1530|1815-1915:,2026-07-30,,NSE:HDFCLIFE-EQ,10,10,467,HDFCLIFE,467,-1.0,XX,1010000000467,,1,3.7
101000000017920,HOUSING DEV & INFRA LTD,0,1,0.01,INE191I01012,0915-1530|1815-1915:,2026-07-30,,NSE:HDIL-BZ,10,10,17920,HDIL,17920,-1.0,XX,101000000017920,,0,0.0
101000000019205,HEADS UP VENTURES LIMITED,0,1,0.01,INE759V01019,0915-1530|1815-1915:,2026-07-30,,NSE:HEADSUP-EQ,10,10,19205,HEADSUP,19205,-1.0,XX,101000000019205,,0,0.0
101000000020063,HEALTH X PLATFORM LIMITED,0,1,0.05,INE019J01013,0915-1530|1815-1915:,2026-07-30,,NSE:HEALTHX-EQ,10,10,20063,HEALTHX,20063,-1.0,XX,101000000020063,,0,0.0
10100000007425,HEC INFRA PROJECTS LTD,0,1,0.01,INE558R01013,0915-1530|1815-1915:,2026-07-30,,NSE:HECPROJECT-EQ,10,10,7425,HECPROJECT,7425,-1.0,XX,10100000007425,,0,0.0
10100000001336,HEG LTD,0,1,0.05,INE545A01024,0915-1530|1815-1915:,2026-07-30,,NSE:HEG-EQ,10,10,1336,HEG,1336,-1.0,XX,10100000001336,,1,2.8
10100000002316,HEIDELBERGCEMENT (I) LTD,0,1,0.01,INE578A01017,0915-1530|1815-1915:,2026-07-30,,NSE:HEIDELBERG-EQ,10,10,2316,HEIDELBERG,2316,-1.0,XX,10100000002316,,1,2.0
1010000000701,HEMISPHERE PROP IND LTD,0,1,0.01,INE0AJG01018,0915-1530|1815-1915:,2026-07-30,,NSE:HEMIPROP-EQ,10,10,701,HEMIPROP,701,-1.0,XX,1010000000701,,1,2.0
10100000002614,HERANBA INDUSTRIES LTD,0,1,0.01,INE694N01015,0915-1530|1815-1915:,2026-07-30,,NSE:HERANBA-EQ,10,10,2614,HERANBA,2614,-1.0,XX,10100000002614,,1,2.0
10100000004598,HERITAGE FOODS LTD,0,1,0.05,INE978A01027,0915-1530|1815-1915:,2026-07-30,,NSE:HERITGFOOD-EQ,10,10,4598,HERITGFOOD,4598,-1.0,XX,10100000004598,,1,2.0
10100000001348,HERO MOTOCORP LIMITED,0,1,0.1,INE158A01026,0915-1530|1815-1915:,2026-07-30,,NSE:HEROMOTOCO-EQ,10,10,1348,HEROMOTOCO,1348,-1.0,XX,10100000001348,,1,3.6
10100000007048,HESTER BIOSCIENCES LTD,0,1,0.1,INE782E01017,0915-1530|1815-1915:,2026-07-30,,NSE:HESTERBIO-EQ,10,10,7048,HESTERBIO,7048,-1.0,XX,10100000007048,,1,2.0
1010000000750116,HEXAGON NUTRITION LIMITED,0,1,0.01,INE0JUI01012,0915-1530|1815-1915:,2026-07-30,,NSE:HEXAGON-BE,10,10,750116,HEXAGON,750116,-1.0,XX,1010000000750116,,0,0.0
101000000027008,HEXA TRADEX LIMITED,0,1,0.01,INE750M01017,0915-1530|1815-1915:,2026-07-30,,NSE:HEXATRADEX-EQ,10,10,27008,HEXATRADEX,27008,-1.0,XX,101000000027008,,0,0.0
101000000029666,HEXAWARE TECHNOLOGIES LTD,0,1,0.05,INE093A01041,0915-1530|1815-1915:,2026-07-30,,NSE:HEXT-EQ,10,10,29666,HEXT,29666,-1.0,XX,101000000029666,,1,3.0
101000000021951,HFCL LIMITED,0,1,0.01,INE548A01028,0915-1530|1815-1915:,2026-07-30,,NSE:HFCL-EQ,10,10,21951,HFCL,21951,-1.0,XX,101000000021951,,1,1.0
10100000001672,H.G.INFRA ENGINEERING LTD,0,1,0.05,INE926X01010,0915-1530|1815-1915:,2026-07-30,,NSE:HGINFRA-EQ,10,10,1672,HGINFRA,1672,-1.0,XX,10100000001672,,1,2.9
101000000013592,HANDSON GBL MNGMNT LTD,0,1,0.01,INE596H01014,0915-1530|1815-1915:,2026-07-30,,NSE:HGM-EQ,10,10,13592,HGM,13592,-1.0,XX,101000000013592,,0,0.0
101000000014712,HINDUJA GLOBAL SOLS. LTD.,0,1,0.05,INE170I01016,0915-1530|1815-1915:,2026-07-30,,NSE:HGS-EQ,10,10,14712,HGS,14712,-1.0,XX,101000000014712,,1,2.0
101000000018794,HI GREEN CARBON LIMITED,0,800,0.05,INE0PIC01017,0915-1530|1815-1915:,2026-07-30,,NSE:HIGREEN-SM,10,10,18794,HIGREEN,18794,-1.0,XX,101000000018794,,0,0.0
10100000009668,HIKAL LIMITED,0,1,0.01,INE475B01022,0915-1530|1815-1915:,2026-07-30,,NSE:HIKAL-EQ,10,10,9668,HIKAL,9668,-1.0,XX,10100000009668,,1,2.0
1010000000759103,HIGHWAY INFRASTRUCTURE L,0,1,0.01,INE00RL01028,0915-1530|1815-1915:,2026-07-30,,NSE:HILINFRA-EQ,10,10,759103,HILINFRA,759103,-1.0,XX,1010000000759103,,0,0.0
101000000014631,HILTON METAL FORGING LTD,0,1,0.01,INE788H01017,0915-1530|1815-1915:,2026-07-30,,NSE:HILTON-BE,10,10,14631,HILTON,14631,-1.0,XX,101000000014631,,0,0.0
10100000001360,HIMATSINGKA SEIDE LTD,0,1,0.01,INE049A01027,0915-1530|1815-1915:,2026-07-30,,NSE:HIMATSEIDE-EQ,10,10,1360,HIMATSEIDE,1360,-1.0,XX,10100000001360,,1,2.0
10100000001363,HINDALCO  INDUSTRIES  LTD,0,1,0.05,INE038A01020,0915-1530|1815-1915:,2026-07-30,,NSE:HINDALCO-EQ,10,10,1363,HINDALCO,1363,-1.0,XX,10100000001363,,1,3.3
10100000001372,HINDUSTAN COMPOSITES LTD.,0,1,0.05,INE310C01029,0915-1530|1815-1915:,2026-07-30,,NSE:HINDCOMPOS-EQ,10,10,1372,HINDCOMPOS,1372,-1.0,XX,10100000001372,,0,0.0
10100000004920,HINDCON CHEMICALS LIMITED,0,1,0.01,INE642Y01029,0915-1530|1815-1915:,2026-07-30,,NSE:HINDCON-EQ,10,10,4920,HINDCON,4920,-1.0,XX,10100000004920,,0,0.0
101000000017939,HINDUSTAN COPPER LTD,0,1,0.05,INE531E01026,0915-1530|1815-1915:,2026-07-30,,NSE:HINDCOPPER-EQ,10,10,17939,HINDCOPPER,17939,-1.0,XX,101000000017939,,1,2.6
10100000001403,HINDUSTAN OIL EXPLORATION,0,1,0.01,INE345A01011,0915-1530|1815-1915:,2026-07-30,,NSE:HINDOILEXP-EQ,10,10,1403,HINDOILEXP,1403,-1.0,XX,10100000001403,,1,2.7
10100000001406,HINDUSTAN PETROLEUM CORP,0,1,0.05,INE094A01015,0915-1530|1815-1915:,2026-07-30,,NSE:HINDPETRO-EQ,10,10,1406,HINDPETRO,1406,-1.0,XX,10100000001406,,1,3.0
10100000001394,HINDUSTAN UNILEVER LTD.,0,1,0.1,INE030A01027,0915-1530|1815-1915:,2026-07-30,,NSE:HINDUNILVR-EQ,10,10,1394,HINDUNILVR,1394,-1.0,XX,10100000001394,,1,3.7
101000000015883,HINDWARE HME INOVATON LTD,0,1,0.05,INE05AN01011,0915-1530|1815-1915:,2026-07-30,,NSE:HINDWAREAP-EQ,10,10,15883,HINDWAREAP,15883,-1.0,XX,101000000015883,,1,2.6
10100000001424,HINDUSTAN ZINC LIMITED,0,1,0.05,INE267A01025,0915-1530|1815-1915:,2026-07-30,,NSE:HINDZINC-EQ,10,10,1424,HINDZINC,1424,-1.0,XX,10100000001424,,1,2.9
101000000013890,HIND RECTIFIER LIMITED,0,1,0.1,INE835D01023,0915-1530|1815-1915:,2026-07-30,,NSE:HIRECT-EQ,10,10,13890,HIRECT,13890,-1.0,XX,101000000013890,,1,2.3
101000000019322,HISAR METAL IND. LIMITED,0,1,0.01,INE598C01011,0915-1530|1815-1915:,2026-07-30,,NSE:HISARMETAL-EQ,10,10,19322,HISARMETAL,19322,-1.0,XX,101000000019322,,0,0.0
10100000002868,HI-TECH PIPES LIMITED,0,1,0.01,INE106T01025,0915-1530|1815-1915:,2026-07-30,,NSE:HITECH-EQ,10,10,2868,HITECH,2868,-1.0,XX,10100000002868,,1,2.0
101000000015165,HITECH CORPORATION LTD,0,1,0.05,INE120D01012,0915-1530|1815-1915:,2026-07-30,,NSE:HITECHCORP-BE,10,10,15165,HITECHCORP,15165,-1.0,XX,101000000015165,,0,0.0
10100000008568,THE HI-TECH GEARS LIMITED,0,1,0.05,INE127B01011,0915-1530|1815-1915:,2026-07-30,,NSE:HITECHGEAR-BE,10,10,8568,HITECHGEAR,8568,-1.0,XX,10100000008568,,0,0.0
10100000002289,HLE GLASCOAT LIMITED,0,1,0.05,INE461D01028,0915-1530|1815-1915:,2026-07-30,,NSE:HLEGLAS-EQ,10,10,2289,HLEGLAS,2289,-1.0,XX,10100000002289,,1,2.6
10100000001448,HLV LIMITED,0,1,0.01,INE102A01024,0915-1530|1815-1915:,2026-07-30,,NSE:HLVLTD-EQ,10,10,1448,HLVLTD,1448,-1.0,XX,10100000001448,,1,1.0
101000000017053,HMA AGRO INDUSTRIES LTD,0,1,0.01,INE0ECP01024,0915-1530|1815-1915:,2026-07-30,,NSE:HMAAGRO-EQ,10,10,17053,HMAAGRO,17053,-1.0,XX,101000000017053,,1,2.0
101000000019698,HMT LTD -,0,1,0.01,INE262A01018,0915-1530|1815-1915:,2026-07-30,,NSE:HMT-BZ,10,10,19698,HMT,19698,-1.0,XX,101000000019698,,0,0.0
101000000019211,HINDUSTAN MEDIA VENT LTD,0,1,0.01,INE871K01015,0915-1530|1815-1915:,2026-07-30,,NSE:HMVL-EQ,10,10,19211,HMVL,19211,-1.0,XX,101000000019211,,0,0.0
101000000012173,HINDUSTAN FOODS LIMITED,0,1,0.05,INE254N01026,0915-1530|1815-1915:,2026-07-30,,NSE:HNDFDS-EQ,10,10,12173,HNDFDS,12173,-1.0,XX,101000000012173,,1,2.0
101000000023826,HOAC FOODS INDIA LIMITED,0,375,0.05,INE0S6S01017,0915-1530|1815-1915:,2026-07-30,,NSE:HOACFOODS-ST,10,10,23826,HOACFOODS,23826,-1.0,XX,101000000023826,,0,0.0
101000000018649,HOLMARC OPTO MECHATRO L,0,750,0.05,INE0LXA01019,0915-1530|1815-1915:,2026-07-30,,NSE:HOLMARC-SM,10,10,18649,HOLMARC,18649,-1.0,XX,101000000018649,,0,0.0
10100000002056,HOME FIRST FIN CO IND LTD,0,1,0.1,INE481N01025,0915-1530|1815-1915:,2026-07-30,,NSE:HOMEFIRST-EQ,10,10,2056,HOMEFIRST,2056,-1.0,XX,10100000002056,,1,2.9
101000000013526,HOMESFY REALTY LIMITED,0,300,0.05,INE0N7F01017,0915-1530|1815-1915:,2026-07-30,,NSE:HOMESFY-SM,10,10,13526,HOMESFY,13526,-1.0,XX,101000000013526,,0,0.0
101000000019813,HONASA CONSUMER LIMITED,0,1,0.05,INE0J5401028,0915-1530|1815-1915:,2026-07-30,,NSE:HONASA-EQ,10,10,19813,HONASA,19813,-1.0,XX,101000000019813,,1,3.0
10100000003417,HONEYWELL AUTOMATION IND,0,1,5.0,INE671A01010,0915-1530|1815-1915:,2026-07-30,,NSE:HONAUT-EQ,10,10,3417,HONAUT,3417,-1.0,XX,10100000003417,,1,3.3
10100000003138,HONDA I POWER PRODUCT LTD,0,1,0.1,INE634A01018,0915-1530|1815-1915:,2026-07-30,,NSE:HONDAPOWER-EQ,10,10,3138,HONDAPOWER,3138,-1.0,XX,10100000003138,,1,2.0
10100000007376,HP ADHESIVES LIMITED,0,1,0.01,INE0GSL01024,0915-1530|1815-1915:,2026-07-30,,NSE:HPAL-EQ,10,10,7376,HPAL,7376,-1.0,XX,10100000007376,,0,0.0
101000000011796,HINDPRAKASH INDUSTRY LTD,0,1,0.01,INE05X901010,0915-1530|1815-1915:,2026-07-30,,NSE:HPIL-EQ,10,10,11796,HPIL,11796,-1.0,XX,101000000011796,,0,0.0
101000000018679,HPL ELECTRIC & POWER LTD,0,1,0.05,INE495S01016,0915-1530|1815-1915:,2026-07-30,,NSE:HPL-EQ,10,10,18679,HPL,18679,-1.0,XX,101000000018679,,1,2.0
101000000029875,HP TELECOM INDIA LIMITED,0,600,0.05,INE0VA601019,0915-1530|1815-1915:,2026-07-30,,NSE:HPTL-SM,10,10,29875,HPTL,29875,-1.0,XX,101000000029875,,0,0.0
101000000021107,HRH NEXT SERVICES LIMITED,0,1500,0.05,INE0R3501012,0915-1530|1815-1915:,2026-07-30,,NSE:HRHNEXT-SM,10,10,21107,HRHNEXT,21107,-1.0,XX,101000000021107,,0,0.0
101000000014334,HIMADRI SPECIALITY CHEM L,0,1,0.05,INE019C01026,0915-1530|1815-1915:,2026-07-30,,NSE:HSCL-EQ,10,10,14334,HSCL,14334,-1.0,XX,101000000014334,,1,2.9
101000000011979,HT MEDIA LIMITED,0,1,0.01,INE501G01024,0915-1530|1815-1915:,2026-07-30,,NSE:HTMEDIA-EQ,10,10,11979,HTMEDIA,11979,-1.0,XX,101000000011979,,0,0.0
101000000014203,HUBTOWN LIMITED,0,1,0.01,INE703H01016,0915-1530|1815-1915:,2026-07-30,,NSE:HUBTOWN-EQ,10,10,14203,HUBTOWN,14203,-1.0,XX,101000000014203,,1,2.0
101000000020825,HSG & URBAN DEV CORPN LTD,0,1,0.01,INE031A01017,0915-1530|1815-1915:,2026-07-30,,NSE:HUDCO-EQ,10,10,20825,HUDCO,20825,-1.0,XX,101000000020825,,1,3.0
10100000002562,HUHTAMAKI INDIA LIMITED,0,1,0.01,INE275B01026,0915-1530|1815-1915:,2026-07-30,,NSE:HUHTAMAKI-EQ,10,10,2562,HUHTAMAKI,2562,-1.0,XX,10100000002562,,1,1.6
101000000025708,HVAX TECHNOLOGIES LIMITED,0,150,0.05,INE0TO501019,0915-1530|1815-1915:,2026-07-30,,NSE:HVAX-SM,10,10,25708,HVAX,25708,-1.0,XX,101000000025708,,0,0.0
101000000012814,HYBRID FINANCIAL SERVICE,0,1,0.01,INE965B01022,0915-1530|1815-1915:,2026-07-30,,NSE:HYBRIDFIN-BE,10,10,12814,HYBRIDFIN,12814,-1.0,XX,101000000012814,,0,0.0
101000000025844,HYUNDAI MOTOR INDIA LTD,0,1,0.1,INE0V6F01027,0915-1530|1815-1915:,2026-07-30,,NSE:HYUNDAI-EQ,10,10,25844,HYUNDAI,25844,-1.0,XX,101000000025844,,1,3.4
101000000021348,IBL FINANCE LIMITED,0,2000,0.05,INE0O7401018,0915-1530|1815-1915:,2026-07-30,,NSE:IBLFL-SM,10,10,21348,IBLFL,21348,-1.0,XX,101000000021348,,0,0.0
101000000025003,INDIABULLS LIMITED,0,1,0.01,INE126M01010,0915-1530|1815-1915:,2026-07-30,,NSE:IBULLSLTD-BE,10,10,25003,IBULLSLTD,25003,-1.0,XX,101000000025003,,1,1.0
10100000006977,ICDS LTD,0,1,0.01,INE613B01010,0915-1530|1815-1915:,2026-07-30,,NSE:ICDSLTD-EQ,10,10,6977,ICDSLTD,6977,-1.0,XX,10100000006977,,0,0.0
1010000000764064,IC ELECTRICALS COMPANY L,0,1200,0.05,INE0XE501015,0915-1530|1815-1915:,2026-07-30,,NSE:ICELCO-SM,10,10,764064,ICELCO,764064,-1.0,XX,1010000000764064,,0,0.0
1010000000489,ICE MAKE REFRIGERAT LTD,0,1,0.05,INE520Y01019,0915-1530|1815-1915:,2026-07-30,,NSE:ICEMAKE-EQ,10,10,489,ICEMAKE,489,-1.0,XX,1010000000489,,1,2.0
1010000000760407,ICICI PRUDENTIAL AMC LTD,0,1,0.1,INE346A01027,0915-1530|1815-1915:,2026-07-30,,NSE:ICICIAMC-EQ,10,10,760407,ICICIAMC,760407,-1.0,XX,1010000000760407,,1,3.6
10100000004963,ICICI BANK LTD.,0,1,0.1,INE090A01021,0915-1530|1815-1915:,2026-07-30,,NSE:ICICIBANK-EQ,10,10,4963,ICICIBANK,4963,-1.0,XX,10100000004963,,1,3.7
101000000021770,ICICI LOMBARD GIC LIMITED,0,1,0.1,INE765G01017,0915-1530|1815-1915:,2026-07-30,,NSE:ICICIGI-EQ,10,10,21770,ICICIGI,21770,-1.0,XX,101000000021770,,1,3.6
101000000018652,ICICI PRU LIFE INS CO LTD,0,1,0.05,INE726G01019,0915-1530|1815-1915:,2026-07-30,,NSE:ICICIPRULI-EQ,10,10,18652,ICICIPRULI,18652,-1.0,XX,101000000018652,,1,3.6
101000000011987,INDO COUNT INDUSTRIES LTD,0,1,0.05,INE483B01026,0915-1530|1815-1915:,2026-07-30,,NSE:ICIL-EQ,10,10,11987,ICIL,11987,-1.0,XX,101000000011987,,1,2.4
101000000014523,ICRA LIMITED,0,1,0.5,INE725G01011,0915-1530|1815-1915:,2026-07-30,,NSE:ICRA-EQ,10,10,14523,ICRA,14523,-1.0,XX,101000000014523,,1,3.7
10100000001476,IDBI BANK LIMITED,0,1,0.01,INE008A01015,0915-1530|1815-1915:,2026-07-30,,NSE:IDBI-EQ,10,10,1476,IDBI,1476,-1.0,XX,10100000001476,,1,2.7
101000000014366,VODAFONE IDEA LIMITED,0,1,0.01,INE669E01016,0915-1530|1815-1915:,2026-07-30,,NSE:IDEA-EQ,10,10,14366,IDEA,14366,-1.0,XX,101000000014366,,1,2.6
101000000017142,IDEAFORGE TECHNO LTD,0,1,0.05,INE349Y01013,0915-1530|1815-1915:,2026-07-30,,NSE:IDEAFORGE-BE,10,10,17142,IDEAFORGE,17142,-1.0,XX,101000000017142,,1,1.0
101000000024950,IDEAL TECHNOPLAST IND LTD,0,500,0.05,INE0T9I01011,0915-1530|1815-1915:,2026-07-30,,NSE:IDEALTECHO-SM,10,10,24950,IDEALTECHO,24950,-1.0,XX,101000000024950,,0,0.0
101000000028574,IDENTICAL BRAINS STUDIO L,0,2000,0.05,INE0TD101011,0915-1530|1815-1915:,2026-07-30,,NSE:IDENTICAL-SM,10,10,28574,IDENTICAL,28574,-1.0,XX,101000000028574,,0,0.0
101000000011184,IDFC FIRST BANK LIMITED,0,1,0.01,INE092T01019,0915-1530|1815-1915:,2026-07-30,,NSE:IDFCFIRSTB-EQ,10,10,11184,IDFCFIRSTB,11184,-1.0,XX,101000000011184,,1,3.2
101000000023789,INDIAN EMULSIFIERS LTD,0,500,0.05,INE0RRU01016,0915-1530|1815-1915:,2026-07-30,,NSE:IEML-SM,10,10,23789,IEML,23789,-1.0,XX,101000000023789,,0,0.0
1010000000220,INDIAN ENERGY EXC LTD,0,1,0.01,INE022Q01020,0915-1530|1815-1915:,2026-07-30,,NSE:IEX-EQ,10,10,220,IEX,220,-1.0,XX,1010000000220,,1,2.9
10100000009300,IFB AGRO INDUSTRIES LTD,0,1,0.05,INE076C01018,0915-1530|1815-1915:,2026-07-30,,NSE:IFBAGRO-BE,10,10,9300,IFBAGRO,9300,-1.0,XX,10100000009300,,0,0.0
10100000001485,IFB INDUSTRIES LTD,0,1,0.1,INE559A01017,0915-1530|1815-1915:,2026-07-30,,NSE:IFBIND-EQ,10,10,1485,IFBIND,1485,-1.0,XX,10100000001485,,1,2.6
10100000001491,IFCI LTD,0,1,0.01,INE039A01010,0915-1530|1815-1915:,2026-07-30,,NSE:IFCI-EQ,10,10,1491,IFCI,1491,-1.0,XX,10100000001491,,1,2.4
1010000000436,IFGL REFRACTORIES LIMITED,0,1,0.01,INE133Y01011,0915-1530|1815-1915:,2026-07-30,,NSE:IFGLEXPOR-EQ,10,10,436,IFGLEXPOR,436,-1.0,XX,1010000000436,,1,2.0
1010000000634,IGARASHI MOTORS INDIA LTD,0,1,0.05,INE188B01013,0915-1530|1815-1915:,2026-07-30,,NSE:IGARASHI-EQ,10,10,634,IGARASHI,634,-1.0,XX,1010000000634,,1,2.6
1010000000757801,INDOGULF CROPSCIENCES LTD,0,1,0.01,INE05J901018,0915-1530|1815-1915:,2026-07-30,,NSE:IGCL-EQ,10,10,757801,IGCL,757801,-1.0,XX,1010000000757801,,0,0.0
101000000028378,INTL GEMOLOGICAL INST LTD,0,1,0.05,INE0Q9301021,0915-1530|1815-1915:,2026-07-30,,NSE:IGIL-EQ,10,10,28378,IGIL,28378,-1.0,XX,101000000028378,,1,3.0
101000000011262,INDRAPRASTHA GAS LTD,0,1,0.01,INE203G01027,0915-1530|1815-1915:,2026-07-30,,NSE:IGL-EQ,10,10,11262,IGL,11262,-1.0,XX,101000000011262,,1,3.3
101000000014086,I G PETROCHEMICALS LTD,0,1,0.05,INE204A01010,0915-1530|1815-1915:,2026-07-30,,NSE:IGPL-EQ,10,10,14086,IGPL,14086,-1.0,XX,101000000014086,,1,2.0
101000000011809,IIFL FINANCE LIMITED,0,1,0.05,INE530B01024,0915-1530|1815-1915:,2026-07-30,,NSE:IIFL-EQ,10,10,11809,IIFL,11809,-1.0,XX,101000000011809,,1,2.8
101000000013072,IIFL CAPITAL SERVICES LTD,0,1,0.05,INE489L01022,0915-1530|1815-1915:,2026-07-30,,NSE:IIFLCAPS-EQ,10,10,13072,IIFLCAPS,13072,-1.0,XX,101000000013072,,1,2.7
101000000019525,INDUSTRIAL INV TRUST LTD,0,1,0.01,INE886A01014,0915-1530|1815-1915:,2026-07-30,,NSE:IITL-EQ,10,10,19525,IITL,19525,-1.0,XX,101000000019525,,0,0.0
101000000016822,IKIO TECHNOLOGIES LIMITED,0,1,0.01,INE0LOJ01019,0915-1530|1815-1915:,2026-07-30,,NSE:IKIO-EQ,10,10,16822,IKIO,16822,-1.0,XX,101000000016822,,1,1.6
101000000028125,INVENTURUS KNOWLEDGE SO L,0,1,0.1,INE115Q01022,0915-1530|1815-1915:,2026-07-30,,NSE:IKS-EQ,10,10,28125,IKS,28125,-1.0,XX,101000000028125,,1,3.1
10100000009380,IL&FS ENG AND CONS CO LTD,0,1,0.01,INE369I01014,0915-1530|1815-1915:,2026-07-30,,NSE:IL&FSENGG-BZ,10,10,9380,IL&FSENGG,9380,-1.0,XX,10100000009380,,0,0.0
10100000009381,IL&FS TRANS NET LTD,0,1,0.01,INE975G01012,0915-1530|1815-1915:,2026-07-30,,NSE:IL&FSTRANS-BZ,10,10,9381,IL&FSTRANS,9381,-1.0,XX,10100000009381,,0,0.0
10100000007672,IMAGICAAWORLD ENT LTD,0,1,0.01,INE172N01012,0915-1530|1815-1915:,2026-07-30,,NSE:IMAGICAA-EQ,10,10,7672,IMAGICAA,7672,-1.0,XX,10100000007672,,1,2.0
101000000019235,INDIAN METALS & FERRO,0,1,0.1,INE919H01018,0915-1530|1815-1915:,2026-07-30,,NSE:IMFA-EQ,10,10,19235,IMFA,19235,-1.0,XX,101000000019235,,1,2.6
101000000012009,IND MOTOR PART & ACC LTD,0,1,0.1,INE547E01014,0915-1530|1815-1915:,2026-07-30,,NSE:IMPAL-EQ,10,10,12009,IMPAL,12009,-1.0,XX,101000000012009,,1,2.0
1010000000761099,INSOLATION ENERGY LIMITED,0,1,0.01,INE0LGX01024,0915-1530|1815-1915:,2026-07-30,,NSE:INA-EQ,10,10,761099,INA,761099,-1.0,XX,1010000000761099,,1,2.0
101000000017507,INCREDIBLE INDUSTRIES LTD,0,1,0.01,INE452L01012,0915-1530|1815-1915:,2026-07-30,,NSE:INCREDIBLE-EQ,10,10,17507,INCREDIBLE,17507,-1.0,XX,101000000017507,,0,0.0
101000000016933,INDBANK MERCH BANK,0,1,0.01,INE841B01017,0915-1530|1815-1915:,2026-07-30,,NSE:INDBANK-EQ,10,10,16933,INDBANK,16933,-1.0,XX,101000000016933,,0,0.0
101000000023693,INDEGENE LIMITED,0,1,0.05,INE065X01017,0915-1530|1815-1915:,2026-07-30,,NSE:INDGN-EQ,10,10,23693,INDGN,23693,-1.0,XX,101000000023693,,1,3.3
10100000001512,THE INDIAN HOTELS CO. LTD,0,1,0.05,INE053A01029,0915-1530|1815-1915:,2026-07-30,,NSE:INDHOTEL-EQ,10,10,1512,INDHOTEL,1512,-1.0,XX,10100000001512,,1,3.4
10100000001515,THE INDIA CEMENTS LIMITED,0,1,0.05,INE383A01012,0915-1530|1815-1915:,2026-07-30,,NSE:INDIACEM-EQ,10,10,1515,INDIACEM,1515,-1.0,XX,10100000001515,,1,3.1
10100000001521,INDIA GLYCOLS LTD,0,1,0.05,INE560A01023,0915-1530|1815-1915:,2026-07-30,,NSE:INDIAGLYCO-EQ,10,10,1521,INDIAGLYCO,1521,-1.0,XX,10100000001521,,1,2.9
101000000010726,INDIAMART INTERMESH LTD,0,1,0.1,INE933S01016,0915-1530|1815-1915:,2026-07-30,,NSE:INDIAMART-EQ,10,10,10726,INDIAMART,10726,-1.0,XX,101000000010726,,1,3.4
101000000014309,INDIAN BANK,0,1,0.05,INE562A01011,0915-1530|1815-1915:,2026-07-30,,NSE:INDIANB-EQ,10,10,14309,INDIANB,14309,-1.0,XX,101000000014309,,1,3.1
10100000004422,INDIAN CARD CLOTHING CO.,0,1,0.01,INE061A01014,0915-1530|1815-1915:,2026-07-30,,NSE:INDIANCARD-EQ,10,10,4422,INDIANCARD,4422,-1.0,XX,10100000004422,,0,0.0
10100000001530,INDIAN HUME PIPE CO. LTD.,0,1,0.05,INE323C01030,0915-1530|1815-1915:,2026-07-30,,NSE:INDIANHUME-EQ,10,10,1530,INDIANHUME,1530,-1.0,XX,10100000001530,,1,2.0
101000000020556,INDIA SHELTER FIN CORP L,0,1,0.05,INE922K01024,0915-1530|1815-1915:,2026-07-30,,NSE:INDIASHLTR-EQ,10,10,20556,INDIASHLTR,20556,-1.0,XX,101000000020556,,1,3.2
101000000021058,INDIFRA LIMITED,0,2000,0.05,INE0PS301014,0915-1530|1815-1915:,2026-07-30,,NSE:INDIFRA-SM,10,10,21058,INDIFRA,21058,-1.0,XX,101000000021058,,0,0.0
101000000011195,INTERGLOBE AVIATION LTD,0,1,0.5,INE646L01027,0915-1530|1815-1915:,2026-07-30,,NSE:INDIGO-EQ,10,10,11195,INDIGO,11195,-1.0,XX,101000000011195,,1,3.1
10100000002048,INDIGO PAINTS LIMITED,0,1,0.1,INE09VQ01012,0915-1530|1815-1915:,2026-07-30,,NSE:INDIGOPNTS-EQ,10,10,2048,INDIGOPNTS,2048,-1.0,XX,10100000002048,,1,2.0
101000000020988,INDIGRID INFRASTRUCT TRST,0,1,0.01,INE219X23014,0915-1530|1815-1915:,2026-07-30,,NSE:INDIGRID-IV,10,10,20988,INDIGRID,20988,-1.0,XX,101000000020988,,0,0.0
1010000000757845,INDIQUBE SPACES LIMITED,0,1,0.01,INE06ST01018,0915-1530|1815-1915:,2026-07-30,,NSE:INDIQUBE-EQ,10,10,757845,INDIQUBE,757845,-1.0,XX,1010000000757845,,1,2.0
10100000004747,INDIA NIPPON ELECT  LTD,0,1,0.1,INE092B01025,0915-1530|1815-1915:,2026-07-30,,NSE:INDNIPPON-EQ,10,10,4747,INDNIPPON,4747,-1.0,XX,10100000004747,,1,2.0
10100000009120,INDO AMINES LIMITED,0,1,0.01,INE760F01028,0915-1530|1815-1915:,2026-07-30,,NSE:INDOAMIN-BE,10,10,9120,INDOAMIN,9120,-1.0,XX,10100000009120,,1,1.0
10100000008614,INDO BORAX & CHEMICAL LTD,0,1,0.05,INE803D01021,0915-1530|1815-1915:,2026-07-30,,NSE:INDOBORAX-EQ,10,10,8614,INDOBORAX,8614,-1.0,XX,10100000008614,,1,2.0
101000000011677,INDOCO REMEDIES LTD.,0,1,0.01,INE873D01024,0915-1530|1815-1915:,2026-07-30,,NSE:INDOCO-EQ,10,10,11677,INDOCO,11677,-1.0,XX,101000000011677,,1,2.6
101000000029025,INDO FARM EQUIPMENT LTD,0,1,0.01,INE622H01018,0915-1530|1815-1915:,2026-07-30,,NSE:INDOFARM-EQ,10,10,29025,INDOFARM,29025,-1.0,XX,101000000029025,,1,2.0
1010000000764301,INDO-MIM LIMITED,0,1,0.05,INE084101034,0915-1530|1815-1915:,2026-07-30,,NSE:INDOMIM-EQ,10,10,764301,INDOMIM,764301,-1.0,XX,1010000000764301,,0,0.0
101000000010993,INDO RAMA SYNTHETICS LTD,0,1,0.01,INE156A01020,0915-1530|1815-1915:,2026-07-30,,NSE:INDORAMA-EQ,10,10,10993,INDORAMA,10993,-1.0,XX,101000000010993,,1,2.0
10100000003088,INDOSTAR CAPITAL FIN LTD,0,1,0.05,INE896L01010,0915-1530|1815-1915:,2026-07-30,,NSE:INDOSTAR-EQ,10,10,3088,INDOSTAR,3088,-1.0,XX,10100000003088,,1,2.0
101000000013278,INDO TECH TRANSFORM LTD.,0,1,0.1,INE332H01014,0915-1530|1815-1915:,2026-07-30,,NSE:INDOTECH-BE,10,10,13278,INDOTECH,13278,-1.0,XX,101000000013278,,1,1.0
101000000025608,INDO THAI SEC LTD,0,1,0.01,INE337M01021,0915-1530|1815-1915:,2026-07-30,,NSE:INDOTHAI-EQ,10,10,25608,INDOTHAI,25608,-1.0,XX,101000000025608,,1,2.7
101000000025503,INDO US BIOTECH LTD,0,1,0.01,INE250Z01010,0915-1530|1815-1915:,2026-07-30,,NSE:INDOUS-EQ,10,10,25503,INDOUS,25503,-1.0,XX,101000000025503,,0,0.0
101000000014956,INDOWIND ENERGY LTD,0,1,0.01,INE227G01018,0915-1530|1815-1915:,2026-07-30,,NSE:INDOWIND-BE,10,10,14956,INDOWIND,14956,-1.0,XX,101000000014956,,0,0.0
1010000000762717,INDUSTRIAL & PRU INV CO L,0,1,0.5,INE620D01011,0915-1530|1815-1915:,2026-07-30,,NSE:INDPRUD-EQ,10,10,762717,INDPRUD,762717,-1.0,XX,1010000000762717,,0,0.0
10100000004751,INDRAPRASTHA MEDICAL CORP,0,1,0.05,INE681B01017,0915-1530|1815-1915:,2026-07-30,,NSE:INDRAMEDCO-EQ,10,10,4751,INDRAMEDCO,4751,-1.0,XX,10100000004751,,1,2.0
10100000004870,IND SWIFT LABORATORIES LT,0,1,0.01,INE915B01019,0915-1530|1815-1915:,2026-07-30,,NSE:INDSWFTLAB-EQ,10,10,4870,INDSWFTLAB,4870,-1.0,XX,10100000004870,,1,1.6
101000000021957,IND TERRAIN FASHIONS LTD,0,1,0.01,INE611L01021,0915-1530|1815-1915:,2026-07-30,,NSE:INDTERRAIN-EQ,10,10,21957,INDTERRAIN,21957,-1.0,XX,101000000021957,,0,0.0
10100000005258,INDUSIND BANK LIMITED,0,1,0.05,INE095A01012,0915-1530|1815-1915:,2026-07-30,,NSE:INDUSINDBK-EQ,10,10,5258,INDUSINDBK,5258,-1.0,XX,10100000005258,,1,3.1
101000000023036,INDUS INFRA TRUST,0,1,0.01,INE0NHL23019,0915-1530|1815-1915:,2026-07-30,,NSE:INDUSINVIT-IV,10,10,23036,INDUSINVIT,23036,-1.0,XX,101000000023036,,0,0.0
101000000029135,INDUS TOWERS LIMITED,0,1,0.05,INE121J01017,0915-1530|1815-1915:,2026-07-30,,NSE:INDUSTOWER-EQ,10,10,29135,INDUSTOWER,29135,-1.0,XX,101000000029135,,1,3.3
101000000015036,INFINIUM PHARMACHEM LTD,0,500,0.05,INE0MRE01011,0915-1530|1815-1915:,2026-07-30,,NSE:INFINIUM-SM,10,10,15036,INFINIUM,15036,-1.0,XX,101000000015036,,0,0.0
1010000000757602,INFLUX HEALTHTECH LIMITED,0,600,0.05,INE0MYZ01012,0915-1530|1815-1915:,2026-07-30,,NSE:INFLUX-SM,10,10,757602,INFLUX,757602,-1.0,XX,1010000000757602,,0,0.0
101000000011027,INFOBEANS TECHNO. LTD.,0,1,0.01,INE344S01016,0915-1530|1815-1915:,2026-07-30,,NSE:INFOBEAN-EQ,10,10,11027,INFOBEAN,11027,-1.0,XX,101000000011027,,1,2.2
101000000016588,INFOLLION RESEARCH SER L,0,400,0.05,INE0NNZ01013,0915-1530|1815-1915:,2026-07-30,,NSE:INFOLLION-SM,10,10,16588,INFOLLION,16588,-1.0,XX,101000000016588,,0,0.0
101000000013693,INFOMEDIA PRESS LIMITED,0,1,0.01,INE669A01022,0915-1530|1815-1915:,2026-07-30,,NSE:INFOMEDIA-EQ,10,10,13693,INFOMEDIA,13693,-1.0,XX,101000000013693,,0,0.0
10100000001594,INFOSYS LIMITED,0,1,0.1,INE009A01021,0915-1530|1815-1915:,2026-07-30,,NSE:INFY-EQ,10,10,1594,INFY,1594,-1.0,XX,10100000001594,,1,3.3
10100000001597,INGERSOLL-RAND INDIA LTD,0,1,0.1,INE177A01018,0915-1530|1815-1915:,2026-07-30,,NSE:INGERRAND-EQ,10,10,1597,INGERRAND,1597,-1.0,XX,10100000001597,,1,3.2
101000000022770,INTERIORS & MORE LIMITED,0,600,0.05,INE0OPC01015,0915-1530|1815-1915:,2026-07-30,,NSE:INM-SM,10,10,22770,INM,22770,-1.0,XX,101000000022770,,0,0.0
101000000025323,INNOMET ADVANCED MATERI L,0,600,0.05,INE0S1D01010,0915-1530|1815-1915:,2026-07-30,,NSE:INNOMET-ST,10,10,25323,INNOMET,25323,-1.0,XX,101000000025323,,0,0.0
101000000021062,INNOVA CAPTAB LIMITED,0,1,0.05,INE0DUT01020,0915-1530|1815-1915:,2026-07-30,,NSE:INNOVACAP-EQ,10,10,21062,INNOVACAP,21062,-1.0,XX,101000000021062,,1,3.0
101000000027754,INNOVANA THINKLABS LTD,0,1,0.05,INE403Y01018,0915-1530|1815-1915:,2026-07-30,,NSE:INNOVANA-EQ,10,10,27754,INNOVANA,27754,-1.0,XX,101000000027754,,0,0.0
1010000000761528,INNOVISION LIMITED,0,1,0.05,INE0ADB01012,0915-1530|1815-1915:,2026-07-30,,NSE:INNOVISION-EQ,10,10,761528,INNOVISION,761528,-1.0,XX,1010000000761528,,1,2.0
101000000012193,INOX GREEN ENERGY SER LTD,0,1,0.01,INE510W01014,0915-1530|1815-1915:,2026-07-30,,NSE:INOXGREEN-BE,10,10,12193,INOXGREEN,12193,-1.0,XX,101000000012193,,1,1.0
101000000020607,INOX INDIA LIMITED,0,1,0.1,INE616N01034,0915-1530|1815-1915:,2026-07-30,,NSE:INOXINDIA-EQ,10,10,20607,INOXINDIA,20607,-1.0,XX,101000000020607,,1,2.9
10100000007852,INOX WIND LIMITED,0,1,0.01,INE066P01011,0915-1530|1815-1915:,2026-07-30,,NSE:INOXWIND-EQ,10,10,7852,INOXWIND,7852,-1.0,XX,10100000007852,,1,2.8
101000000014657,INSECTICIDES (I) LTD,0,1,0.05,INE070I01018,0915-1530|1815-1915:,2026-07-30,,NSE:INSECTICID-EQ,10,10,14657,INSECTICID,14657,-1.0,XX,101000000014657,,1,2.0
101000000019157,INSPIRE FILMS LIMITED,0,2000,0.05,INE0NDX01019,0915-1530|1815-1915:,2026-07-30,,NSE:INSPIRE-ST,10,10,19157,INSPIRE,19157,-1.0,XX,101000000019157,,0,0.0
101000000013734,INSPIRISYS SOLUTIONS LTD,0,1,0.01,INE020G01017,0915-1530|1815-1915:,2026-07-30,,NSE:INSPIRISYS-BE,10,10,13734,INSPIRISYS,13734,-1.0,XX,101000000013734,,0,0.0
1010000000757905,INTEGRITY INFRABUILD DE L,0,1200,0.05,INE0YSH01017,0915-1530|1815-1915:,2026-07-30,,NSE:INTEGRITY-ST,10,10,757905,INTEGRITY,757905,-1.0,XX,1010000000757905,,0,0.0
10100000005926,INTELLECT DESIGN ARENA,0,1,0.05,INE306R01017,0915-1530|1815-1915:,2026-07-30,,NSE:INTELLECT-EQ,10,10,5926,INTELLECT,5926,-1.0,XX,10100000005926,,1,2.9
101000000020071,INTENSE TECHNOLOGIES LTD,0,1,0.01,INE781A01025,0915-1530|1815-1915:,2026-07-30,,NSE:INTENTECH-EQ,10,10,20071,INTENTECH,20071,-1.0,XX,101000000020071,,0,0.0
101000000024909,INTERARCH BLDNG SOLTN LTD,0,1,0.1,INE00M901018,0915-1530|1815-1915:,2026-07-30,,NSE:INTERARCH-EQ,10,10,24909,INTERARCH,24909,-1.0,XX,101000000024909,,1,2.0
10100000002892,INTERISE TRUST,0,25000,0.01,INE790Z23019,0915-1530|1815-1915:,2026-07-30,,NSE:INTERISE-IV,10,10,2892,INTERISE,2892,-1.0,XX,10100000002892,,0,0.0
10100000005606,INTL CONVEYORS LIMITED,0,1,0.01,INE575C01027,0915-1530|1815-1915:,2026-07-30,,NSE:INTLCONV-EQ,10,10,5606,INTLCONV,5606,-1.0,XX,10100000005606,,1,1.0
101000000024870,INVENTURE GRO & SEC LTD,0,1,0.01,INE878H01024,0915-1530|1815-1915:,2026-07-30,,NSE:INVENTURE-EQ,10,10,24870,INVENTURE,24870,-1.0,XX,101000000024870,,0,0.0
1010000000760142,INVICTA DIAGNOSTIC LTD,0,1600,0.05,INE0XJ501010,0915-1530|1815-1915:,2026-07-30,,NSE:INVICTA-ST,10,10,760142,INVICTA,760142,-1.0,XX,1010000000760142,,0,0.0
1010000000762725,INVESTMENT & PREC CAST L,0,1,0.05,INE155E01016,0915-1530|1815-1915:,2026-07-30,,NSE:INVPRECQ-BE,10,10,762725,INVPRECQ,762725,-1.0,XX,1010000000762725,,0,0.0
10100000009348,INDIAN OVERSEAS BANK,0,1,0.01,INE565A01014,0915-1530|1815-1915:,2026-07-30,,NSE:IOB-EQ,10,10,9348,IOB,9348,-1.0,XX,10100000009348,,1,3.2
10100000001624,INDIAN OIL CORP LTD,0,1,0.01,INE242A01010,0915-1530|1815-1915:,2026-07-30,,NSE:IOC-EQ,10,10,1624,IOC,1624,-1.0,XX,10100000001624,,1,3.4
101000000020413,IOL CHEM AND PHARMA LTD,0,1,0.01,INE485C01029,0915-1530|1815-1915:,2026-07-30,,NSE:IOLCP-EQ,10,10,20413,IOLCP,20413,-1.0,XX,101000000020413,,1,1.0
10100000001630,ION EXCHANGE (INDIA) LTD,0,1,0.05,INE570A01022,0915-1530|1815-1915:,2026-07-30,,NSE:IONEXCHANG-EQ,10,10,1630,IONEXCHANG,1630,-1.0,XX,10100000001630,,1,2.9
10100000001633,IPCA LABORATORIES LTD,0,1,0.1,INE571A01038,0915-1530|1815-1915:,2026-07-30,,NSE:IPCALAB-EQ,10,10,1633,IPCALAB,1633,-1.0,XX,10100000001633,,1,3.3
101000000025033,INDIAN PHOSPHATE LIMITED,0,1200,0.05,INE0DHF01018,0915-1530|1815-1915:,2026-07-30,,NSE:IPHL-SM,10,10,25033,IPHL,25033,-1.0,XX,101000000025033,,0,0.0
10100000004934,INDIA PESTICIDES LIMITED,0,1,0.01,INE0D6701023,0915-1530|1815-1915:,2026-07-30,,NSE:IPL-EQ,10,10,4934,IPL,4934,-1.0,XX,10100000004934,,1,2.0
101000000011903,INTEGRATED PERSO SER LTD,0,500,0.05,INE02EE01019,0915-1530|1815-1915:,2026-07-30,,NSE:IPSL-SM,10,10,11903,IPSL,11903,-1.0,XX,101000000011903,,0,0.0
101000000015313,IRB INFRA DEV LTD.,0,1,0.01,INE821I01022,0915-1530|1815-1915:,2026-07-30,,NSE:IRB-EQ,10,10,15313,IRB,15313,-1.0,XX,101000000015313,,1,3.2
101000000020817,IRB INVIT FUND,0,1,0.01,INE183W23014,0915-1530|1815-1915:,2026-07-30,,NSE:IRBINVIT-IV,10,10,20817,IRBINVIT,20817,-1.0,XX,101000000020817,,0,0.0
10100000004986,IRCON INTERNATIONAL LTD,0,1,0.01,INE962Y01021,0915-1530|1815-1915:,2026-07-30,,NSE:IRCON-EQ,10,10,4986,IRCON,4986,-1.0,XX,10100000004986,,1,2.9
101000000013611,INDIAN RAIL TOUR CORP LTD,0,1,0.05,INE335Y01020,0915-1530|1815-1915:,2026-07-30,,NSE:IRCTC-EQ,10,10,13611,IRCTC,13611,-1.0,XX,101000000013611,,1,3.6
101000000020261,INDIAN RENEWABLE ENERGY,0,1,0.01,INE202E01016,0915-1530|1815-1915:,2026-07-30,,NSE:IREDA-EQ,10,10,20261,IREDA,20261,-1.0,XX,101000000020261,,1,3.0
10100000002029,INDIAN RAILWAY FIN CORP L,0,1,0.01,INE053F01010,0915-1530|1815-1915:,2026-07-30,,NSE:IRFC-EQ,10,10,2029,IRFC,2029,-1.0,XX,10100000002029,,1,3.1
10100000006489,IRIS REGTECH SOLUTION LTD,0,1,0.05,INE864K01010,0915-1530|1815-1915:,2026-07-30,,NSE:IRIS-EQ,10,10,6489,IRIS,6489,-1.0,XX,10100000006489,,1,2.0
10100000002275,IRIS CLOTHINGS LIMITED,0,1,0.01,INE01GN01025,0915-1530|1815-1915:,2026-07-30,,NSE:IRISDOREME-EQ,10,10,2275,IRISDOREME,2275,-1.0,XX,10100000002275,,1,2.0
101000000019597,IRM ENERGY LIMITED,0,1,0.05,INE07U701015,0915-1530|1815-1915:,2026-07-30,,NSE:IRMENERGY-EQ,10,10,19597,IRMENERGY,19597,-1.0,XX,101000000019597,,1,1.0
101000000018479,INTRASOFT TECH. LTD,0,1,0.01,INE566K01011,0915-1530|1815-1915:,2026-07-30,,NSE:ISFT-EQ,10,10,18479,ISFT,18479,-1.0,XX,101000000018479,,0,0.0
10100000003329,ISGEC HEAVY ENG LTD,0,1,0.05,INE858B01029,0915-1530|1815-1915:,2026-07-30,,NSE:ISGEC-EQ,10,10,3329,ISGEC,3329,-1.0,XX,10100000003329,,1,2.9
101000000010995,ISHAN INTERNATIONAL LTD,0,48000,0.05,INE0LCW01025,0915-1530|1815-1915:,2026-07-30,,NSE:ISHAN-SM,10,10,10995,ISHAN,10995,-1.0,XX,101000000010995,,0,0.0
101000000030249,ISHAN DYES N CHEMICALS L,0,1,0.01,INE561M01018,0915-1530|1815-1915:,2026-07-30,,NSE:ISHANCH-EQ,10,10,30249,ISHANCH,30249,-1.0,XX,101000000030249,,0,0.0
101000000022645,ITALIAN EDIBLES LIMITED,0,2000,0.05,INE0R7R01018,0915-1530|1815-1915:,2026-07-30,,NSE:ITALIANE-SM,10,10,22645,ITALIANE,22645,-1.0,XX,101000000022645,,0,0.0
10100000001660,ITC LTD,0,1,0.05,INE154A01025,0915-1530|1815-1915:,2026-07-30,,NSE:ITC-EQ,10,10,1660,ITC,1660,-1.0,XX,10100000001660,,1,3.7
101000000029251,ITC HOTELS LIMITED,0,1,0.01,INE379A01028,0915-1530|1815-1915:,2026-07-30,,NSE:ITCHOTELS-EQ,10,10,29251,ITCHOTELS,29251,-1.0,XX,101000000029251,,1,3.3
101000000019299,INDIA TOUR. DEV. CO. LTD.,0,1,0.05,INE353K01014,0915-1530|1815-1915:,2026-07-30,,NSE:ITDC-EQ,10,10,19299,ITDC,19299,-1.0,XX,101000000019299,,1,2.4
10100000001675,ITI LTD,0,1,0.05,INE248A01017,0915-1530|1815-1915:,2026-07-30,,NSE:ITI-EQ,10,10,1675,ITI,1675,-1.0,XX,10100000001675,,1,2.8
101000000027266,INNOVATIVE TYRE & TUBE LT,0,105,0.05,INE070Y01023,0915-1530|1815-1915:,2026-07-30,,NSE:ITTL-ST,10,10,27266,ITTL,27266,-1.0,XX,101000000027266,,0,0.0
1010000000759041,IVALUE INFOSOLUTIONS LTD,0,1,0.05,INE056801025,0915-1530|1815-1915:,2026-07-30,,NSE:IVALUE-EQ,10,10,759041,IVALUE,759041,-1.0,XX,1010000000759041,,1,3.1
10100000006711,IL&FS INVESTMENT MANAGERS,0,1,0.01,INE050B01023,0915-1530|1815-1915:,2026-07-30,,NSE:IVC-EQ,10,10,6711,IVC,6711,-1.0,XX,10100000006711,,0,0.0
10100000008857,IVP LIMITED,0,1,0.01,INE043C01018,0915-1530|1815-1915:,2026-07-30,,NSE:IVP-BE,10,10,8857,IVP,8857,-1.0,XX,10100000008857,,0,0.0
1010000000757644,IWARE SUPPLYCHAIN SER LTD,0,600,0.05,INE1AII01014,0915-1530|1815-1915:,2026-07-30,,NSE:IWARE-ST,10,10,757644,IWARE,757644,-1.0,XX,1010000000757644,,0,0.0
1010000000762727,INDIAN WOOD PRODUCTS CO L,0,1,0.01,INE586E01020,0915-1530|1815-1915:,2026-07-30,,NSE:IWP-EQ,10,10,762727,IWP,762727,-1.0,XX,1010000000762727,,0,0.0
101000000024067,LE TRAVENUES TECHNOLOGY L,0,1,0.01,INE0HV901016,0915-1530|1815-1915:,2026-07-30,,NSE:IXIGO-EQ,10,10,24067,IXIGO,24067,-1.0,XX,101000000024067,,1,2.6
101000000014174,IZMO LIMITED,0,1,0.1,INE848A01014,0915-1530|1815-1915:,2026-07-30,,NSE:IZMO-EQ,10,10,14174,IZMO,14174,-1.0,XX,101000000014174,,1,2.3
10100000005633,J & K BANK LTD.,0,1,0.01,INE168A01041,0915-1530|1815-1915:,2026-07-30,,NSE:J&KBANK-EQ,10,10,5633,J&KBANK,5633,-1.0,XX,10100000005633,,1,2.8
101000000013211,JAGRAN PRAKASHAN LIMITED,0,1,0.01,INE199G01027,0915-1530|1815-1915:,2026-07-30,,NSE:JAGRAN-EQ,10,10,13211,JAGRAN,13211,-1.0,XX,101000000013211,,1,2.0
10100000004410,JAGSONPAL PHARMACEUTICALS,0,1,0.01,INE048B01035,0915-1530|1815-1915:,2026-07-30,,NSE:JAGSNPHARM-EQ,10,10,4410,JAGSNPHARM,4410,-1.0,XX,10100000004410,,1,2.9
101000000014076,JAI BALAJI INDUSTRIES LTD,0,1,0.01,INE091G01026,0915-1530|1815-1915:,2026-07-30,,NSE:JAIBALAJI-BE,10,10,14076,JAIBALAJI,14076,-1.0,XX,101000000014076,,1,1.0
10100000005143,JAI CORP LIMITED,0,1,0.01,INE070D01027,0915-1530|1815-1915:,2026-07-30,,NSE:JAICORPLTD-EQ,10,10,5143,JAICORPLTD,5143,-1.0,XX,10100000005143,,1,2.0
10100000006012,JAINAM FER ALLOYS (I) LTD,0,500,0.05,INE02KC01010,0915-1530|1815-1915:,2026-07-30,,NSE:JAINAM-SM,10,10,6012,JAINAM,6012,-1.0,XX,10100000006012,,0,0.0
1010000000758303,JAINIK POWER CABLES LTD,0,1200,0.05,INE0XIL01012,0915-1530|1815-1915:,2026-07-30,,NSE:JAINIK-SM,10,10,758303,JAINIK,758303,-1.0,XX,1010000000758303,,0,0.0
1010000000759244,JAIN RESOURCE RECYCLING L,0,1,0.05,INE0YD401026,0915-1530|1815-1915:,2026-07-30,,NSE:JAINREC-EQ,10,10,759244,JAINREC,759244,-1.0,XX,1010000000759244,,1,2.7
10100000005516,NANDANI CREATION LIMITED,0,1,0.01,INE696V01013,0915-1530|1815-1915:,2026-07-30,,NSE:JAIPURKURT-EQ,10,10,5516,JAIPURKURT,5516,-1.0,XX,10100000005516,,0,0.0
10100000003950,JAKHARIA FABRIC LIMITED,0,2400,0.05,INE00N401018,0915-1530|1815-1915:,2026-07-30,,NSE:JAKHARIA-ST,10,10,3950,JAKHARIA,3950,-1.0,XX,10100000003950,,0,0.0
101000000020930,JALAN TRANSOLU. INDIA LTD,0,3000,0.05,INE349X01015,0915-1530|1815-1915:,2026-07-30,,NSE:JALAN-ST,10,10,20930,JALAN,20930,-1.0,XX,101000000020930,,0,0.0
101000000020778,JAMNA AUTO IND LTD,0,1,0.01,INE039C01032,0915-1530|1815-1915:,2026-07-30,,NSE:JAMNAAUTO-EQ,10,10,20778,JAMNAAUTO,20778,-1.0,XX,101000000020778,,1,2.9
1010000000759951,JARO INS OF TEC MG N RE L,0,1,0.05,INE00YJ01010,0915-1530|1815-1915:,2026-07-30,,NSE:JARO-EQ,10,10,759951,JARO,759951,-1.0,XX,1010000000759951,,1,2.0
101000000013982,JASH ENGINEERING LIMITED,0,1,0.05,INE039O01029,0915-1530|1815-1915:,2026-07-30,,NSE:JASH-EQ,10,10,13982,JASH,13982,-1.0,XX,101000000013982,,1,2.9
10100000004041,JAYANT AGRO ORGANICS LTD,0,1,0.01,INE785A01026,0915-1530|1815-1915:,2026-07-30,,NSE:JAYAGROGN-EQ,10,10,4041,JAYAGROGN,4041,-1.0,XX,10100000004041,,0,0.0
10100000001708,JAY BHARAT MARUTI LTD,0,1,0.01,INE571B01036,0915-1530|1815-1915:,2026-07-30,,NSE:JAYBARMARU-EQ,10,10,1708,JAYBARMARU,1708,-1.0,XX,10100000001708,,1,1.0
101000000025037,JAY BEE LAMINATIONS LTD,0,500,0.05,INE0SMY01017,0915-1530|1815-1915:,2026-07-30,,NSE:JAYBEE-SM,10,10,25037,JAYBEE,25037,-1.0,XX,101000000025037,,0,0.0
1010000000759159,JAYESH LOGISTICS LIMITED,0,1000,0.05,INE1AE401014,0915-1530|1815-1915:,2026-07-30,,NSE:JAYESH-SM,10,10,759159,JAYESH,759159,-1.0,XX,1010000000759159,,0,0.0
1010000000760073,JAYKAY ENTERPRISES LTD,0,1,0.01,INE903A01025,0915-1530|1815-1915:,2026-07-30,,NSE:JAYKAY-EQ,10,10,760073,JAYKAY,760073,-1.0,XX,1010000000760073,,1,2.0
10100000002331,JAYASWAL NECO INDUSTR LTD,0,1,0.01,INE854B01010,0915-1530|1815-1915:,2026-07-30,,NSE:JAYNECOIND-EQ,10,10,2331,JAYNECOIND,2331,-1.0,XX,10100000002331,,1,1.1
10100000001720,JAYSHREE TEA & INDUSTRIES,0,1,0.01,INE364A01020,0915-1530|1815-1915:,2026-07-30,,NSE:JAYSREETEA-EQ,10,10,1720,JAYSREETEA,1720,-1.0,XX,10100000001720,,0,0.0
101000000011655,JBM AUTO LIMITED,0,1,0.05,INE927D01051,0915-1530|1815-1915:,2026-07-30,,NSE:JBMA-EQ,10,10,11655,JBMA,11655,-1.0,XX,101000000011655,,1,2.8
10100000007211,JET FREIGHT LOGISTICS LTD,0,1,0.01,INE982V01025,0915-1530|1815-1915:,2026-07-30,,NSE:JETFREIGHT-EQ,10,10,7211,JETFREIGHT,7211,-1.0,XX,10100000007211,,0,0.0
101000000018700,JET KNITWEARS LTD.,0,750,0.05,INE564T01017,0915-1530|1815-1915:,2026-07-30,,NSE:JETKNIT-ST,10,10,18700,JETKNIT,18700,-1.0,XX,101000000018700,,0,0.0
101000000025150,JEYYAM GLOBAL FOODS LTD,0,2000,0.05,INE0RXB01022,0915-1530|1815-1915:,2026-07-30,,NSE:JEYYAM-ST,10,10,25150,JEYYAM,25150,-1.0,XX,101000000025150,,0,0.0
101000000010885,JFL LIFE SCIENCES LIMITED,0,6000,0.05,INE0LA901015,0915-1530|1815-1915:,2026-07-30,,NSE:JFLLIFE-SM,10,10,10885,JFLLIFE,10885,-1.0,XX,101000000010885,,0,0.0
101000000023056,J.G.CHEMICALS LIMITED,0,1,0.05,INE0MB501011,0915-1530|1815-1915:,2026-07-30,,NSE:JGCHEM-EQ,10,10,23056,JGCHEM,23056,-1.0,XX,101000000023056,,1,2.0
101000000013720,JHS SVEND. LAB. LTD,0,1,0.01,INE544H01014,0915-1530|1815-1915:,2026-07-30,,NSE:JHS-EQ,10,10,13720,JHS,13720,-1.0,XX,101000000013720,,0,0.0
101000000011743,JINDAL PHOTO LIMITED,0,1,0.1,INE796G01012,0915-1530|1815-1915:,2026-07-30,,NSE:JINDALPHOT-EQ,10,10,11743,JINDALPHOT,11743,-1.0,XX,101000000011743,,1,2.0
10100000001756,JINDAL POLY FILMS LIMITED,0,1,0.05,INE197D01010,0915-1530|1815-1915:,2026-07-30,,NSE:JINDALPOLY-EQ,10,10,1756,JINDALPOLY,1756,-1.0,XX,10100000001756,,1,2.0
10100000003024,JINDAL SAW LIMITED,0,1,0.05,INE324A01032,0915-1530|1815-1915:,2026-07-30,,NSE:JINDALSAW-EQ,10,10,3024,JINDALSAW,3024,-1.0,XX,10100000003024,,1,2.7
10100000006733,JINDAL STEEL LIMITED,0,1,0.1,INE749A01030,0915-1530|1815-1915:,2026-07-30,,NSE:JINDALSTEL-EQ,10,10,6733,JINDALSTEL,6733,-1.0,XX,10100000006733,,1,3.3
101000000013875,JINDAL DRILLING IND. LTD,0,1,0.05,INE742C01031,0915-1530|1815-1915:,2026-07-30,,NSE:JINDRILL-EQ,10,10,13875,JINDRILL,13875,-1.0,XX,101000000013875,,1,2.5
101000000020642,JINDAL WORLDWIDE LTD,0,1,0.01,INE247D01039,0915-1530|1815-1915:,2026-07-30,,NSE:JINDWORLD-EQ,10,10,20642,JINDWORLD,20642,-1.0,XX,101000000020642,,1,2.0
101000000018143,JIO FIN SERVICES LTD,0,1,0.01,INE758E01017,0915-1530|1815-1915:,2026-07-30,,NSE:JIOFIN-EQ,10,10,18143,JIOFIN,18143,-1.0,XX,101000000018143,,1,3.3
101000000025684,JAIN DVR EQUITY SHARES,0,1,0.01,IN9175A01010,0915-1530|1815-1915:,2026-07-30,,NSE:JISLDVREQS-EQ,10,10,25684,JISLDVREQS,25684,-1.0,XX,101000000025684,,0,0.0
101000000010397,JAIN IRRIGATION SYSTEMS,0,1,0.01,INE175A01038,0915-1530|1815-1915:,2026-07-30,,NSE:JISLJALEQS-EQ,10,10,10397,JISLJALEQS,10397,-1.0,XX,101000000010397,,1,2.7
101000000019691,JITF INFRALOGISTICS LTD,0,1,0.05,INE863T01013,0915-1530|1815-1915:,2026-07-30,,NSE:JITFINFRA-EQ,10,10,19691,JITFINFRA,19691,-1.0,XX,101000000019691,,0,0.0
101000000018558,JIWANRAM SHEODUTTRA IND L,0,6000,0.05,INE0N5H01017,0915-1530|1815-1915:,2026-07-30,,NSE:JIWANRAM-SM,10,10,18558,JIWANRAM,18558,-1.0,XX,101000000018558,,0,0.0
101000000013270,JK CEMENT LIMITED,0,1,0.5,INE823G01014,0915-1530|1815-1915:,2026-07-30,,NSE:JKCEMENT-EQ,10,10,13270,JKCEMENT,13270,-1.0,XX,101000000013270,,1,3.2
101000000015266,JKUMAR INFR.LTD.,0,1,0.05,INE576I01022,0915-1530|1815-1915:,2026-07-30,,NSE:JKIL-EQ,10,10,15266,JKIL,15266,-1.0,XX,101000000015266,,1,2.0
1010000000759206,JINKUSHAL INDUSTRIES LTD,0,1,0.01,INE1FF001016,0915-1530|1815-1915:,2026-07-30,,NSE:JKIPL-BE,10,10,759206,JKIPL,759206,-1.0,XX,1010000000759206,,0,0.0
101000000013491,JK LAKSHMI CEMENT LTD,0,1,0.05,INE786A01032,0915-1530|1815-1915:,2026-07-30,,NSE:JKLAKSHMI-EQ,10,10,13491,JKLAKSHMI,13491,-1.0,XX,101000000013491,,1,3.3
101000000011860,JK PAPER LIMITED,0,1,0.05,INE789E01012,0915-1530|1815-1915:,2026-07-30,,NSE:JKPAPER-EQ,10,10,11860,JKPAPER,11860,-1.0,XX,101000000011860,,1,2.9
101000000014435,JK TYRE & INDUSTRIES LTD,0,1,0.05,INE573A01042,0915-1530|1815-1915:,2026-07-30,,NSE:JKTYRE-EQ,10,10,14435,JKTYRE,14435,-1.0,XX,101000000014435,,1,2.9
101000000018553,JUPITER LIFE LINE HOSP L,0,1,0.1,INE682M01020,0915-1530|1815-1915:,2026-07-30,,NSE:JLHL-EQ,10,10,18553,JLHL,18553,-1.0,XX,101000000018553,,1,2.0
10100000007109,JULLUNDUR MOT AGENCY LTD,0,1,0.01,INE412C01023,0915-1530|1815-1915:,2026-07-30,,NSE:JMA-EQ,10,10,7109,JMA,7109,-1.0,XX,10100000007109,,0,0.0
101000000013637,JM FINANCIAL LIMITED,0,1,0.01,INE780C01023,0915-1530|1815-1915:,2026-07-30,,NSE:JMFINANCIL-EQ,10,10,13637,JMFINANCIL,13637,-1.0,XX,101000000013637,,1,2.8
101000000023621,JNK INDIA LIMITED,0,1,0.05,INE0OAF01028,0915-1530|1815-1915:,2026-07-30,,NSE:JNKINDIA-EQ,10,10,23621,JNKINDIA,23621,-1.0,XX,101000000023621,,1,1.0
101000000016931,JOCIL LIMITED,0,1,0.01,INE839G01010,0915-1530|1815-1915:,2026-07-30,,NSE:JOCIL-BE,10,10,16931,JOCIL,16931,-1.0,XX,101000000016931,,0,0.0
101000000031507,JIND POL INV & FIN CO LTD,0,1,0.1,INE147P01019,0915-1530|1815-1915:,2026-07-30,,NSE:JPOLYINVST-EQ,10,10,31507,JPOLYINVST,31507,-1.0,XX,101000000031507,,1,2.0
101000000011763,JAIPRAKASH POWER VEN. LTD,0,1,0.01,INE351F01018,0915-1530|1815-1915:,2026-07-30,,NSE:JPPOWER-EQ,10,10,11763,JPPOWER,11763,-1.0,XX,101000000011763,,1,2.5
101000000022663,JANA SMALL FIN BANK LTD,0,1,0.05,INE953L01027,0915-1530|1815-1915:,2026-07-30,,NSE:JSFB-EQ,10,10,22663,JSFB,22663,-1.0,XX,101000000022663,,1,2.9
101000000011236,JINDAL STAINLESS LIMITED,0,1,0.05,INE220G01021,0915-1530|1815-1915:,2026-07-30,,NSE:JSL-EQ,10,10,11236,JSL,11236,-1.0,XX,101000000011236,,1,3.2
1010000000758115,JEENA SIKHO LIFECARE LTD,0,1,0.05,INE0J5801029,0915-1530|1815-1915:,2026-07-30,,NSE:JSLL-EQ,10,10,758115,JSLL,758115,-1.0,XX,1010000000758115,,1,2.5
1010000000758460,JSW CEMENT LIMITED,0,1,0.01,INE718I01012,0915-1530|1815-1915:,2026-07-30,,NSE:JSWCEMENT-EQ,10,10,758460,JSWCEMENT,758460,-1.0,XX,1010000000758460,,1,3.6
10100000001467,JSW DULUX LIMITED,0,1,0.1,INE133A01011,0915-1530|1815-1915:,2026-07-30,,NSE:JSWDULUX-EQ,10,10,1467,JSWDULUX,1467,-1.0,XX,10100000001467,,1,3.2
101000000017869,JSW ENERGY LIMITED,0,1,0.05,INE121E01018,0915-1530|1815-1915:,2026-07-30,,NSE:JSWENERGY-EQ,10,10,17869,JSWENERGY,17869,-1.0,XX,101000000017869,,1,3.1
101000000011880,JSW HOLDINGS LIMITED,0,1,1.0,INE824G01012,0915-1530|1815-1915:,2026-07-30,,NSE:JSWHL-EQ,10,10,11880,JSWHL,11880,-1.0,XX,101000000011880,,1,2.0
101000000019020,JSW INFRASTRUCTURE LTD,0,1,0.05,INE880J01026,0915-1530|1815-1915:,2026-07-30,,NSE:JSWINFRA-EQ,10,10,19020,JSWINFRA,19020,-1.0,XX,101000000019020,,1,3.1
101000000011723,JSW STEEL LIMITED,0,1,0.1,INE019A01038,0915-1530|1815-1915:,2026-07-30,,NSE:JSWSTEEL-EQ,10,10,11723,JSWSTEEL,11723,-1.0,XX,101000000011723,,1,3.6
10100000003237,JTEKT INDIA LIMITED,0,1,0.01,INE643A01035,0915-1530|1815-1915:,2026-07-30,,NSE:JTEKTINDIA-EQ,10,10,3237,JTEKTINDIA,3237,-1.0,XX,10100000003237,,1,2.9
10100000007287,JTL INDUSTRIES LIMITED,0,1,0.01,INE391J01032,0915-1530|1815-1915:,2026-07-30,,NSE:JTLIND-EQ,10,10,7287,JTLIND,7287,-1.0,XX,10100000007287,,1,2.4
101000000029590,JUBILANT AGRI N CON PRO L,0,1,0.1,INE03CC01015,0915-1530|1815-1915:,2026-07-30,,NSE:JUBLCPL-EQ,10,10,29590,JUBLCPL,29590,-1.0,XX,101000000029590,,1,2.0
101000000018096,JUBILANT FOODWORKS LTD,0,1,0.05,INE797F01020,0915-1530|1815-1915:,2026-07-30,,NSE:JUBLFOOD-EQ,10,10,18096,JUBLFOOD,18096,-1.0,XX,101000000018096,,1,3.2
10100000002783,JUBILANT INGREVIA LIMITED,0,1,0.05,INE0BY001018,0915-1530|1815-1915:,2026-07-30,,NSE:JUBLINGREA-EQ,10,10,2783,JUBLINGREA,2783,-1.0,XX,10100000002783,,1,2.9
10100000003637,JUBILANT PHARMOVA LTD,0,1,0.05,INE700A01033,0915-1530|1815-1915:,2026-07-30,,NSE:JUBLPHARMA-EQ,10,10,3637,JUBLPHARMA,3637,-1.0,XX,10100000003637,,1,3.2
101000000022824,JUNIPER HOTELS LIMITED,0,1,0.01,INE696F01016,0915-1530|1815-1915:,2026-07-30,,NSE:JUNIPER-EQ,10,10,22824,JUNIPER,22824,-1.0,XX,101000000022824,,1,2.0
101000000029962,JUSTDIAL LTD.,0,1,0.05,INE599M01018,0915-1530|1815-1915:,2026-07-30,,NSE:JUSTDIAL-EQ,10,10,29962,JUSTDIAL,29962,-1.0,XX,101000000029962,,1,1.6
101000000020224,JUPITER WAGONS LIMITED,0,1,0.05,INE209L01016,0915-1530|1815-1915:,2026-07-30,,NSE:JWL-EQ,10,10,20224,JWL,20224,-1.0,XX,101000000020224,,1,2.7
101000000015146,JYOTHY LABS LIMITED,0,1,0.01,INE668F01031,0915-1530|1815-1915:,2026-07-30,,NSE:JYOTHYLAB-EQ,10,10,15146,JYOTHYLAB,15146,-1.0,XX,101000000015146,,1,3.3
101000000021334,JYOTI CNC AUTOMATION LTD,0,1,0.05,INE980O01024,0915-1530|1815-1915:,2026-07-30,,NSE:JYOTICNC-EQ,10,10,21334,JYOTICNC,21334,-1.0,XX,101000000021334,,1,2.7
1010000000758221,JYOTI GLOBAL PLAST LTD,0,2000,0.05,INE1M3T01017,0915-1530|1815-1915:,2026-07-30,,NSE:JYOTIGLOBL-SM,10,10,758221,JYOTIGLOBL,758221,-1.0,XX,1010000000758221,,0,0.0
10100000001802,JYOTI STRUCTURES LTD,0,1,0.01,INE197A01024,0915-1530|1815-1915:,2026-07-30,,NSE:JYOTISTRUC-EQ,10,10,1802,JYOTISTRUC,1802,-1.0,XX,10100000001802,,1,2.0
101000000023462,K2 INFRAGEN LIMITED,0,600,0.05,INE0DEZ01013,0915-1530|1815-1915:,2026-07-30,,NSE:K2INFRA-ST,10,10,23462,K2INFRA,23462,-1.0,XX,101000000023462,,0,0.0
10100000001805,KABRA EXTRUSION TECHNIK L,0,1,0.05,INE900B01029,0915-1530|1815-1915:,2026-07-30,,NSE:KABRAEXTRU-EQ,10,10,1805,KABRAEXTRU,1805,-1.0,XX,10100000001805,,1,2.0
10100000001808,KAJARIA CERAMICS LTD,0,1,0.1,INE217B01036,0915-1530|1815-1915:,2026-07-30,,NSE:KAJARIACER-EQ,10,10,1808,KAJARIACER,1808,-1.0,XX,10100000001808,,1,3.3
10100000008945,KAKATIYA CEM SUGAR &IND L,0,1,0.01,INE437B01014,0915-1530|1815-1915:,2026-07-30,,NSE:KAKATCEM-BE,10,10,8945,KAKATCEM,8945,-1.0,XX,10100000008945,,0,0.0
101000000018755,SAI SILKS (KALAMANDIR) L,0,1,0.01,INE438K01021,0915-1530|1815-1915:,2026-07-30,,NSE:KALAMANDIR-EQ,10,10,18755,KALAMANDIR,18755,-1.0,XX,101000000018755,,1,2.0
101000000025443,KALANA ISPAT LIMITED,0,2000,0.05,INE0T0L01014,0915-1530|1815-1915:,2026-07-30,,NSE:KALANA-SM,10,10,25443,KALANA,25443,-1.0,XX,101000000025443,,0,0.0
1010000000758558,KALPATARU LIMITED,0,1,0.05,INE227J01012,0915-1530|1815-1915:,2026-07-30,,NSE:KALPATARU-EQ,10,10,758558,KALPATARU,758558,-1.0,XX,1010000000758558,,1,2.0
101000000019653,KALYANI COMMERCIALS LTD,0,1,0.01,INE610E01010,0915-1530|1815-1915:,2026-07-30,,NSE:KALYANI-BE,10,10,19653,KALYANI,19653,-1.0,XX,101000000019653,,0,0.0
101000000015156,KALYANI FORGE LIMITED,0,1,0.05,INE314G01014,0915-1530|1815-1915:,2026-07-30,,NSE:KALYANIFRG-EQ,10,10,15156,KALYANIFRG,15156,-1.0,XX,101000000015156,,0,0.0
10100000002955,KALYAN JEWELLERS IND LTD,0,1,0.05,INE303R01014,0915-1530|1815-1915:,2026-07-30,,NSE:KALYANKJIL-EQ,10,10,2955,KALYANKJIL,2955,-1.0,XX,10100000002955,,1,1.6
1010000000762732,KAMA HOLDINGS LTD.,0,1,0.1,INE411F01010,0915-1530|1815-1915:,2026-07-30,,NSE:KAMAHOLD-EQ,10,10,762732,KAMAHOLD,762732,-1.0,XX,1010000000762732,,1,2.0
10100000001826,KAMAT HOTELS (I) LTD,0,1,0.01,INE967C01018,0915-1530|1815-1915:,2026-07-30,,NSE:KAMATHOTEL-EQ,10,10,1826,KAMATHOTEL,1826,-1.0,XX,10100000001826,,1,2.0
101000000013461,KAMDHENU LIMITED,0,1,0.01,INE390H01020,0915-1530|1815-1915:,2026-07-30,,NSE:KAMDHENU-BE,10,10,13461,KAMDHENU,13461,-1.0,XX,101000000013461,,1,1.0
101000000013814,KAMDHENU VENTURES LIMITED,0,1,0.01,INE0BTI01037,0915-1530|1815-1915:,2026-07-30,,NSE:KAMOPAINTS-EQ,10,10,13814,KAMOPAINTS,13814,-1.0,XX,101000000013814,,0,0.0
101000000025786,KANANI INDUSTRIES LTD,0,1,0.01,INE879E01037,0915-1530|1815-1915:,2026-07-30,,NSE:KANANIIND-EQ,10,10,25786,KANANIIND,25786,-1.0,XX,101000000025786,,0,0.0
1010000000762740,KANCHI KARPOORAM LTD.,0,1,0.05,INE081G01019,0915-1530|1815-1915:,2026-07-30,,NSE:KANCHI-BE,10,10,762740,KANCHI,762740,-1.0,XX,1010000000762740,,0,0.0
101000000011208,KANDARP DG SMART BPO LTD,0,1000,0.05,INE0MOT01016,0915-1530|1815-1915:,2026-07-30,,NSE:KANDARP-SM,10,10,11208,KANDARP,11208,-1.0,XX,101000000011208,,0,0.0
10100000009805,KANORIACHEMICALS-,0,1,0.01,INE138C01024,0915-1530|1815-1915:,2026-07-30,,NSE:KANORICHEM-BE,10,10,9805,KANORICHEM,9805,-1.0,XX,10100000009805,,0,0.0
10100000001782,KANPUR PLASTIPACK LIMITED,0,1,0.01,INE694E01014,0915-1530|1815-1915:,2026-07-30,,NSE:KANPRPLA-EQ,10,10,1782,KANPRPLA,1782,-1.0,XX,10100000001782,,0,0.0
10100000001196,KANSAI NEROLAC PAINTS LTD,0,1,0.01,INE531A01024,0915-1530|1815-1915:,2026-07-30,,NSE:KANSAINER-EQ,10,10,1196,KANSAINER,1196,-1.0,XX,10100000001196,,1,3.4
101000000018967,KAPSTON SERVICES LIMITED,0,1,0.05,INE542Z01028,0915-1530|1815-1915:,2026-07-30,,NSE:KAPSTON-EQ,10,10,18967,KAPSTON,18967,-1.0,XX,101000000018967,,1,2.0
101000000024385,KARMA ENERGY LIMITED,0,1,0.01,INE725L01011,0915-1530|1815-1915:,2026-07-30,,NSE:KARMAENG-EQ,10,10,24385,KARMAENG,24385,-1.0,XX,101000000024385,,0,0.0
101000000019465,KARNIKA INDUSTRIES LTD,0,1000,0.05,INE0MGA01012,0915-1530|1815-1915:,2026-07-30,,NSE:KARNIKA-SM,10,10,19465,KARNIKA,19465,-1.0,XX,101000000019465,,0,0.0
10100000001838,KARUR VYSYA BANK LTD,0,1,0.05,INE036D01028,0915-1530|1815-1915:,2026-07-30,,NSE:KARURVYSYA-EQ,10,10,1838,KARURVYSYA,1838,-1.0,XX,10100000001838,,1,3.0
101000000024528,KATARIA INDUSTRIES LTD,0,600,0.05,INE0SVY01018,0915-1530|1815-1915:,2026-07-30,,NSE:KATARIA-SM,10,10,24528,KATARIA,24528,-1.0,XX,101000000024528,,0,0.0
101000000015140,KAUSHALYA INFRA DEV LTD.,0,1,0.05,INE234I01028,0915-1530|1815-1915:,2026-07-30,,NSE:KAUSHALYA-BE,10,10,15140,KAUSHALYA,15140,-1.0,XX,101000000015140,,0,0.0
101000000015244,KAVVERI DFS & WIR TEC LTD,0,1,0.01,INE641C01019,0915-1530|1815-1915:,2026-07-30,,NSE:KAVDEFENCE-EQ,10,10,15244,KAVDEFENCE,15244,-1.0,XX,101000000015244,,0,0.0
101000000010276,KAYA LIMITED,0,1,0.01,INE587G01015,0915-1530|1815-1915:,2026-07-30,,NSE:KAYA-EQ,10,10,10276,KAYA,10276,-1.0,XX,101000000010276,,0,0.0
101000000012092,KAYNES TECHNOLOGY IND LTD,0,1,0.1,INE918Z01012,0915-1530|1815-1915:,2026-07-30,,NSE:KAYNES-EQ,10,10,12092,KAYNES,12092,-1.0,XX,101000000012092,,1,2.4
1010000000758868,KAYTEX FABRICS LIMITED,0,800,0.05,INE13ZD01013,0915-1530|1815-1915:,2026-07-30,,NSE:KAYTEX-SM,10,10,758868,KAYTEX,758868,-1.0,XX,1010000000758868,,0,0.0
101000000021173,KAY CEE ENERGY & INFRA L,0,500,0.05,INE0RCG01017,0915-1530|1815-1915:,2026-07-30,,NSE:KCEIL-SM,10,10,21173,KCEIL,21173,-1.0,XX,101000000021173,,0,0.0
101000000010293,KCK INDUSTRIES LTD,0,2500,0.05,INE0J1E01027,0915-1530|1815-1915:,2026-07-30,,NSE:KCK-SM,10,10,10293,KCK,10293,-1.0,XX,101000000010293,,0,0.0
10100000001841,KCP LTD,0,1,0.01,INE805C01028,0915-1530|1815-1915:,2026-07-30,,NSE:KCP-EQ,10,10,1841,KCP,1841,-1.0,XX,10100000001841,,1,2.0
10100000004809,KCP SUGAR IND CORP LTD.,0,1,0.01,INE790B01024,0915-1530|1815-1915:,2026-07-30,,NSE:KCPSUGIND-EQ,10,10,4809,KCPSUGIND,4809,-1.0,XX,10100000004809,,0,0.0
101000000014908,KDDL LIMITED,0,1,0.1,INE291D01011,0915-1530|1815-1915:,2026-07-30,,NSE:KDDL-EQ,10,10,14908,KDDL,14908,-1.0,XX,101000000014908,,1,2.0
101000000016758,KORE DIGITAL LIMITED,0,150,0.05,INE0O4R01018,0915-1530|1815-1915:,2026-07-30,,NSE:KDL-SM,10,10,16758,KDL,16758,-1.0,XX,101000000016758,,0,0.0
101000000013260,KEC INTL. LIMITED,0,1,0.05,INE389H01022,0915-1530|1815-1915:,2026-07-30,,NSE:KEC-EQ,10,10,13260,KEC,13260,-1.0,XX,101000000013260,,1,2.9
101000000018220,KIRLOSKAR ELECTRIC CO LTD,0,1,0.01,INE134B01017,0915-1530|1815-1915:,2026-07-30,,NSE:KECL-EQ,10,10,18220,KECL,18220,-1.0,XX,101000000018220,,0,0.0
1010000000778,DSJ KEEP LEARNING LTD,0,1,0.01,INE055C01020,0915-1530|1815-1915:,2026-07-30,,NSE:KEEPLEARN-EQ,10,10,778,KEEPLEARN,778,-1.0,XX,1010000000778,,0,0.0
101000000013310,KEI INDUSTRIES LTD.,0,1,0.5,INE878B01027,0915-1530|1815-1915:,2026-07-30,,NSE:KEI-EQ,10,10,13310,KEI,13310,-1.0,XX,101000000013310,,1,3.0
101000000018708,KUNDAN EDIFICE LIMITED,0,1200,0.05,INE0OWX01025,0915-1530|1815-1915:,2026-07-30,,NSE:KEL-SM,10,10,18708,KEL,18708,-1.0,XX,101000000018708,,0,0.0
101000000013430,KELLTON TECH SOL LTD,0,1,0.01,INE164B01030,0915-1530|1815-1915:,2026-07-30,,NSE:KELLTONTEC-EQ,10,10,13430,KELLTONTEC,13430,-1.0,XX,101000000013430,,1,2.0
101000000029547,KEN ENTERPRISES LIMITED,0,1200,0.05,INE15DO01012,0915-1530|1815-1915:,2026-07-30,,NSE:KEN-SM,10,10,29547,KEN,29547,-1.0,XX,101000000029547,,0,0.0
101000000011841,KENNAMETAL INDIA LIMITED,0,1,0.1,INE717A01029,0915-1530|1815-1915:,2026-07-30,,NSE:KENNAMET-EQ,10,10,11841,KENNAMET,11841,-1.0,XX,101000000011841,,1,2.0
101000000013121,KERNEX MICROSYS(I) LTD,0,1,0.1,INE202H01019,0915-1530|1815-1915:,2026-07-30,,NSE:KERNEX-EQ,10,10,13121,KERNEX,13121,-1.0,XX,101000000013121,,1,1.0
10100000004981,KESORAM INDUSTRIES LTD,0,1,0.01,INE087A01019,0915-1530|1815-1915:,2026-07-30,,NSE:KESORAMIND-BE,10,10,4981,KESORAMIND,4981,-1.0,XX,10100000004981,,0,0.0
10100000004157,KEYNOTE FIN SERV LTD.,0,1,0.01,INE681C01015,0915-1530|1815-1915:,2026-07-30,,NSE:KEYFINSERV-EQ,10,10,4157,KEYFINSERV,4157,-1.0,XX,10100000004157,,0,0.0
101000000013359,KFIN TECHNOLOGIES LIMITED,0,1,0.05,INE138Y01010,0915-1530|1815-1915:,2026-07-30,,NSE:KFINTECH-EQ,10,10,13359,KFINTECH,13359,-1.0,XX,101000000013359,,1,2.9
1010000000433,KHADIM INDIA LIMITED,0,1,0.01,INE834I01025,0915-1530|1815-1915:,2026-07-30,,NSE:KHADIM-BE,10,10,433,KHADIM,433,-1.0,XX,1010000000433,,0,0.0
1010000000896,KHAITAN CHEM & FERT LTD,0,1,0.01,INE745B01028,0915-1530|1815-1915:,2026-07-30,,NSE:KHAICHEM-EQ,10,10,896,KHAICHEM,896,-1.0,XX,1010000000896,,0,0.0
10100000009582,KHAITAN (INDIA)LTD.,0,1,0.01,INE731C01018,0915-1530|1815-1915:,2026-07-30,,NSE:KHAITANLTD-BE,10,10,9582,KHAITANLTD,9582,-1.0,XX,10100000009582,,0,0.0
10100000009641,KHANDWALA SECURITIES LTD,0,1,0.01,INE060B01014,0915-1530|1815-1915:,2026-07-30,,NSE:KHANDSE-EQ,10,10,9641,KHANDSE,9641,-1.0,XX,10100000009641,,0,0.0
10100000009570,KHFM HOS FAC MANA SER LTD,0,1550,0.05,INE00UG01014,0915-1530|1815-1915:,2026-07-30,,NSE:KHFM-SM,10,10,9570,KHFM,9570,-1.0,XX,10100000009570,,0,0.0
101000000021119,KALYANI INVEST CO LTD,0,1,0.5,INE029L01018,0915-1530|1815-1915:,2026-07-30,,NSE:KICL-EQ,10,10,21119,KICL,21119,-1.0,XX,101000000021119,,1,2.0
101000000019941,KILITCH DRUGS INDIA LTD,0,1,0.01,INE729D01010,0915-1530|1815-1915:,2026-07-30,,NSE:KILITCH-BE,10,10,19941,KILITCH,19941,-1.0,XX,101000000019941,,1,1.0
10100000004847,KRISHNA INST OF MED SCI L,0,1,0.05,INE967H01025,0915-1530|1815-1915:,2026-07-30,,NSE:KIMS-EQ,10,10,4847,KIMS,4847,-1.0,XX,10100000004847,,1,3.2
101000000018944,KINGFA SCI & TEC IND LTD.,0,1,0.5,INE473D01015,0915-1530|1815-1915:,2026-07-30,,NSE:KINGFA-EQ,10,10,18944,KINGFA,18944,-1.0,XX,101000000018944,,1,2.0
101000000019126,KIOCL LIMITED,0,1,0.05,INE880L01014,0915-1530|1815-1915:,2026-07-30,,NSE:KIOCL-EQ,10,10,19126,KIOCL,19126,-1.0,XX,101000000019126,,1,2.4
1010000000762742,KIRAN VYAPAR LTD.,0,1,0.01,INE555P01013,0915-1530|1815-1915:,2026-07-30,,NSE:KIRANVYPAR-EQ,10,10,762742,KIRANVYPAR,762742,-1.0,XX,1010000000762742,,0,0.0
101000000016639,KIRI INDUSTRIES LIMITED,0,1,0.05,INE415I01015,0915-1530|1815-1915:,2026-07-30,,NSE:KIRIINDUS-EQ,10,10,16639,KIRIINDUS,16639,-1.0,XX,101000000016639,,1,2.0
101000000014466,KIRLOSKAR FERROUS IND LTD,0,1,0.05,INE884B01025,0915-1530|1815-1915:,2026-07-30,,NSE:KIRLFER-EQ,10,10,14466,KIRLFER,14466,-1.0,XX,101000000014466,,1,3.0
101000000018581,KIRLOSKAR BROTHERS LTD,0,1,0.1,INE732A01036,0915-1530|1815-1915:,2026-07-30,,NSE:KIRLOSBROS-EQ,10,10,18581,KIRLOSBROS,18581,-1.0,XX,101000000018581,,1,2.8
101000000020936,KIRLOSKAR OIL ENG LTD,0,1,0.1,INE146L01010,0915-1530|1815-1915:,2026-07-30,,NSE:KIRLOSENG-EQ,10,10,20936,KIRLOSENG,20936,-1.0,XX,101000000020936,,1,1.0
101000000019025,KIRLOSKAR INDUSTRIES LTD,0,1,0.1,INE250A01039,0915-1530|1815-1915:,2026-07-30,,NSE:KIRLOSIND-EQ,10,10,19025,KIRLOSIND,19025,-1.0,XX,101000000019025,,1,2.8
101000000015180,KIRLOSKAR PNEUMATIC COM L,0,1,0.1,INE811A01020,0915-1530|1815-1915:,2026-07-30,,NSE:KIRLPNU-EQ,10,10,15180,KIRLPNU,15180,-1.0,XX,101000000015180,,1,2.8
1010000000763294,ONEMI TECHNOLOGY SOL LTD,0,1,0.05,INE12F801023,0915-1530|1815-1915:,2026-07-30,,NSE:KISSHT-EQ,10,10,763294,KISSHT,763294,-1.0,XX,1010000000763294,,1,3.2
101000000028899,KITEX GARMENTS LTD,0,1,0.01,INE602G01020,0915-1530|1815-1915:,2026-07-30,,NSE:KITEX-EQ,10,10,28899,KITEX,28899,-1.0,XX,101000000028899,,1,2.4
101000000013381,KEWAL KIRAN CLOTHING LTD,0,1,0.05,INE401H01017,0915-1530|1815-1915:,2026-07-30,,NSE:KKCL-EQ,10,10,13381,KKCL,13381,-1.0,XX,101000000013381,,1,2.0
101000000029192,KABRA JEWELS LIMITED,0,1000,0.05,INE0XOW01017,0915-1530|1815-1915:,2026-07-30,,NSE:KKJEWELS-SM,10,10,29192,KKJEWELS,29192,-1.0,XX,101000000029192,,0,0.0
101000000017781,KKV AGRO POWERS LTD.,0,171,0.05,INE239T01016,0915-1530|1815-1915:,2026-07-30,,NSE:KKVAPOW-SM,10,10,17781,KKVAPOW,17781,-1.0,XX,101000000017781,,0,0.0
1010000000762747,KILBURN ENGINEERING LTD.,0,1,0.05,INE338F01015,0915-1530|1815-1915:,2026-07-30,,NSE:KLBRENG-B-EQ,10,10,762747,KLBRENG-B,762747,-1.0,XX,1010000000762747,,1,2.0
101000000021186,KAUSHALYA LOGISTICS LTD,0,800,0.05,INE0Q2V01012,0915-1530|1815-1915:,2026-07-30,,NSE:KLL-SM,10,10,21186,KLL,21186,-1.0,XX,101000000021186,,0,0.0
101000000027084,KNOWLEDGE MARINE & EN W L,0,1,0.1,INE0CJD01029,0915-1530|1815-1915:,2026-07-30,,NSE:KMEW-EQ,10,10,27084,KMEW,27084,-1.0,XX,101000000027084,,1,1.0
101000000014667,K M SUGAR MILLS LTD,0,1,0.01,INE157H01023,0915-1530|1815-1915:,2026-07-30,,NSE:KMSUGAR-EQ,10,10,14667,KMSUGAR,14667,-1.0,XX,101000000014667,,0,0.0
1010000000763839,KNACK PACKAGING LIMITED,0,1,0.01,INE17QZ01016,0915-1530|1815-1915:,2026-07-30,,NSE:KNACK-EQ,10,10,763839,KNACK,763839,-1.0,XX,1010000000763839,,0,0.0
1010000000760923,KN AGRI RESOURCES LIMITED,0,1,0.01,INE0KNW01016,0915-1530|1815-1915:,2026-07-30,,NSE:KNAGRI-EQ,10,10,760923,KNAGRI,760923,-1.0,XX,1010000000760923,,0,0.0
101000000015283,KNR CONSTRU LTD.,0,1,0.01,INE634I01029,0915-1530|1815-1915:,2026-07-30,,NSE:KNRCON-EQ,10,10,15283,KNRCON,15283,-1.0,XX,101000000015283,,1,2.9
101000000018751,KODY TECHNOLAB LIMITED,0,100,0.05,INE0Q7P01013,0915-1530|1815-1915:,2026-07-30,,NSE:KODYTECH-SM,10,10,18751,KODYTECH,18751,-1.0,XX,101000000018751,,0,0.0
10100000003009,KOHINOOR FOODS LIMITED,0,1,0.01,INE080B01012,0915-1530|1815-1915:,2026-07-30,,NSE:KOHINOOR-EQ,10,10,3009,KOHINOOR,3009,-1.0,XX,10100000003009,,0,0.0
101000000016827,KOKUYO CAMLIN LIMITED,0,1,0.01,INE760A01029,0915-1530|1815-1915:,2026-07-30,,NSE:KOKUYOCMLN-EQ,10,10,16827,KOKUYOCMLN,16827,-1.0,XX,101000000016827,,0,0.0
101000000015124,KOLTE PATIL DEV. LTD.,0,1,0.05,INE094I01018,0915-1530|1815-1915:,2026-07-30,,NSE:KOLTEPATIL-EQ,10,10,15124,KOLTEPATIL,15124,-1.0,XX,101000000015124,,1,2.0
101000000022475,KONSTELEC ENGINEERS LTD,0,1000,0.05,INE0QEI01011,0915-1530|1815-1915:,2026-07-30,,NSE:KONSTELEC-ST,10,10,22475,KONSTELEC,22475,-1.0,XX,101000000022475,,0,0.0
101000000019287,KONTOR SPACE LIMITED,0,600,0.05,INE0KZ301010,0915-1530|1815-1915:,2026-07-30,,NSE:KONTOR-SM,10,10,19287,KONTOR,19287,-1.0,XX,101000000019287,,0,0.0
10100000004951,KOPRAN LTD,0,1,0.01,INE082A01010,0915-1530|1815-1915:,2026-07-30,,NSE:KOPRAN-BE,10,10,4951,KOPRAN,4951,-1.0,XX,10100000004951,,1,1.0
101000000010889,JAY JALARAM TECHNO LTD,0,250,0.05,INE0J6801010,0915-1530|1815-1915:,2026-07-30,,NSE:KORE-SM,10,10,10889,KORE,10889,-1.0,XX,101000000010889,,0,0.0
10100000001922,KOTAK MAHINDRA BANK LTD,0,1,0.05,INE237A01036,0915-1530|1815-1915:,2026-07-30,,NSE:KOTAKBANK-EQ,10,10,1922,KOTAKBANK,1922,-1.0,XX,10100000001922,,1,3.7
101000000011647,KOTHARI SUG & CHEM LTD.,0,1,0.01,INE419A01022,0915-1530|1815-1915:,2026-07-30,,NSE:KOTARISUG-EQ,10,10,11647,KOTARISUG,11647,-1.0,XX,101000000011647,,0,0.0
10100000004594,KOTHARI PETROCHEM LTD,0,1,0.01,INE720A01015,0915-1530|1815-1915:,2026-07-30,,NSE:KOTHARIPET-EQ,10,10,4594,KOTHARIPET,4594,-1.0,XX,10100000004594,,0,0.0
10100000005528,KOTHARI PRODUCTS LTD,0,1,0.01,INE823A01017,0915-1530|1815-1915:,2026-07-30,,NSE:KOTHARIPRO-EQ,10,10,5528,KOTHARIPRO,5528,-1.0,XX,10100000005528,,0,0.0
1010000000762752,KOTHARI INDUSTRIAL CORP L,0,1,0.01,INE972A01020,0915-1530|1815-1915:,2026-07-30,,NSE:KOTIC-EQ,10,10,762752,KOTIC,762752,-1.0,XX,1010000000762752,,0,0.0
1010000000761337,KOTYARK INDUSTRIES LTD,0,1,0.01,INE0J0B01017,0915-1530|1815-1915:,2026-07-30,,NSE:KOTYARK-BE,10,10,761337,KOTYARK,761337,-1.0,XX,1010000000761337,,0,0.0
10100000005192,KOVAI MEDICAL CENTER & HO,0,1,0.5,INE177F01017,0915-1530|1815-1915:,2026-07-30,,NSE:KOVAI-EQ,10,10,5192,KOVAI,5192,-1.0,XX,10100000005192,,1,3.4
101000000027079,K.P. ENERGY LIMITED,0,1,0.05,INE127T01021,0915-1530|1815-1915:,2026-07-30,,NSE:KPEL-EQ,10,10,27079,KPEL,27079,-1.0,XX,101000000027079,,1,2.0
10100000005108,KPI GREEN ENERGY LIMITED,0,1,0.05,INE542W01025,0915-1530|1815-1915:,2026-07-30,,NSE:KPIGREEN-EQ,10,10,5108,KPIGREEN,5108,-1.0,XX,10100000005108,,1,2.8
10100000001814,KALPATARU PROJECT INT LTD,0,1,0.1,INE220B01022,0915-1530|1815-1915:,2026-07-30,,NSE:KPIL-EQ,10,10,1814,KPIL,1814,-1.0,XX,10100000001814,,1,3.2
10100000009683,KPIT TECHNOLOGIES LIMITED,0,1,0.05,INE04I401011,0915-1530|1815-1915:,2026-07-30,,NSE:KPITTECH-EQ,10,10,9683,KPITTECH,9683,-1.0,XX,10100000009683,,1,2.9
1010000000762757,KWALITY PHARMACEUTICALS L,0,1,0.1,INE552U01010,0915-1530|1815-1915:,2026-07-30,,NSE:KPL-EQ,10,10,762757,KPL,762757,-1.0,XX,1010000000762757,,1,2.0
101000000014912,KPR MILL LTD.,0,1,0.1,INE930H01031,0915-1530|1815-1915:,2026-07-30,,NSE:KPRMILL-EQ,10,10,14912,KPRMILL,14912,-1.0,XX,101000000014912,,1,2.9
101000000010577,KRBL LIMITED,0,1,0.05,INE001B01026,0915-1530|1815-1915:,2026-07-30,,NSE:KRBL-EQ,10,10,10577,KRBL,10577,-1.0,XX,101000000010577,,1,2.9
10100000001937,KREBS BIOCHEMICALS & IND,0,1,0.01,INE268B01013,0915-1530|1815-1915:,2026-07-30,,NSE:KREBSBIO-EQ,10,10,1937,KREBSBIO,1937,-1.0,XX,10100000001937,,0,0.0
101000000011488,KRIDHAN INFRA LIMITED,0,1,0.01,INE524L01026,0915-1530|1815-1915:,2026-07-30,,NSE:KRIDHANINF-BE,10,10,11488,KRIDHANINF,11488,-1.0,XX,101000000011488,,0,0.0
101000000012847,KRISHANA PHOSCHEM LIMITED,0,1,0.05,INE506W01020,0915-1530|1815-1915:,2026-07-30,,NSE:KRISHANA-EQ,10,10,12847,KRISHANA,12847,-1.0,XX,101000000012847,,1,2.6
101000000016133,KRISHCA STRAPPING SLTN L,0,500,0.05,INE0NR701018,0915-1530|1815-1915:,2026-07-30,,NSE:KRISHCA-SM,10,10,16133,KRISHCA,16133,-1.0,XX,101000000016133,,0,0.0
1010000000756782,KRISHIVAL FOODS LIMITED,0,1,0.05,INE0GGO01015,0915-1530|1815-1915:,2026-07-30,,NSE:KRISHIVAL-EQ,10,10,756782,KRISHIVAL,756782,-1.0,XX,1010000000756782,,0,0.0
1010000000761192,KRISHNA DEF AND ALD IND L,0,1,0.1,INE0J5601015,0915-1530|1815-1915:,2026-07-30,,NSE:KRISHNADEF-EQ,10,10,761192,KRISHNADEF,761192,-1.0,XX,1010000000761192,,1,2.9
10100000006420,KRITI INDUSTRIES IND LTD,0,1,0.01,INE479D01038,0915-1530|1815-1915:,2026-07-30,,NSE:KRITI-BE,10,10,6420,KRITI,6420,-1.0,XX,10100000006420,,0,0.0
10100000009288,KRITIKA WIRES LIMITED,0,1,0.01,INE00Z501029,0915-1530|1815-1915:,2026-07-30,,NSE:KRITIKA-EQ,10,10,9288,KRITIKA,9288,-1.0,XX,10100000009288,,0,0.0
101000000011432,KRITI NUTRIENTS LIMITED,0,1,0.01,INE798K01010,0915-1530|1815-1915:,2026-07-30,,NSE:KRITINUT-EQ,10,10,11432,KRITINUT,11432,-1.0,XX,101000000011432,,0,0.0
1010000000760627,KRM AYURVEDA LIMITED,0,1000,0.05,INE1MTV01019,0915-1530|1815-1915:,2026-07-30,,NSE:KRMAYURVED-ST,10,10,760627,KRMAYURVED,760627,-1.0,XX,1010000000760627,,0,0.0
101000000025645,KRN HEAT EXCHANGE N REF L,0,1,0.1,INE0Q3J01015,0915-1530|1815-1915:,2026-07-30,,NSE:KRN-BE,10,10,25645,KRN,25645,-1.0,XX,101000000025645,,1,1.0
101000000024025,KRONOX LAB SCIENCES LTD,0,1,0.01,INE0ATZ01017,0915-1530|1815-1915:,2026-07-30,,NSE:KRONOX-EQ,10,10,24025,KRONOX,24025,-1.0,XX,101000000024025,,1,2.0
101000000025252,KROSS LIMITED,0,1,0.01,INE0O6601022,0915-1530|1815-1915:,2026-07-30,,NSE:KROSS-EQ,10,10,25252,KROSS,25252,-1.0,XX,101000000025252,,1,2.0
10100000005359,KRSNAA DIAGNOSTICS LTD,0,1,0.05,INE08LI01020,0915-1530|1815-1915:,2026-07-30,,NSE:KRSNAA-EQ,10,10,5359,KRSNAA,5359,-1.0,XX,10100000005359,,1,2.0
1010000000758431,KNOWLEDGE REALTY TRUST,0,1,0.01,INE1JAR25012,0915-1530|1815-1915:,2026-07-30,,NSE:KRT-RR,10,10,758431,KRT,758431,-1.0,XX,1010000000758431,,0,0.0
101000000023175,KRYSTAL INTEGRATED SER L,0,1,0.05,INE0QN801017,0915-1530|1815-1915:,2026-07-30,,NSE:KRYSTAL-EQ,10,10,23175,KRYSTAL,23175,-1.0,XX,101000000023175,,1,2.0
10100000001949,KSB LIMITED,0,1,0.05,INE999A01023,0915-1530|1815-1915:,2026-07-30,,NSE:KSB-EQ,10,10,1949,KSB,1949,-1.0,XX,10100000001949,,1,3.3
101000000014972,KAVERI SEED CO. LTD.,0,1,0.05,INE455I01029,0915-1530|1815-1915:,2026-07-30,,NSE:KSCL-EQ,10,10,14972,KSCL,14972,-1.0,XX,101000000014972,,1,2.9
1010000000760433,KSH INTERNATIONAL LIMITED,0,1,0.05,INE987S01020,0915-1530|1815-1915:,2026-07-30,,NSE:KSHINTL-EQ,10,10,760433,KSHINTL,760433,-1.0,XX,1010000000760433,,1,1.0
101000000010412,KSHITIJ POLYLINE LIMITED,0,1,0.01,INE013801027,0915-1530|1815-1915:,2026-07-30,,NSE:KSHITIJPOL-BE,10,10,10412,KSHITIJPOL,10412,-1.0,XX,101000000010412,,0,0.0
101000000018889,KALYANI STEELS LIMITED,0,1,0.05,INE907A01026,0915-1530|1815-1915:,2026-07-30,,NSE:KSL-EQ,10,10,18889,KSL,18889,-1.0,XX,101000000018889,,1,2.0
101000000011060,KSOLVES INDIA LIMITED,0,1,0.05,INE0D6I01023,0915-1530|1815-1915:,2026-07-30,,NSE:KSOLVES-EQ,10,10,11060,KSOLVES,11060,-1.0,XX,101000000011060,,1,2.0
1010000000759987,KSR FOOTWEAR LIMITED,0,1,0.01,INE1SPP01016,0915-1530|1815-1915:,2026-07-30,,NSE:KSR-EQ,10,10,759987,KSR,759987,-1.0,XX,1010000000759987,,0,0.0
10100000008054,KARNATAKA BANK LIMITED,0,1,0.05,INE614B01018,0915-1530|1815-1915:,2026-07-30,,NSE:KTKBANK-EQ,10,10,8054,KTKBANK,8054,-1.0,XX,10100000008054,,1,3.2
101000000013870,KUANTUM PAPERS LIMITED,0,1,0.01,INE529I01021,0915-1530|1815-1915:,2026-07-30,,NSE:KUANTUM-EQ,10,10,13870,KUANTUM,13870,-1.0,XX,101000000013870,,0,0.0
1010000000764116,KUSUMGAR LIMITED,0,1,0.05,INE0ISX01025,0915-1530|1815-1915:,2026-07-30,,NSE:KUSUMGAR-EQ,10,10,764116,KUSUMGAR,764116,-1.0,XX,1010000000764116,,0,0.0
1010000000760946,KWALITY WALL'S (INDIA) L,0,1,0.01,INE2KCE01013,0915-1530|1815-1915:,2026-07-30,,NSE:KWIL-EQ,10,10,760946,KWIL,760946,-1.0,XX,1010000000760946,,1,3.2
10100000005865,LAGNAM SPINTEX LIMITED,0,1,0.01,INE548Z01017,0915-1530|1815-1915:,2026-07-30,,NSE:LAGNAM-EQ,10,10,5865,LAGNAM,5865,-1.0,XX,10100000005865,,0,0.0
1010000000762762,LAHOTI OVERSEAS LTD.,0,1,0.01,INE515C01023,0915-1530|1815-1915:,2026-07-30,,NSE:LAHOTIOV-EQ,10,10,762762,LAHOTIOV,762762,-1.0,XX,1010000000762762,,0,0.0
10100000004774,LAKSHMI PRE SCRE LTD,0,1,0.01,INE651C01018,0915-1530|1815-1915:,2026-07-30,,NSE:LAKPRE-BZ,10,10,4774,LAKPRE,4774,-1.0,XX,10100000004774,,0,0.0
101000000025860,LAKSHYA POWERTECH LIMITED,0,800,0.05,INE0VZS01015,0915-1530|1815-1915:,2026-07-30,,NSE:LAKSHYA-SM,10,10,25860,LAKSHYA,25860,-1.0,XX,101000000025860,,0,0.0
101000000014924,LORENZINI APPARELS LTD,0,1,0.01,INE740X01023,0915-1530|1815-1915:,2026-07-30,,NSE:LAL-EQ,10,10,14924,LAL,14924,-1.0,XX,101000000014924,,0,0.0
101000000011654,DR. LAL PATH LABS LTD.,0,1,0.1,INE600L01024,0915-1530|1815-1915:,2026-07-30,,NSE:LALPATHLAB-EQ,10,10,11654,LALPATHLAB,11654,-1.0,XX,101000000011654,,1,3.3
10100000006407,LAMBODHARA TEXTILES LTD.,0,1,0.01,INE112F01022,0915-1530|1815-1915:,2026-07-30,,NSE:LAMBODHARA-EQ,10,10,6407,LAMBODHARA,6407,-1.0,XX,10100000006407,,0,0.0
101000000027225,LAMOSAIC INDIA LIMITED,0,600,0.05,INE0R0201012,0915-1530|1815-1915:,2026-07-30,,NSE:LAMOSAIC-ST,10,10,27225,LAMOSAIC,27225,-1.0,XX,101000000027225,,0,0.0
101000000023027,LANCOR HOLDINGS LIMITED,0,1,0.01,INE572G01025,0915-1530|1815-1915:,2026-07-30,,NSE:LANCORHOL-EQ,10,10,23027,LANCORHOL,23027,-1.0,XX,101000000023027,,0,0.0
101000000013276,LANDMARK CARS LIMITED,0,1,0.05,INE559R01029,0915-1530|1815-1915:,2026-07-30,,NSE:LANDMARK-EQ,10,10,13276,LANDMARK,13276,-1.0,XX,101000000013276,,1,2.0
101000000017376,LANDSMILL GREEN LIMITED,0,1,0.01,INE688J01023,0915-1530|1815-1915:,2026-07-30,,NSE:LANDSMILL-EQ,10,10,17376,LANDSMILL,17376,-1.0,XX,101000000017376,,0,0.0
101000000014423,LA OPALA RG LIMITED,0,1,0.01,INE059D01020,0915-1530|1815-1915:,2026-07-30,,NSE:LAOPALA-EQ,10,10,14423,LAOPALA,14423,-1.0,XX,101000000014423,,1,2.0
101000000021713,LASA SUPERGENERICS LTD,0,1,0.01,INE670X01014,0915-1530|1815-1915:,2026-07-30,,NSE:LASA-EQ,10,10,21713,LASA,21713,-1.0,XX,101000000021713,,0,0.0
1010000000764126,LASER POWER & INFRA LTD,0,1,0.01,INE17IR01028,0915-1530|1815-1915:,2026-07-30,,NSE:LASERPOWER-EQ,10,10,764126,LASERPOWER,764126,-1.0,XX,1010000000764126,,0,0.0
10100000006818,LATENT VIEW ANALYTICS LTD,0,1,0.05,INE0I7C01011,0915-1530|1815-1915:,2026-07-30,,NSE:LATENTVIEW-EQ,10,10,6818,LATENTVIEW,6818,-1.0,XX,10100000006818,,1,2.8
101000000015848,LATTEYS INDUSTRIES LTD,0,1,0.01,INE262Z01023,0915-1530|1815-1915:,2026-07-30,,NSE:LATTEYS-BE,10,10,15848,LATTEYS,15848,-1.0,XX,101000000015848,,0,0.0
101000000019234,LAURUS LABS LIMITED,0,1,0.1,INE947Q01028,0915-1530|1815-1915:,2026-07-30,,NSE:LAURUSLABS-EQ,10,10,19234,LAURUSLABS,19234,-1.0,XX,101000000019234,,1,3.2
10100000006568,LAXMI COTSPIN LIMITED,0,1,0.01,INE801V01019,0915-1530|1815-1915:,2026-07-30,,NSE:LAXMICOT-EQ,10,10,6568,LAXMICOT,6568,-1.0,XX,10100000006568,,0,0.0
101000000029171,LAXMI DENTAL LIMITED,0,1,0.01,INE0WO601020,0915-1530|1815-1915:,2026-07-30,,NSE:LAXMIDENTL-EQ,10,10,29171,LAXMIDENTL,29171,-1.0,XX,101000000029171,,1,2.0
1010000000758865,LAXMI INDIA FINANCE LTD,0,1,0.01,INE06WU01026,0915-1530|1815-1915:,2026-07-30,,NSE:LAXMIINDIA-BE,10,10,758865,LAXMIINDIA,758865,-1.0,XX,1010000000758865,,0,0.0
10100000007529,LCC INFOTECH LTD,0,1,0.01,INE938A01021,0915-1530|1815-1915:,2026-07-30,,NSE:LCCINFOTEC-EQ,10,10,7529,LCCINFOTEC,7529,-1.0,XX,10100000007529,,0,0.0
1010000000764296,LOHIA CORP LIMITED,0,1,0.05,INE0QJW01029,0915-1530|1815-1915:,2026-07-30,,NSE:LCL-EQ,10,10,764296,LCL,764296,-1.0,XX,1010000000764296,,0,0.0
1010000000760300,LE MERITE EXPORTS LIMITED,0,1,0.01,INE0G1L01025,0915-1530|1815-1915:,2026-07-30,,NSE:LEMERITE-EQ,10,10,760300,LEMERITE,760300,-1.0,XX,1010000000760300,,0,0.0
10100000002606,LEMON TREE HOTELS LTD,0,1,0.01,INE970X01018,0915-1530|1815-1915:,2026-07-30,,NSE:LEMONTREE-EQ,10,10,2606,LEMONTREE,2606,-1.0,XX,10100000002606,,1,3.1
1010000000759605,LENSKART SOLUTIONS LTD,0,1,0.05,INE956O01016,0915-1530|1815-1915:,2026-07-30,,NSE:LENSKART-EQ,10,10,759605,LENSKART,759605,-1.0,XX,1010000000759605,,1,3.4
101000000014459,LEXUS GRANITO (INDIA) LTD,0,1,0.01,INE500X01013,0915-1530|1815-1915:,2026-07-30,,NSE:LEXUS-EQ,10,10,14459,LEXUS,14459,-1.0,XX,101000000014459,,0,0.0
10100000007902,LAKSHMI FIN IND CORP LTD,0,1,0.01,INE850E01012,0915-1530|1815-1915:,2026-07-30,,NSE:LFIC-EQ,10,10,7902,LFIC,7902,-1.0,XX,10100000007902,,0,0.0
101000000018321,LG BALAKRISHNAN & BROS,0,1,0.1,INE337A01034,0915-1530|1815-1915:,2026-07-30,,NSE:LGBBROSLTD-EQ,10,10,18321,LGBBROSLTD,18321,-1.0,XX,101000000018321,,1,2.0
1010000000760213,LG ELECTRONICS INDIA LTD,0,1,0.1,INE324D01010,0915-1530|1815-1915:,2026-07-30,,NSE:LGEINDIA-EQ,10,10,760213,LGEINDIA,760213,-1.0,XX,1010000000760213,,1,3.7
101000000019876,LAXMI GOLDORNA HOUSE LTD,0,1,0.01,INE258Y01016,0915-1530|1815-1915:,2026-07-30,,NSE:LGHL-EQ,10,10,19876,LGHL,19876,-1.0,XX,101000000019876,,0,0.0
101000000011082,LIBAS CONSU PRODUCTS LTD,0,1,0.01,INE908V01012,0915-1530|1815-1915:,2026-07-30,,NSE:LIBAS-EQ,10,10,11082,LIBAS,11082,-1.0,XX,101000000011082,,0,0.0
10100000001994,LIBERTY SHOES LTD,0,1,0.05,INE557B01019,0915-1530|1815-1915:,2026-07-30,,NSE:LIBERTSHOE-EQ,10,10,1994,LIBERTSHOE,1994,-1.0,XX,10100000001994,,0,0.0
10100000001997,LIC HOUSING FINANCE LTD,0,1,0.05,INE115A01026,0915-1530|1815-1915:,2026-07-30,,NSE:LICHSGFIN-EQ,10,10,1997,LICHSGFIN,1997,-1.0,XX,10100000001997,,1,3.4
10100000009480,LIFE INSURA CORP OF INDIA,0,1,0.05,INE0J1Y01017,0915-1530|1815-1915:,2026-07-30,,NSE:LICI-EQ,10,10,9480,LICI,9480,-1.0,XX,10100000009480,,1,3.6
1010000000578,LIKHITHA INFRASTRUC LTD,0,1,0.05,INE060901027,0915-1530|1815-1915:,2026-07-30,,NSE:LIKHITHA-EQ,10,10,578,LIKHITHA,578,-1.0,XX,1010000000578,,1,2.0
10100000006951,LINC LIMITED,0,1,0.01,INE802B01027,0915-1530|1815-1915:,2026-07-30,,NSE:LINC-EQ,10,10,6951,LINC,6951,-1.0,XX,10100000006951,,0,0.0
101000000011596,LINCOLN PHARMA LTD,0,1,0.05,INE405C01035,0915-1530|1815-1915:,2026-07-30,,NSE:LINCOLN-EQ,10,10,11596,LINCOLN,11596,-1.0,XX,101000000011596,,1,2.0
10100000001627,LINDE INDIA LIMITED,0,1,0.5,INE473A01011,0915-1530|1815-1915:,2026-07-30,,NSE:LINDEINDIA-EQ,10,10,1627,LINDEINDIA,1627,-1.0,XX,10100000001627,,1,3.2
101000000011476,LLOYDS LUXURIES LIMITED,0,1000,0.05,INE0DTQ01028,0915-1530|1815-1915:,2026-07-30,,NSE:LLOYDS-ST,10,10,11476,LLOYDS,11476,-1.0,XX,101000000011476,,0,0.0
101000000017801,LLOYDS ENGG WORK LIMITED,0,1,0.01,INE093R01011,0915-1530|1815-1915:,2026-07-30,,NSE:LLOYDSENGG-EQ,10,10,17801,LLOYDSENGG,17801,-1.0,XX,101000000017801,,1,1.0
101000000025807,LLOYDS ENTERPRISES LTD,0,1,0.01,INE080I01025,0915-1530|1815-1915:,2026-07-30,,NSE:LLOYDSENT-EQ,10,10,25807,LLOYDSENT,25807,-1.0,XX,101000000025807,,1,2.4
101000000017313,LLOYDS METALS N ENERGY L,0,1,0.1,INE281B01032,0915-1530|1815-1915:,2026-07-30,,NSE:LLOYDSME-EQ,10,10,17313,LLOYDSME,17313,-1.0,XX,101000000017313,,1,2.9
10100000001979,LMW LIMITED,0,1,1.0,INE269B01029,0915-1530|1815-1915:,2026-07-30,,NSE:LMW-EQ,10,10,1979,LMW,1979,-1.0,XX,10100000001979,,1,3.3
10100000003220,LODHA DEVELOPERS LIMITED,0,1,0.05,INE670K01029,0915-1530|1815-1915:,2026-07-30,,NSE:LODHA-EQ,10,10,3220,LODHA,3220,-1.0,XX,10100000003220,,1,2.9
101000000013439,LOKESH MACHINES LTD,0,1,0.05,INE397H01017,0915-1530|1815-1915:,2026-07-30,,NSE:LOKESHMACH-BE,10,10,13439,LOKESHMACH,13439,-1.0,XX,101000000013439,,0,0.0
101000000018232,LORDS CHLORO ALKALI LTD,0,1,0.01,INE846D01012,0915-1530|1815-1915:,2026-07-30,,NSE:LORDSCHLO-EQ,10,10,18232,LORDSCHLO,18232,-1.0,XX,101000000018232,,0,0.0
1010000000758145,SRI LOTUS DEVLPRS N RTY L,0,1,0.01,INE0V9Q01010,0915-1530|1815-1915:,2026-07-30,,NSE:LOTUSDEV-EQ,10,10,758145,LOTUSDEV,758145,-1.0,XX,1010000000758145,,1,1.6
101000000016807,LOTUS EYE HOSP & INST L,0,1,0.01,INE947I01017,0915-1530|1815-1915:,2026-07-30,,NSE:LOTUSEYE-EQ,10,10,16807,LOTUSEYE,16807,-1.0,XX,101000000016807,,0,0.0
101000000022415,LOVABLE LINGERIE LTD,0,1,0.01,INE597L01014,0915-1530|1815-1915:,2026-07-30,,NSE:LOVABLE-EQ,10,10,22415,LOVABLE,22415,-1.0,XX,101000000022415,,0,0.0
101000000010590,LOYAL TEXTILE MILLS LTD,0,1,0.01,INE970D01010,0915-1530|1815-1915:,2026-07-30,,NSE:LOYALTEX-EQ,10,10,10590,LOYALTEX,10590,-1.0,XX,101000000010590,,0,0.0
101000000016863,LANDMARK PR.DEV.CO.LTD,0,1,0.01,INE197J01017,0915-1530|1815-1915:,2026-07-30,,NSE:LPDC-EQ,10,10,16863,LPDC,16863,-1.0,XX,101000000016863,,0,0.0
101000000014204,LEAD REC AND RUB PROD LTD,0,1500,0.05,INE0H4B01011,0915-1530|1815-1915:,2026-07-30,,NSE:LRRPL-SM,10,10,14204,LRRPL,14204,-1.0,XX,101000000014204,,0,0.0
101000000011483,LARSEN & TOUBRO LTD.,0,1,0.1,INE018A01030,0915-1530|1815-1915:,2026-07-30,,NSE:LT-EQ,10,10,11483,LT,11483,-1.0,XX,101000000011483,,1,3.6
101000000024948,L&T FINANCE LIMITED,0,1,0.05,INE498L01015,0915-1530|1815-1915:,2026-07-30,,NSE:LTF-EQ,10,10,24948,LTF,24948,-1.0,XX,101000000024948,,1,3.1
101000000013816,LT FOODS LIMITED,0,1,0.05,INE818H01020,0915-1530|1815-1915:,2026-07-30,,NSE:LTFOODS-EQ,10,10,13816,LTFOODS,13816,-1.0,XX,101000000013816,,1,2.9
101000000017818,LTM LIMITED,0,1,0.1,INE214T01019,0915-1530|1815-1915:,2026-07-30,,NSE:LTM-EQ,10,10,17818,LTM,17818,-1.0,XX,101000000017818,,1,3.2
101000000018564,L&T TECHNOLOGY SER. LTD.,0,1,0.1,INE010V01017,0915-1530|1815-1915:,2026-07-30,,NSE:LTTS-EQ,10,10,18564,LTTS,18564,-1.0,XX,101000000018564,,1,3.1
10100000002018,LUMAX INDUSTRIES LTD,0,1,0.5,INE162B01018,0915-1530|1815-1915:,2026-07-30,,NSE:LUMAXIND-EQ,10,10,2018,LUMAXIND,2018,-1.0,XX,10100000002018,,1,2.0
101000000014014,LUMAX AUTO TECH LTD,0,1,0.1,INE872H01027,0915-1530|1815-1915:,2026-07-30,,NSE:LUMAXTECH-EQ,10,10,14014,LUMAXTECH,14014,-1.0,XX,101000000014014,,1,2.6
101000000010440,LUPIN LIMITED,0,1,0.1,INE326A01037,0915-1530|1815-1915:,2026-07-30,,NSE:LUPIN-EQ,10,10,10440,LUPIN,10440,-1.0,XX,101000000010440,,1,3.7
101000000011301,LUX INDUSTRIES LIMITED,0,1,0.1,INE150G01020,0915-1530|1815-1915:,2026-07-30,,NSE:LUXIND-EQ,10,10,11301,LUXIND,11301,-1.0,XX,101000000011301,,1,2.0
10100000002841,LAXMI ORGANIC INDUS LTD,0,1,0.01,INE576O01020,0915-1530|1815-1915:,2026-07-30,,NSE:LXCHEM-EQ,10,10,2841,LXCHEM,2841,-1.0,XX,10100000002841,,1,2.8
10100000007248,LYKA LABS LTD.,0,1,0.01,INE933A01014,0915-1530|1815-1915:,2026-07-30,,NSE:LYKALABS-BE,10,10,7248,LYKALABS,7248,-1.0,XX,10100000007248,,0,0.0
10100000002031,MAHINDRA & MAHINDRA LTD,0,1,0.1,INE101A01026,0915-1530|1815-1915:,2026-07-30,,NSE:M&M-EQ,10,10,2031,M&M,2031,-1.0,XX,10100000002031,,1,3.3
101000000013285,M&M FIN. SERVICES LTD,0,1,0.05,INE774D01024,0915-1530|1815-1915:,2026-07-30,,NSE:M&MFIN-EQ,10,10,13285,M&MFIN,13285,-1.0,XX,101000000013285,,1,2.9
101000000015017,MAAN ALUMINIUM LIMITED,0,1,0.01,INE215I01027,0915-1530|1815-1915:,2026-07-30,,NSE:MAANALU-EQ,10,10,15017,MAANALU,15017,-1.0,XX,101000000015017,,1,2.0
101000000024545,MACOBS TECHNOLOGIES LTD,0,800,0.05,INE0R0J01010,0915-1530|1815-1915:,2026-07-30,,NSE:MACOBSTECH-SM,10,10,24545,MACOBSTECH,24545,-1.0,XX,101000000024545,,0,0.0
101000000022347,MACPOWER CNC MACHINES LTD,0,1,0.1,INE155Z01011,0915-1530|1815-1915:,2026-07-30,,NSE:MACPOWER-EQ,10,10,22347,MACPOWER,22347,-1.0,XX,101000000022347,,1,2.0
101000000015151,MADHAV MARBLE & GRANITE,0,1,0.01,INE925C01016,0915-1530|1815-1915:,2026-07-30,,NSE:MADHAV-EQ,10,10,15151,MADHAV,15151,-1.0,XX,101000000015151,,0,0.0
10100000008262,VAIDYA SANE AYUR LAB LTD,0,400,0.05,INE0JR301013,0915-1530|1815-1915:,2026-07-30,,NSE:MADHAVBAUG-ST,10,10,8262,MADHAVBAUG,8262,-1.0,XX,10100000008262,,0,0.0
1010000000762767,MADHAV INFRA PROJECTS L,0,1,0.01,INE631R01026,0915-1530|1815-1915:,2026-07-30,,NSE:MADHAVIPL-EQ,10,10,762767,MADHAVIPL,762767,-1.0,XX,1010000000762767,,0,0.0
101000000013668,MADHUCON PROJECTS LTD.,0,1,0.01,INE378D01032,0915-1530|1815-1915:,2026-07-30,,NSE:MADHUCON-BE,10,10,13668,MADHUCON,13668,-1.0,XX,101000000013668,,0,0.0
101000000018738,MADHUSUDAN MASALA LIMITED,0,1000,0.05,INE0P6701019,0915-1530|1815-1915:,2026-07-30,,NSE:MADHUSUDAN-ST,10,10,18738,MADHUSUDAN,18738,-1.0,XX,101000000018738,,0,0.0
10100000004911,MADRAS FERTILISERS LTD,0,1,0.01,INE414A01015,0915-1530|1815-1915:,2026-07-30,,NSE:MADRASFERT-EQ,10,10,4911,MADRASFERT,4911,-1.0,XX,10100000004911,,1,2.0
1010000000762772,MAFATLAL INDUSTRIES LTD.,0,1,0.01,INE270B01035,0915-1530|1815-1915:,2026-07-30,,NSE:MAFATIND-EQ,10,10,762772,MAFATIND,762772,-1.0,XX,1010000000762772,,1,2.0
101000000021392,MAGADH SUGAR & ENERGY LTD,0,1,0.05,INE347W01011,0915-1530|1815-1915:,2026-07-30,,NSE:MAGADSUGAR-EQ,10,10,21392,MAGADSUGAR,21392,-1.0,XX,101000000021392,,1,1.0
101000000014957,MAGNUM VENTURES LTD.,0,1,0.01,INE387I01016,0915-1530|1815-1915:,2026-07-30,,NSE:MAGNUM-EQ,10,10,14957,MAGNUM,14957,-1.0,XX,101000000014957,,0,0.0
101000000017088,MAGSON RETAIL AND DIST L,0,1000,0.05,INE0O1S01012,0915-1530|1815-1915:,2026-07-30,,NSE:MAGSON-SM,10,10,17088,MAGSON,17088,-1.0,XX,101000000017088,,0,0.0
101000000011377,BANK OF MAHARASHTRA,0,1,0.01,INE457A01014,0915-1530|1815-1915:,2026-07-30,,NSE:MAHABANK-EQ,10,10,11377,MAHABANK,11377,-1.0,XX,101000000011377,,1,3.0
10100000005239,MAHA RASHTRA APEX COPR. L,0,1,0.01,INE843B01013,0915-1530|1815-1915:,2026-07-30,,NSE:MAHAPEXLTD-EQ,10,10,5239,MAHAPEXLTD,5239,-1.0,XX,10100000005239,,0,0.0
101000000017527,MAHAMAYA STEEL INDS LTD,0,1,0.05,INE451L01014,0915-1530|1815-1915:,2026-07-30,,NSE:MAHASTEEL-EQ,10,10,17527,MAHASTEEL,17527,-1.0,XX,101000000017527,,0,0.0
101000000017603,MAHINDRA EPC IRRIG LTD,0,1,0.01,INE215D01010,0915-1530|1815-1915:,2026-07-30,,NSE:MAHEPC-EQ,10,10,17603,MAHEPC,17603,-1.0,XX,101000000017603,,0,0.0
10100000009577,MAHESHWARI LOGISTICS LTD.,0,1,0.01,INE263W01010,0915-1530|1815-1915:,2026-07-30,,NSE:MAHESHWARI-BE,10,10,9577,MAHESHWARI,9577,-1.0,XX,10100000009577,,0,0.0
10100000002839,MAHICKRA CHEMICAL LIMITED,0,750,0.05,INE961Y01015,0915-1530|1815-1915:,2026-07-30,,NSE:MAHICKRA-SM,10,10,2839,MAHICKRA,2839,-1.0,XX,10100000002839,,0,0.0
10100000008050,MAHINDRA LIFESPACE DEVLTD,0,1,0.05,INE813A01018,0915-1530|1815-1915:,2026-07-30,,NSE:MAHLIFE-EQ,10,10,8050,MAHLIFE,8050,-1.0,XX,10100000008050,,1,3.2
1010000000385,MAHINDRA LOGISTIC LIMITED,0,1,0.05,INE766P01016,0915-1530|1815-1915:,2026-07-30,,NSE:MAHLOG-EQ,10,10,385,MAHLOG,385,-1.0,XX,1010000000385,,1,2.0
10100000002085,MAHARASHTRA SCOOTERS LTD,0,1,1.0,INE288A01013,0915-1530|1815-1915:,2026-07-30,,NSE:MAHSCOOTER-EQ,10,10,2085,MAHSCOOTER,2085,-1.0,XX,10100000002085,,1,2.0
10100000002088,MAHARASHTRA SEAMLESS LTD,0,1,0.05,INE271B01025,0915-1530|1815-1915:,2026-07-30,,NSE:MAHSEAMLES-EQ,10,10,2088,MAHSEAMLES,2088,-1.0,XX,10100000002088,,1,3.3
101000000024538,MAITHAN ALLOYS LTD,0,1,0.1,INE683C01011,0915-1530|1815-1915:,2026-07-30,,NSE:MAITHANALL-EQ,10,10,24538,MAITHANALL,24538,-1.0,XX,101000000024538,,1,2.0
101000000019809,MAITREYA MEDICARE LIMITED,0,400,0.05,INE0PLQ01011,0915-1530|1815-1915:,2026-07-30,,NSE:MAITREYA-SM,10,10,19809,MAITREYA,19809,-1.0,XX,101000000019809,,0,0.0
1010000000762777,MAJESTIC AUTO LTD.,0,1,0.05,INE201B01022,0915-1530|1815-1915:,2026-07-30,,NSE:MAJESAUT-EQ,10,10,762777,MAJESAUT,762777,-1.0,XX,1010000000762777,,0,0.0
101000000011218,MAKS ENERGY SOL INDIA LTD,0,1500,0.05,INE0CDK01019,0915-1530|1815-1915:,2026-07-30,,NSE:MAKS-SM,10,10,11218,MAKS,11218,-1.0,XX,101000000011218,,0,0.0
101000000019134,MANGALAM ALLOYS LIMITED,0,1600,0.05,INE00C401011,0915-1530|1815-1915:,2026-07-30,,NSE:MAL-SM,10,10,19134,MAL,19134,-1.0,XX,101000000019134,,0,0.0
10100000007965,MALLCOM (INDIA) LIMITED,0,1,0.1,INE389C01015,0915-1530|1815-1915:,2026-07-30,,NSE:MALLCOM-EQ,10,10,7965,MALLCOM,7965,-1.0,XX,10100000007965,,0,0.0
101000000013352,MALU PAPER MILLS LIMITED,0,1,0.01,INE383H01017,0915-1530|1815-1915:,2026-07-30,,NSE:MALUPAPER-EQ,10,10,13352,MALUPAPER,13352,-1.0,XX,101000000013352,,0,0.0
101000000028687,MAMATA MACHINERY LIMITED,0,1,0.05,INE0TO701015,0915-1530|1815-1915:,2026-07-30,,NSE:MAMATA-EQ,10,10,28687,MAMATA,28687,-1.0,XX,101000000028687,,1,2.0
10100000007420,MANAK ALUMINIUM CO. LTD.,0,1,0.01,INE859Q01017,0915-1530|1815-1915:,2026-07-30,,NSE:MANAKALUCO-EQ,10,10,7420,MANAKALUCO,7420,-1.0,XX,10100000007420,,0,0.0
10100000007413,MAN COAT METAL & IND LTD,0,1,0.01,INE830Q01018,0915-1530|1815-1915:,2026-07-30,,NSE:MANAKCOAT-EQ,10,10,7413,MANAKCOAT,7413,-1.0,XX,10100000007413,,1,2.0
101000000015199,MANAKSIA LTD.,0,1,0.01,INE015D01022,0915-1530|1815-1915:,2026-07-30,,NSE:MANAKSIA-EQ,10,10,15199,MANAKSIA,15199,-1.0,XX,101000000015199,,0,0.0
10100000007463,MANAKSIA STEELS LTD,0,1,0.01,INE824Q01011,0915-1530|1815-1915:,2026-07-30,,NSE:MANAKSTEEL-EQ,10,10,7463,MANAKSTEEL,7463,-1.0,XX,10100000007463,,0,0.0
101000000013796,MANALI PETROCHEMICALS LT,0,1,0.01,INE201A01024,0915-1530|1815-1915:,2026-07-30,,NSE:MANALIPETC-EQ,10,10,13796,MANALIPETC,13796,-1.0,XX,101000000013796,,1,2.0
101000000019061,MANAPPURAM FINANCE LTD,0,1,0.05,INE522D01027,0915-1530|1815-1915:,2026-07-30,,NSE:MANAPPURAM-EQ,10,10,19061,MANAPPURAM,19061,-1.0,XX,101000000019061,,1,3.1
101000000021697,MANAV INFRA PROJECTS LTD,0,4000,0.05,INE104Y01012,0915-1530|1815-1915:,2026-07-30,,NSE:MANAV-SM,10,10,21697,MANAV,21697,-1.0,XX,101000000021697,,0,0.0
101000000025597,MANBA FINANCE LIMITED,0,1,0.01,INE939X01013,0915-1530|1815-1915:,2026-07-30,,NSE:MANBA-EQ,10,10,25597,MANBA,25597,-1.0,XX,101000000025597,,1,2.0
101000000024823,MANGAL CREDIT N FINCORP L,0,1,0.01,INE545L01039,0915-1530|1815-1915:,2026-07-30,,NSE:MANCREDIT-EQ,10,10,24823,MANCREDIT,24823,-1.0,XX,101000000024823,,1,2.0
101000000023779,MANDEEP AUTO INDUSTRIES L,0,2000,0.05,INE0R3T01013,0915-1530|1815-1915:,2026-07-30,,NSE:MANDEEP-SM,10,10,23779,MANDEEP,23779,-1.0,XX,101000000023779,,0,0.0
101000000011817,MANGALAM DRUG & CHEM LTD,0,1,0.01,INE584F01014,0915-1530|1815-1915:,2026-07-30,,NSE:MANGALAM-EQ,10,10,11817,MANGALAM,11817,-1.0,XX,101000000011817,,0,0.0
10100000002106,MANGALAM CEMENT LTD,0,1,0.05,INE347A01017,0915-1530|1815-1915:,2026-07-30,,NSE:MANGLMCEM-EQ,10,10,2106,MANGLMCEM,2106,-1.0,XX,10100000002106,,1,2.0
1010000000760174,MANILAM INDUSTRIES IND L,0,2000,0.05,INE1ERK01013,0915-1530|1815-1915:,2026-07-30,,NSE:MANILAM-SM,10,10,760174,MANILAM,760174,-1.0,XX,1010000000760174,,0,0.0
101000000011884,MAN INDUSTRIES (I) LTD.,0,1,0.05,INE993A01026,0915-1530|1815-1915:,2026-07-30,,NSE:MANINDS-EQ,10,10,11884,MANINDS,11884,-1.0,XX,101000000011884,,1,2.4
101000000018226,MAN INFRA LTD,0,1,0.01,INE949H01023,0915-1530|1815-1915:,2026-07-30,,NSE:MANINFRA-EQ,10,10,18226,MANINFRA,18226,-1.0,XX,101000000018226,,1,2.9
101000000015380,MANKIND PHARMA LIMITED,0,1,0.1,INE634S01028,0915-1530|1815-1915:,2026-07-30,,NSE:MANKIND-EQ,10,10,15380,MANKIND,15380,-1.0,XX,101000000015380,,1,3.4
101000000013753,MANOMAY TEX INDIA LTD,0,1,0.01,INE784W01015,0915-1530|1815-1915:,2026-07-30,,NSE:MANOMAY-EQ,10,10,13753,MANOMAY,13753,-1.0,XX,101000000013753,,0,0.0
101000000010227,MANORAMA INDUSTRIES LTD,0,1,0.1,INE00VM01036,0915-1530|1815-1915:,2026-07-30,,NSE:MANORAMA-EQ,10,10,10227,MANORAMA,10227,-1.0,XX,101000000010227,,1,2.7
10100000006428,MANGALAM ORGANICS LIMITED,0,1,0.05,INE370D01013,0915-1530|1815-1915:,2026-07-30,,NSE:MANORG-BE,10,10,6428,MANORG,6428,-1.0,XX,10100000006428,,0,0.0
101000000013575,MANUGRAPH INDIA LIMITED,0,1,0.01,INE867A01022,0915-1530|1815-1915:,2026-07-30,,NSE:MANUGRAPH-BE,10,10,13575,MANUGRAPH,13575,-1.0,XX,101000000013575,,0,0.0
10100000008167,VEDANT FASHIONS LIMITED,0,1,0.05,INE825V01034,0915-1530|1815-1915:,2026-07-30,,NSE:MANYAVAR-EQ,10,10,8167,MANYAVAR,8167,-1.0,XX,10100000008167,,1,3.2
10100000007227,C.E. INFO SYSTEMS LIMITED,0,1,0.05,INE0BV301023,0915-1530|1815-1915:,2026-07-30,,NSE:MAPMYINDIA-EQ,10,10,7227,MAPMYINDIA,7227,-1.0,XX,10100000007227,,1,2.8
10100000007040,MARAL OVERSEAS LTD,0,1,0.01,INE882A01013,0915-1530|1815-1915:,2026-07-30,,NSE:MARALOVER-BE,10,10,7040,MARALOVER,7040,-1.0,XX,10100000007040,,0,0.0
101000000018659,MARATHON NXTGEN REALT LTD,0,1,0.05,INE182D01020,0915-1530|1815-1915:,2026-07-30,,NSE:MARATHON-EQ,10,10,18659,MARATHON,18659,-1.0,XX,101000000018659,,1,2.0
1010000000760453,MARC TECHNOCRATS LIMITED,0,1200,0.05,INE0TD401015,0915-1530|1815-1915:,2026-07-30,,NSE:MARC-SM,10,10,760453,MARC,760453,-1.0,XX,1010000000760453,,0,0.0
101000000018773,MARCO CABLE & CONDUCTOR L,0,1500,0.05,INE0QP001012,0915-1530|1815-1915:,2026-07-30,,NSE:MARCO-SM,10,10,18773,MARCO,18773,-1.0,XX,101000000018773,,0,0.0
10100000004067,MARICO LIMITED,0,1,0.05,INE196A01026,0915-1530|1815-1915:,2026-07-30,,NSE:MARICO-EQ,10,10,4067,MARICO,4067,-1.0,XX,10100000004067,,1,3.7
10100000001328,MARINE ELECTRICAL (I) LTD,0,1,0.05,INE01JE01028,0915-1530|1815-1915:,2026-07-30,,NSE:MARINE-EQ,10,10,1328,MARINE,1328,-1.0,XX,10100000001328,,1,2.6
101000000020410,MARINETRANS INDIA LIMITED,0,4000,0.05,INE0P1P01017,0915-1530|1815-1915:,2026-07-30,,NSE:MARINETRAN-SM,10,10,20410,MARINETRAN,20410,-1.0,XX,101000000020410,,0,0.0
1010000000760204,MARKOLINES PAVEMENT TEC L,0,1,0.01,INE0FW001016,0915-1530|1815-1915:,2026-07-30,,NSE:MARKOLINES-EQ,10,10,760204,MARKOLINES,760204,-1.0,XX,1010000000760204,,0,0.0
101000000010579,MARKSANS PHARMA LIMITED,0,1,0.05,INE750C01026,0915-1530|1815-1915:,2026-07-30,,NSE:MARKSANS-EQ,10,10,10579,MARKSANS,10579,-1.0,XX,101000000010579,,1,2.8
1010000000761386,MARSONS LIMITED,0,1,0.01,INE415B01044,0915-1530|1815-1915:,2026-07-30,,NSE:MARSONS-EQ,10,10,761386,MARSONS,761386,-1.0,XX,1010000000761386,,1,2.6
1010000000761042,MARUSHIKA TECHNOLOGY LTD,0,1200,0.05,INE0X7G01013,0915-1530|1815-1915:,2026-07-30,,NSE:MARUSHIKA-SM,10,10,761042,MARUSHIKA,761042,-1.0,XX,1010000000761042,,0,0.0
101000000010999,MARUTI SUZUKI INDIA LTD.,0,1,1.0,INE585B01010,0915-1530|1815-1915:,2026-07-30,,NSE:MARUTI-EQ,10,10,10999,MARUTI,10999,-1.0,XX,101000000010999,,1,3.6
1010000000199,MAS FINANCIAL SERV LTD,0,1,0.05,INE348L01012,0915-1530|1815-1915:,2026-07-30,,NSE:MASFIN-EQ,10,10,199,MASFIN,199,-1.0,XX,1010000000199,,1,2.0
101000000018731,MASK INVESTMENTS LIMITED,0,1,0.01,INE885F01015,0915-1530|1815-1915:,2026-07-30,,NSE:MASKINVEST-BE,10,10,18731,MASKINVEST,18731,-1.0,XX,101000000018731,,0,0.0
101000000024278,MASON INFRATECH LIMITED,0,500,0.05,INE0SH001010,0915-1530|1815-1915:,2026-07-30,,NSE:MASON-SM,10,10,24278,MASON,24278,-1.0,XX,101000000024278,,0,0.0
10100000002124,MASTEK LTD,0,1,0.1,INE759A01021,0915-1530|1815-1915:,2026-07-30,,NSE:MASTEK-EQ,10,10,2124,MASTEK,2124,-1.0,XX,10100000002124,,1,2.0
101000000019011,MASTER COMPONENTS LIMITED,0,500,0.05,INE0OJM01017,0915-1530|1815-1915:,2026-07-30,,NSE:MASTER-SM,10,10,19011,MASTER,19011,-1.0,XX,101000000019011,,0,0.0
101000000027047,MASTER TRUST LIMITED,0,1,0.01,INE677D01037,0915-1530|1815-1915:,2026-07-30,,NSE:MASTERTR-EQ,10,10,27047,MASTERTR,27047,-1.0,XX,101000000027047,,1,2.0
101000000021726,MATRIMONY.COM LIMITED,0,1,0.05,INE866R01028,0915-1530|1815-1915:,2026-07-30,,NSE:MATRIMONY-EQ,10,10,21726,MATRIMONY,21726,-1.0,XX,101000000021726,,1,2.0
101000000017026,MAWANA SUGARS LIMITED,0,1,0.01,INE636A01039,0915-1530|1815-1915:,2026-07-30,,NSE:MAWANASUG-BE,10,10,17026,MAWANASUG,17026,-1.0,XX,101000000017026,,0,0.0
101000000019646,MAX ESTATES LIMITED,0,1,0.05,INE03EI01018,0915-1530|1815-1915:,2026-07-30,,NSE:MAXESTATES-EQ,10,10,19646,MAXESTATES,19646,-1.0,XX,101000000019646,,1,2.0
101000000022377,MAX HEALTHCARE INS LTD,0,1,0.1,INE027H01010,0915-1530|1815-1915:,2026-07-30,,NSE:MAXHEALTH-EQ,10,10,22377,MAXHEALTH,22377,-1.0,XX,101000000022377,,1,3.3
101000000022428,MAX INDIA LIMITED,0,1,0.01,INE0CG601016,0915-1530|1815-1915:,2026-07-30,,NSE:MAXIND-EQ,10,10,22428,MAXIND,22428,-1.0,XX,101000000022428,,0,0.0
101000000021691,MAXPOSURE LIMITED,0,1000,0.05,INE0ECC01022,0915-1530|1815-1915:,2026-07-30,,NSE:MAXPOSURE-SM,10,10,21691,MAXPOSURE,21691,-1.0,XX,101000000021691,,0,0.0
101000000029657,MAXVOLT ENERGY INDUS L,0,400,0.05,INE10A501018,0915-1530|1815-1915:,2026-07-30,,NSE:MAXVOLT-ST,10,10,29657,MAXVOLT,29657,-1.0,XX,101000000029657,,0,0.0
1010000000757587,MAYASHEEL VENTURES LTD,0,3000,0.05,INE0ZTO01018,0915-1530|1815-1915:,2026-07-30,,NSE:MAYASHEEL-SM,10,10,757587,MAYASHEEL,757587,-1.0,XX,1010000000757587,,0,0.0
101000000028906,MAYUR UNIQUOTERS LTD,0,1,0.05,INE040D01038,0915-1530|1815-1915:,2026-07-30,,NSE:MAYURUNIQ-EQ,10,10,28906,MAYURUNIQ,28906,-1.0,XX,101000000028906,,1,2.9
101000000018870,MAZDA LIMITED,0,1,0.01,INE885E01042,0915-1530|1815-1915:,2026-07-30,,NSE:MAZDA-BE,10,10,18870,MAZDA,18870,-1.0,XX,101000000018870,,0,0.0
1010000000509,MAZAGON DOCK SHIPBUIL LTD,0,1,0.1,INE249Z01020,0915-1530|1815-1915:,2026-07-30,,NSE:MAZDOCK-EQ,10,10,509,MAZDOCK,509,-1.0,XX,1010000000509,,1,2.9
101000000012686,MADHYA BHARAT AGRO P. LTD,0,1,0.05,INE900L01028,0915-1530|1815-1915:,2026-07-30,,NSE:MBAPL-EQ,10,10,12686,MBAPL,12686,-1.0,XX,101000000012686,,1,1.6
1010000000758150,M AND B ENGINEERING LTD,0,1,0.05,INE08N601015,0915-1530|1815-1915:,2026-07-30,,NSE:MBEL-EQ,10,10,758150,MBEL,758150,-1.0,XX,1010000000758150,,1,2.0
101000000018033,MBL INFRASTRUCTURE LTD,0,1,0.01,INE912H01013,0915-1530|1815-1915:,2026-07-30,,NSE:MBLINFRA-BE,10,10,18033,MBLINFRA,18033,-1.0,XX,101000000018033,,0,0.0
1010000000762782,MAC CHARLES (INDIA) LTD.,0,1,0.05,INE435D01014,0915-1530|1815-1915:,2026-07-30,,NSE:MCCHRLS-B-EQ,10,10,762782,MCCHRLS-B,762782,-1.0,XX,1010000000762782,,0,0.0
101000000022360,M TEK COPPER LIMITED,0,1,0.01,INE813V01022,0915-1530|1815-1915:,2026-07-30,,NSE:MCL-EQ,10,10,22360,MCL,22360,-1.0,XX,101000000022360,,0,0.0
101000000011944,MCLEOD RUSSEL INDIA LTD.,0,1,0.01,INE942G01012,0915-1530|1815-1915:,2026-07-30,,NSE:MCLEODRUSS-BE,10,10,11944,MCLEODRUSS,11944,-1.0,XX,101000000011944,,0,0.0
101000000029482,MAGELLANIC CLOUD LIMITED,0,1,0.01,INE613C01026,0915-1530|1815-1915:,2026-07-30,,NSE:MCLOUD-EQ,10,10,29482,MCLOUD,29482,-1.0,XX,101000000029482,,1,2.2
101000000014574,MCON RASAYAN INDIA LTD,0,1000,0.05,INE0O4M01019,0915-1530|1815-1915:,2026-07-30,,NSE:MCON-SM,10,10,14574,MCON,14574,-1.0,XX,101000000014574,,0,0.0
101000000031181,MULTI COMMODITY EXCHANGE,0,1,0.1,INE745G01043,0915-1530|1815-1915:,2026-07-30,,NSE:MCX-EQ,10,10,31181,MCX,31181,-1.0,XX,101000000031181,,1,2.9
10100000002133,MARVEL DECOR LIMITED,0,1000,0.05,INE575Z01010,0915-1530|1815-1915:,2026-07-30,,NSE:MDL-ST,10,10,2133,MDL,2133,-1.0,XX,10100000002133,,0,0.0
101000000011956,GLOBAL HEALTH LIMITED,0,1,0.1,INE474Q01031,0915-1530|1815-1915:,2026-07-30,,NSE:MEDANTA-EQ,10,10,11956,MEDANTA,11956,-1.0,XX,101000000011956,,1,3.3
101000000021705,MEDI ASSIST HEALTH SER L,0,1,0.05,INE456Z01021,0915-1530|1815-1915:,2026-07-30,,NSE:MEDIASSIST-EQ,10,10,21705,MEDIASSIST,21705,-1.0,XX,101000000021705,,1,2.0
10100000006278,MEDICAMEN BIOTECH LIMITED,0,1,0.05,INE646B01010,0915-1530|1815-1915:,2026-07-30,,NSE:MEDICAMEQ-EQ,10,10,6278,MEDICAMEQ,6278,-1.0,XX,10100000006278,,0,0.0
10100000009667,MEDICO REMEDIES LIMITED,0,1,0.01,INE630Y01024,0915-1530|1815-1915:,2026-07-30,,NSE:MEDICO-EQ,10,10,9667,MEDICO,9667,-1.0,XX,10100000009667,,0,0.0
101000000024239,MEDICAMEN ORGANICS LTD,0,2000,0.05,INE0PE401018,0915-1530|1815-1915:,2026-07-30,,NSE:MEDIORG-SM,10,10,24239,MEDIORG,24239,-1.0,XX,101000000024239,,0,0.0
1010000000758423,MEDISTEP HEALTHCARE LTD,0,3000,0.05,INE0UOY01019,0915-1530|1815-1915:,2026-07-30,,NSE:MEDISTEP-SM,10,10,758423,MEDISTEP,758423,-1.0,XX,1010000000758423,,0,0.0
10100000007254,MEDPLUS HEALTH SERV LTD,0,1,0.05,INE804L01022,0915-1530|1815-1915:,2026-07-30,,NSE:MEDPLUS-EQ,10,10,7254,MEDPLUS,7254,-1.0,XX,10100000007254,,1,3.2
1010000000760229,MEESHO LIMITED,0,1,0.01,INE0VDM01015,0915-1530|1815-1915:,2026-07-30,,NSE:MEESHO-EQ,10,10,760229,MEESHO,760229,-1.0,XX,1010000000760229,,1,2.9
101000000010971,MEGA FLEX PLASTICS LTD,0,1000,0.05,INE0G1D01014,0915-1530|1815-1915:,2026-07-30,,NSE:MEGAFLEX-SM,10,10,10971,MEGAFLEX,10971,-1.0,XX,101000000010971,,0,0.0
10100000008153,MEGASTAR FOODS LIMITED,0,1,0.05,INE00EM01016,0915-1530|1815-1915:,2026-07-30,,NSE:MEGASTAR-EQ,10,10,8153,MEGASTAR,8153,-1.0,XX,10100000008153,,0,0.0
101000000022560,MEGATHERM INDUCTION LTD,0,400,0.05,INE531R01010,0915-1530|1815-1915:,2026-07-30,,NSE:MEGATHERM-SM,10,10,22560,MEGATHERM,22560,-1.0,XX,101000000022560,,0,0.0
1010000000758748,MANGAL ELECTRICAL IND L,0,1,0.05,INE0PKD01011,0915-1530|1815-1915:,2026-07-30,,NSE:MEIL-EQ,10,10,758748,MEIL,758748,-1.0,XX,1010000000758748,,0,0.0
1010000000762787,MENON PISTONS LTD.,0,1,0.01,INE650G01029,0915-1530|1815-1915:,2026-07-30,,NSE:MENNPIS-EQ,10,10,762787,MENNPIS,762787,-1.0,XX,1010000000762787,,0,0.0
10100000006971,MENON BEARINGS LIMITED,0,1,0.01,INE071D01033,0915-1530|1815-1915:,2026-07-30,,NSE:MENONBE-BE,10,10,6971,MENONBE,6971,-1.0,XX,10100000006971,,1,1.0
101000000025882,MEP INFRA. DEVELOPERS LTD,0,1,0.01,INE776I01010,0915-1530|1815-1915:,2026-07-30,,NSE:MEP-BZ,10,10,25882,MEP,25882,-1.0,XX,101000000025882,,0,0.0
1010000000762792,MERCANTILE VENTURES LTD.,0,1,0.01,INE689O01013,0915-1530|1815-1915:,2026-07-30,,NSE:MERCANTILE-EQ,10,10,762792,MERCANTILE,762792,-1.0,XX,1010000000762792,,0,0.0
1010000000763663,MERCURY EV-TECH LIMITED,0,1,0.01,INE763M01028,0915-1530|1815-1915:,2026-07-30,,NSE:MERCURYEV-EQ,10,10,763663,MERCURYEV,763663,-1.0,XX,1010000000763663,,0,0.0
1010000000764278,METALIC TECHNOFORGE LTD,0,1600,0.05,INE1II801013,0915-1530|1815-1915:,2026-07-30,,NSE:METALIC-ST,10,10,764278,METALIC,764278,-1.0,XX,1010000000764278,,0,0.0
10100000007242,METRO BRANDS LIMITED,0,1,0.1,INE317I01021,0915-1530|1815-1915:,2026-07-30,,NSE:METROBRAND-EQ,10,10,7242,METROBRAND,7242,-1.0,XX,10100000007242,,1,3.3
1010000000762797,METROGLOBAL LTD.,0,1,0.01,INE085D01033,0915-1530|1815-1915:,2026-07-30,,NSE:METROGLOBL-EQ,10,10,762797,METROGLOBL,762797,-1.0,XX,1010000000762797,,0,0.0
10100000009581,METROPOLIS HEALTHCARE LTD,0,1,0.05,INE112L01020,0915-1530|1815-1915:,2026-07-30,,NSE:METROPOLIS-EQ,10,10,9581,METROPOLIS,9581,-1.0,XX,10100000009581,,1,3.3
101000000024937,MAHALAXMI FABRIC MILLS LT,0,1,0.01,INE0US801024,0915-1530|1815-1915:,2026-07-30,,NSE:MFML-EQ,10,10,24937,MFML,24937,-1.0,XX,101000000024937,,0,0.0
10100000002142,MAX FINANCIAL SERV LTD,0,1,0.1,INE180A01020,0915-1530|1815-1915:,2026-07-30,,NSE:MFSL-EQ,10,10,2142,MFSL,2142,-1.0,XX,10100000002142,,1,3.4
10100000001598,MANGALAM GLOBAL ENT LTD,0,1,0.01,INE0APB01032,0915-1530|1815-1915:,2026-07-30,,NSE:MGEL-BE,10,10,1598,MGEL,1598,-1.0,XX,10100000001598,,0,0.0
101000000017534,MAHANAGAR GAS LTD.,0,1,0.1,INE002S01010,0915-1530|1815-1915:,2026-07-30,,NSE:MGL-EQ,10,10,17534,MGL,17534,-1.0,XX,101000000017534,,1,3.2
1010000000759945,MATRIX GEO SOLUTIONS LTD,0,1200,0.05,INE132901013,0915-1530|1815-1915:,2026-07-30,,NSE:MGSL-SM,10,10,759945,MGSL,759945,-1.0,XX,1010000000759945,,0,0.0
10100000001426,MOHINI HEALTH&HYGIENE LTD,0,1500,0.05,INE450S01011,0915-1530|1815-1915:,2026-07-30,,NSE:MHHL-SM,10,10,1426,MHHL,1426,-1.0,XX,10100000001426,,0,0.0
10100000007886,MAHALAXMI RUBTECH LIMITED,0,1,0.01,INE112D01035,0915-1530|1815-1915:,2026-07-30,,NSE:MHLXMIRU-EQ,10,10,7886,MHLXMIRU,7886,-1.0,XX,10100000007886,,0,0.0
101000000017333,MAHINDRA HOLIDAYS LTD,0,1,0.01,INE998I01010,0915-1530|1815-1915:,2026-07-30,,NSE:MHRIL-EQ,10,10,17333,MHRIL,17333,-1.0,XX,101000000017333,,1,3.3
10100000007165,MIC ELECTRONICS LTD,0,1,0.01,INE287C01037,0915-1530|1815-1915:,2026-07-30,,NSE:MICEL-BE,10,10,7165,MICEL,7165,-1.0,XX,10100000007165,,1,1.0
101000000019887,MICROPRO SOFTWARE SOL L,0,1600,0.05,INE0PZK01014,0915-1530|1815-1915:,2026-07-30,,NSE:MICROPRO-SM,10,10,19887,MICROPRO,19887,-1.0,XX,101000000019887,,0,0.0
10100000002463,MISHRA DHATU NIGAM LTD,0,1,0.05,INE099Z01011,0915-1530|1815-1915:,2026-07-30,,NSE:MIDHANI-EQ,10,10,2463,MIDHANI,2463,-1.0,XX,10100000002463,,1,2.8
1010000000759517,MIDWEST LIMITED,0,1,0.1,INE0XAD01024,0915-1530|1815-1915:,2026-07-30,,NSE:MIDWESTLTD-EQ,10,10,759517,MIDWESTLTD,759517,-1.0,XX,1010000000759517,,1,2.0
101000000024629,MANGLAM INFRA & ENG LTD,0,2000,0.05,INE0R3101011,0915-1530|1815-1915:,2026-07-30,,NSE:MIEL-SM,10,10,24629,MIEL,24629,-1.0,XX,101000000024629,,0,0.0
1010000000159,MILTON INDUSTRIES LIMITED,0,2200,0.05,INE376Y01016,0915-1530|1815-1915:,2026-07-30,,NSE:MILTON-SM,10,10,159,MILTON,159,-1.0,XX,1010000000159,,0,0.0
101000000025897,MINDA CORPORATION LTD,0,1,0.05,INE842C01021,0915-1530|1815-1915:,2026-07-30,,NSE:MINDACORP-EQ,10,10,25897,MINDACORP,25897,-1.0,XX,101000000025897,,1,3.1
10100000008900,MINDPOOL TECHNOLOGIES LTD,0,1000,0.05,INE00RQ01019,0915-1530|1815-1915:,2026-07-30,,NSE:MINDPOOL-SM,10,10,8900,MINDPOOL,8900,-1.0,XX,10100000008900,,0,0.0
101000000022308,MINDSPACE BUSINESS P REIT,0,1,0.01,INE0CCU25019,0915-1530|1815-1915:,2026-07-30,,NSE:MINDSPACE-RR,10,10,22308,MINDSPACE,22308,-1.0,XX,101000000022308,,0,0.0
101000000018049,MINDTECK (INDIA) LIMITED,0,1,0.01,INE110B01017,0915-1530|1815-1915:,2026-07-30,,NSE:MINDTECK-EQ,10,10,18049,MINDTECK,18049,-1.0,XX,101000000018049,,1,2.0
10100000004394,MIRZA INTERNATIONAL LIMIT,0,1,0.01,INE771A01026,0915-1530|1815-1915:,2026-07-30,,NSE:MIRZAINT-EQ,10,10,4394,MIRZAINT,4394,-1.0,XX,10100000004394,,0,0.0
10100000008475,MITCON CON & ENG SER LTD,0,1,0.01,INE828O01033,0915-1530|1815-1915:,2026-07-30,,NSE:MITCON-BE,10,10,8475,MITCON,8475,-1.0,XX,10100000008475,,0,0.0
101000000018562,MITTAL LIFE STYLE LIMITED,0,1,0.01,INE997Y01027,0915-1530|1815-1915:,2026-07-30,,NSE:MITTAL-EQ,10,10,18562,MITTAL,18562,-1.0,XX,101000000018562,,0,0.0
101000000016736,M K PROTEINS LIMITED,0,1,0.01,INE964W01021,0915-1530|1815-1915:,2026-07-30,,NSE:MKPL-EQ,10,10,16736,MKPL,16736,-1.0,XX,101000000016736,,0,0.0
1010000000757813,MOVING MEDIA ENTER LTD,0,2000,0.05,INE0XM301010,0915-1530|1815-1915:,2026-07-30,,NSE:MMEL-ST,10,10,757813,MMEL,757813,-1.0,XX,1010000000757813,,0,0.0
101000000013844,MM FORGINGS LTD,0,1,0.05,INE227C01017,0915-1530|1815-1915:,2026-07-30,,NSE:MMFL-EQ,10,10,13844,MMFL,13844,-1.0,XX,101000000013844,,1,2.0
101000000016395,MMP INDUSTRIES LIMITED,0,1,0.05,INE511Y01018,0915-1530|1815-1915:,2026-07-30,,NSE:MMP-EQ,10,10,16395,MMP,16395,-1.0,XX,101000000016395,,0,0.0
101000000017957,MMTC LIMITED,0,1,0.01,INE123F01029,0915-1530|1815-1915:,2026-07-30,,NSE:MMTC-EQ,10,10,17957,MMTC,17957,-1.0,XX,101000000017957,,1,2.6
1010000000762805,MEDIA MATRIX WORLDWIDE L,0,1,0.01,INE200D01020,0915-1530|1815-1915:,2026-07-30,,NSE:MMWL-BE,10,10,762805,MMWL,762805,-1.0,XX,1010000000762805,,0,0.0
101000000028046,ONE MOBIKWIK SYSTEMS LTD,0,1,0.01,INE0HLU01028,0915-1530|1815-1915:,2026-07-30,,NSE:MOBIKWIK-EQ,10,10,28046,MOBIKWIK,28046,-1.0,XX,101000000028046,,1,2.6
1010000000760199,MOBILISE APP LAB LIMITED,0,1600,0.05,INE1YNB01019,0915-1530|1815-1915:,2026-07-30,,NSE:MOBILISE-ST,10,10,760199,MOBILISE,760199,-1.0,XX,1010000000760199,,0,0.0
1010000000760280,MODI NATURALS LIMITED,0,1,0.05,INE537F01012,0915-1530|1815-1915:,2026-07-30,,NSE:MODINATUR-BE,10,10,760280,MODINATUR,760280,-1.0,XX,1010000000760280,,0,0.0
10100000002229,MODI RUBBER LTD,0,1,0.01,INE832A01018,0915-1530|1815-1915:,2026-07-30,,NSE:MODIRUBBER-EQ,10,10,2229,MODIRUBBER,2229,-1.0,XX,10100000002229,,0,0.0
1010000000759752,MODIS NAVNIRMAN LTD,0,1,0.05,INE0L0L01012,0915-1530|1815-1915:,2026-07-30,,NSE:MODIS-EQ,10,10,759752,MODIS,759752,-1.0,XX,1010000000759752,,1,2.0
10100000003325,MODISON LIMITED,0,1,0.05,INE737D01021,0915-1530|1815-1915:,2026-07-30,,NSE:MODISONLTD-BE,10,10,3325,MODISONLTD,3325,-1.0,XX,10100000003325,,0,0.0
10100000002241,MODERN THREADS INDIA LTD,0,1,0.01,INE794W01014,0915-1530|1815-1915:,2026-07-30,,NSE:MODTHREAD-EQ,10,10,2241,MODTHREAD,2241,-1.0,XX,10100000002241,,0,0.0
101000000029423,MOHIT INDUSTRIES LTD,0,1,0.01,INE954E01012,0915-1530|1815-1915:,2026-07-30,,NSE:MOHITIND-EQ,10,10,29423,MOHITIND,29423,-1.0,XX,101000000029423,,0,0.0
101000000020830,MOIL LIMITED,0,1,0.05,INE490G01020,0915-1530|1815-1915:,2026-07-30,,NSE:MOIL-EQ,10,10,20830,MOIL,20830,-1.0,XX,101000000020830,,1,2.9
10100000003586,MOKSH ORNAMENTS LIMITED,0,1,0.01,INE514Y01020,0915-1530|1815-1915:,2026-07-30,,NSE:MOKSH-EQ,10,10,3586,MOKSH,3586,-1.0,XX,10100000003586,,0,0.0
10100000005394,MEGHMANI ORGANICS LIMITED,0,1,0.01,INE0CT101020,0915-1530|1815-1915:,2026-07-30,,NSE:MOL-EQ,10,10,5394,MOL,5394,-1.0,XX,10100000005394,,1,2.0
101000000017625,MOLD-TEK TECHNOLOGIES LTD,0,1,0.01,INE835B01035,0915-1530|1815-1915:,2026-07-30,,NSE:MOLDTECH-EQ,10,10,17625,MOLDTECH,17625,-1.0,XX,101000000017625,,0,0.0
10100000006713,MOLD-TEK PACKAGING LTD,0,1,0.05,INE893J01029,0915-1530|1815-1915:,2026-07-30,,NSE:MOLDTKPAC-EQ,10,10,6713,MOLDTKPAC,6713,-1.0,XX,10100000006713,,1,2.0
10100000007679,MONARCH NETWORTH CAP LTD,0,1,0.05,INE903D01011,0915-1530|1815-1915:,2026-07-30,,NSE:MONARCH-EQ,10,10,7679,MONARCH,7679,-1.0,XX,10100000007679,,1,2.0
1010000000759381,MONEYBOXX FINANCE LIMITED,0,1,0.01,INE296Q01012,0915-1530|1815-1915:,2026-07-30,,NSE:MONEYBOXX-EQ,10,10,759381,MONEYBOXX,759381,-1.0,XX,1010000000759381,,0,0.0
1010000000756958,MONOLITHISCH INDIA LTD,0,250,0.05,INE1DV401010,0915-1530|1815-1915:,2026-07-30,,NSE:MONOLITH-SM,10,10,756958,MONOLITH,756958,-1.0,XX,1010000000756958,,0,0.0
101000000018392,MONO PHARMACARE LIMITED,0,2000,0.05,INE0OIP01012,0915-1530|1815-1915:,2026-07-30,,NSE:MONOPHARMA-SM,10,10,18392,MONOPHARMA,18392,-1.0,XX,101000000018392,,0,0.0
10100000005938,MONTE CARLO FASHIONS LTD.,0,1,0.05,INE950M01013,0915-1530|1815-1915:,2026-07-30,,NSE:MONTECARLO-EQ,10,10,5938,MONTECARLO,5938,-1.0,XX,10100000005938,,1,2.0
10100000002259,MOREPEN LAB. LTD,0,1,0.01,INE083A01026,0915-1530|1815-1915:,2026-07-30,,NSE:MOREPENLAB-EQ,10,10,2259,MOREPENLAB,2259,-1.0,XX,10100000002259,,1,2.6
101000000015057,MOS UTILITY LIMITED,0,4000,0.05,INE0N7S01028,0915-1530|1815-1915:,2026-07-30,,NSE:MOS-ST,10,10,15057,MOS,15057,-1.0,XX,101000000015057,,0,0.0
101000000029459,MOSCHIP TECHNOLOGIES LTD,0,1,0.01,INE935B01025,0915-1530|1815-1915:,2026-07-30,,NSE:MOSCHIP-EQ,10,10,29459,MOSCHIP,29459,-1.0,XX,101000000029459,,1,2.4
10100000004204,SAMVRDHNA MTHRSN INTL LTD,0,1,0.01,INE775A01035,0915-1530|1815-1915:,2026-07-30,,NSE:MOTHERSON-EQ,10,10,4204,MOTHERSON,4204,-1.0,XX,10100000004204,,1,3.1
101000000014947,MOTILAL OSWAL FIN LTD,0,1,0.05,INE338I01027,0915-1530|1815-1915:,2026-07-30,,NSE:MOTILALOFS-EQ,10,10,14947,MOTILALOFS,14947,-1.0,XX,101000000014947,,1,2.8
101000000020788,MOTISONS JEWELLERS LTD,0,1,0.01,INE0FRK01020,0915-1530|1815-1915:,2026-07-30,,NSE:MOTISONS-EQ,10,10,20788,MOTISONS,20788,-1.0,XX,101000000020788,,1,2.6
10100000008793,MOTOR & GENERAL FINANCE L,0,1,0.01,INE861B01023,0915-1530|1815-1915:,2026-07-30,,NSE:MOTOGENFIN-BE,10,10,8793,MOTOGENFIN,8793,-1.0,XX,10100000008793,,0,0.0
101000000013507,MOXSH OVERSEAS EDUCON LTD,0,1600,0.05,INE0N6D01014,0915-1530|1815-1915:,2026-07-30,,NSE:MOXSH-ST,10,10,13507,MOXSH,13507,-1.0,XX,101000000013507,,0,0.0
1010000000759354,MANAS POLYMER N ENERGIE L,0,1600,0.05,INE0U4H01011,0915-1530|1815-1915:,2026-07-30,,NSE:MPEL-ST,10,10,759354,MPEL,759354,-1.0,XX,1010000000759354,,0,0.0
10100000004503,MPHASIS LIMITED,0,1,0.1,INE356A01018,0915-1530|1815-1915:,2026-07-30,,NSE:MPHASIS-EQ,10,10,4503,MPHASIS,4503,-1.0,XX,10100000004503,,1,3.3
101000000010578,MPS LIMITED,0,1,0.1,INE943D01017,0915-1530|1815-1915:,2026-07-30,,NSE:MPSLTD-EQ,10,10,10578,MPSLTD,10578,-1.0,XX,101000000010578,,1,1.0
101000000021792,M P TODAY MEDIA LIMITED,0,2000,0.05,INE105Y01019,0915-1530|1815-1915:,2026-07-30,,NSE:MPTODAY-SM,10,10,21792,MPTODAY,21792,-1.0,XX,101000000021792,,0,0.0
10100000002277,MRF LTD,0,1,5.0,INE883A01011,0915-1530|1815-1915:,2026-07-30,,NSE:MRF-EQ,10,10,2277,MRF,2277,-1.0,XX,10100000002277,,1,3.7
1010000000758688,MAHENDRA REALTO & INFRA L,0,1600,0.05,INE632Q01018,0915-1530|1815-1915:,2026-07-30,,NSE:MRIL-ST,10,10,758688,MRIL,758688,-1.0,XX,1010000000758688,,0,0.0
10100000002283,MRPL,0,1,0.01,INE103A01014,0915-1530|1815-1915:,2026-07-30,,NSE:MRPL-EQ,10,10,2283,MRPL,2283,-1.0,XX,10100000002283,,1,2.6
101000000011919,MSP STEEL & POWER LTD.,0,1,0.01,INE752G01015,0915-1530|1815-1915:,2026-07-30,,NSE:MSPL-EQ,10,10,11919,MSPL,11919,-1.0,XX,101000000011919,,1,2.0
10100000009356,MSTC LIMITED,0,1,0.05,INE255X01014,0915-1530|1815-1915:,2026-07-30,,NSE:MSTCLTD-EQ,10,10,9356,MSTCLTD,9356,-1.0,XX,10100000009356,,1,1.0
10100000008596,MOTHERSON SUMI WRNG IND L,0,1,0.01,INE0FS801015,0915-1530|1815-1915:,2026-07-30,,NSE:MSUMI-EQ,10,10,8596,MSUMI,8596,-1.0,XX,10100000008596,,1,3.3
10100000002715,MTAR TECHNOLOGIES LIMITED,0,1,0.5,INE864I01014,0915-1530|1815-1915:,2026-07-30,,NSE:MTARTECH-BE,10,10,2715,MTARTECH,2715,-1.0,XX,10100000002715,,1,1.0
101000000031413,MT EDUCARE LTD,0,1,0.01,INE472M01018,0915-1530|1815-1915:,2026-07-30,,NSE:MTEDUCARE-BE,10,10,31413,MTEDUCARE,31413,-1.0,XX,101000000031413,,0,0.0
10100000002294,MAHANAGAR TELEPHONE NIGAM,0,1,0.01,INE153A01019,0915-1530|1815-1915:,2026-07-30,,NSE:MTNL-EQ,10,10,2294,MTNL,2294,-1.0,XX,10100000002294,,1,2.0
101000000019783,MUFIN GREEN FINANCE LTD,0,1,0.01,INE08KJ01020,0915-1530|1815-1915:,2026-07-30,,NSE:MUFIN-EQ,10,10,19783,MUFIN,19783,-1.0,XX,101000000019783,,1,2.9
101000000020878,CREDO BRANDS MARKETING L,0,1,0.01,INE220Q01020,0915-1530|1815-1915:,2026-07-30,,NSE:MUFTI-EQ,10,10,20878,MUFTI,20878,-1.0,XX,101000000020878,,1,2.0
101000000011325,MUKAND LTD.,0,1,0.01,INE304A01026,0915-1530|1815-1915:,2026-07-30,,NSE:MUKANDLTD-EQ,10,10,11325,MUKANDLTD,11325,-1.0,XX,101000000011325,,1,2.0
101000000022980,MUKKA PROTEINS LIMITED,0,1,0.01,INE0CG401037,0915-1530|1815-1915:,2026-07-30,,NSE:MUKKA-EQ,10,10,22980,MUKKA,22980,-1.0,XX,101000000022980,,1,2.0
10100000008691,MUKTA ARTS LIMITED,0,1,0.01,INE374B01019,0915-1530|1815-1915:,2026-07-30,,NSE:MUKTAARTS-BE,10,10,8691,MUKTAARTS,8691,-1.0,XX,10100000008691,,0,0.0
1010000000759419,MUNISH FORGE LIMITED,0,1200,0.05,INE1K8Y01018,0915-1530|1815-1915:,2026-07-30,,NSE:MUNISH-ST,10,10,759419,MUNISH,759419,-1.0,XX,1010000000759419,,0,0.0
101000000013511,MUNJAL AUTO IND. LTD.,0,1,0.01,INE672B01032,0915-1530|1815-1915:,2026-07-30,,NSE:MUNJALAU-EQ,10,10,13511,MUNJALAU,13511,-1.0,XX,101000000013511,,1,2.0
10100000002307,MUNJAL SHOWA LTD,0,1,0.01,INE577A01027,0915-1530|1815-1915:,2026-07-30,,NSE:MUNJALSHOW-EQ,10,10,2307,MUNJALSHOW,2307,-1.0,XX,10100000002307,,0,0.0
10100000002313,MURUDESHWAR CERAMICS LTD,0,1,0.01,INE692B01014,0915-1530|1815-1915:,2026-07-30,,NSE:MURUDCERA-EQ,10,10,2313,MURUDCERA,2313,-1.0,XX,10100000002313,,0,0.0
101000000010415,MUTHOOT CAP SERV LTD,0,1,0.01,INE296G01013,0915-1530|1815-1915:,2026-07-30,,NSE:MUTHOOTCAP-EQ,10,10,10415,MUTHOOTCAP,10415,-1.0,XX,101000000010415,,0,0.0
101000000023650,MUTHOOT FINANCE LIMITED,0,1,0.1,INE414G01012,0915-1530|1815-1915:,2026-07-30,,NSE:MUTHOOTFIN-EQ,10,10,23650,MUTHOOTFIN,23650,-1.0,XX,101000000023650,,1,3.1
101000000020831,MUTHOOT MICROFIN LIMITED,0,1,0.01,INE046W01019,0915-1530|1815-1915:,2026-07-30,,NSE:MUTHOOTMF-EQ,10,10,20831,MUTHOOTMF,20831,-1.0,XX,101000000020831,,1,2.0
101000000019015,MANOJ VAIBHAV GEM N JEW L,0,1,0.01,INE0KNT01012,0915-1530|1815-1915:,2026-07-30,,NSE:MVGJL-EQ,10,10,19015,MVGJL,19015,-1.0,XX,101000000019015,,0,0.0
101000000022976,M.V.K. AGRO FOOD PROD LTD,0,300,0.05,INE0SGC01015,0915-1530|1815-1915:,2026-07-30,,NSE:MVKAGRO-SM,10,10,22976,MVKAGRO,22976,-1.0,XX,101000000022976,,0,0.0
1010000000759169,MANGALAM WORLDWIDE LTD,0,1,0.05,INE0JYY01029,0915-1530|1815-1915:,2026-07-30,,NSE:MWL-EQ,10,10,759169,MWL,759169,-1.0,XX,1010000000759169,,1,2.0
101000000025208,MY MUDRA FINCORP LIMITED,0,1200,0.05,INE0RVQ01016,0915-1530|1815-1915:,2026-07-30,,NSE:MYMUDRA-SM,10,10,25208,MYMUDRA,25208,-1.0,XX,101000000025208,,0,0.0
101000000020425,NACL INDUSTRIES LIMITED,0,1,0.01,INE295D01020,0915-1530|1815-1915:,2026-07-30,,NSE:NACLIND-EQ,10,10,20425,NACLIND,20425,-1.0,XX,101000000020425,,1,2.3
101000000014942,NAGREEKA CAP & INFR.LTD,0,1,0.01,INE245I01016,0915-1530|1815-1915:,2026-07-30,,NSE:NAGREEKCAP-EQ,10,10,14942,NAGREEKCAP,14942,-1.0,XX,101000000014942,,0,0.0
101000000014702,NAGREEKA EXPORTS LTD.,0,1,0.01,INE123B01028,0915-1530|1815-1915:,2026-07-30,,NSE:NAGREEKEXP-EQ,10,10,14702,NAGREEKEXP,14702,-1.0,XX,101000000014702,,0,0.0
101000000015360,NAHAR CAP & FIN.,0,1,0.01,INE049I01012,0915-1530|1815-1915:,2026-07-30,,NSE:NAHARCAP-EQ,10,10,15360,NAHARCAP,15360,-1.0,XX,101000000015360,,0,0.0
101000000013106,NAHAR INDS ENT LTD,0,1,0.01,INE289A01011,0915-1530|1815-1915:,2026-07-30,,NSE:NAHARINDUS-EQ,10,10,13106,NAHARINDUS,13106,-1.0,XX,101000000013106,,0,0.0
101000000014445,NAHAR POLY FILMS LIMITED,0,1,0.05,INE308A01027,0915-1530|1815-1915:,2026-07-30,,NSE:NAHARPOLY-EQ,10,10,14445,NAHARPOLY,14445,-1.0,XX,101000000014445,,0,0.0
101000000014443,NAHAR SPINNING MILLS LTD.,0,1,0.05,INE290A01027,0915-1530|1815-1915:,2026-07-30,,NSE:NAHARSPING-BE,10,10,14443,NAHARSPING,14443,-1.0,XX,101000000014443,,0,0.0
1010000000357,NIPPON L I A M LTD,0,1,0.1,INE298J01013,0915-1530|1815-1915:,2026-07-30,,NSE:NAM-INDIA-EQ,10,10,357,NAM-INDIA,357,-1.0,XX,1010000000357,,1,2.9
101000000023379,NAMAN INDUSTRE PRXIMA LTD,0,800,0.05,INE0RJM01010,0915-1530|1815-1915:,2026-07-30,,NSE:NAMAN-SM,10,10,23379,NAMAN,23379,-1.0,XX,101000000023379,,0,0.0
101000000025170,NAMO EWASTE MANAGEMENT L,0,800,0.05,INE08NZ01012,0915-1530|1815-1915:,2026-07-30,,NSE:NAMOEWASTE-ST,10,10,25170,NAMOEWASTE,25170,-1.0,XX,101000000025170,,0,0.0
101000000011627,NARMADA AGROBASE LIMITED,0,1,0.01,INE117Z01029,0915-1530|1815-1915:,2026-07-30,,NSE:NARMADA-EQ,10,10,11627,NARMADA,11627,-1.0,XX,101000000011627,,0,0.0
101000000029583,NATURAL CAPSULES LIMITED,0,1,0.01,INE936B01015,0915-1530|1815-1915:,2026-07-30,,NSE:NATCAPSUQ-EQ,10,10,29583,NATCAPSUQ,29583,-1.0,XX,101000000029583,,0,0.0
10100000003918,NATCO PHARMA LTD.,0,1,0.05,INE987B01026,0915-1530|1815-1915:,2026-07-30,,NSE:NATCOPHARM-EQ,10,10,3918,NATCOPHARM,3918,-1.0,XX,10100000003918,,1,2.9
101000000011065,NATH BIO-GENES (I) LTD,0,1,0.01,INE448G01010,0915-1530|1815-1915:,2026-07-30,,NSE:NATHBIOGEN-EQ,10,10,11065,NATHBIOGEN,11065,-1.0,XX,101000000011065,,0,0.0
10100000006364,NATIONAL ALUMINIUM CO LTD,0,1,0.05,INE139A01034,0915-1530|1815-1915:,2026-07-30,,NSE:NATIONALUM-EQ,10,10,6364,NATIONALUM,6364,-1.0,XX,10100000006364,,1,2.9
1010000000762807,NATIONAL STAND (INDIA) L,0,1,0.1,INE166R01015,0915-1530|1815-1915:,2026-07-30,,NSE:NATIONSTD-EQ,10,10,762807,NATIONSTD,762807,-1.0,XX,1010000000762807,,0,0.0
101000000013751,INFO EDGE (I) LTD,0,1,0.05,INE663F01032,0915-1530|1815-1915:,2026-07-30,,NSE:NAUKRI-EQ,10,10,13751,NAUKRI,13751,-1.0,XX,101000000013751,,1,3.2
10100000004014,NAVA LIMITED,0,1,0.05,INE725A01030,0915-1530|1815-1915:,2026-07-30,,NSE:NAVA-EQ,10,10,4014,NAVA,4014,-1.0,XX,10100000004014,,1,2.9
101000000014672,NAVIN FLUORINE INT. LTD,0,1,0.5,INE048G01026,0915-1530|1815-1915:,2026-07-30,,NSE:NAVINFLUOR-EQ,10,10,14672,NAVINFLUOR,14672,-1.0,XX,101000000014672,,1,3.2
101000000010557,NAVKAR CORPORATION LTD.,0,1,0.01,INE278M01019,0915-1530|1815-1915:,2026-07-30,,NSE:NAVKARCORP-EQ,10,10,10557,NAVKARCORP,10557,-1.0,XX,101000000010557,,1,2.0
101000000029149,NAVKAR URBANSTRUCTURE LTD,0,1,0.01,INE268H01044,0915-1530|1815-1915:,2026-07-30,,NSE:NAVKARURB-BE,10,10,29149,NAVKARURB,29149,-1.0,XX,101000000029149,,0,0.0
10100000002385,NAVNEET EDUCATION LTD,0,1,0.01,INE060A01024,0915-1530|1815-1915:,2026-07-30,,NSE:NAVNETEDUL-EQ,10,10,2385,NAVNETEDUL,2385,-1.0,XX,10100000002385,,1,2.0
10100000002987,NAZARA TECHNOLOGIES LTD,0,1,0.05,INE418L01047,0915-1530|1815-1915:,2026-07-30,,NSE:NAZARA-EQ,10,10,2987,NAZARA,2987,-1.0,XX,10100000002987,,1,3.0
101000000031415,NBCC (INDIA) LIMITED,0,1,0.01,INE095N01031,0915-1530|1815-1915:,2026-07-30,,NSE:NBCC-EQ,10,10,31415,NBCC,31415,-1.0,XX,101000000031415,,1,2.9
101000000019111,N.B.I. IND. FIN. CO. LTD,0,1,0.1,INE365I01020,0915-1530|1815-1915:,2026-07-30,,NSE:NBIFIN-EQ,10,10,19111,NBIFIN,19111,-1.0,XX,101000000019111,,0,0.0
10100000002319,NCC LIMITED,0,1,0.01,INE868B01028,0915-1530|1815-1915:,2026-07-30,,NSE:NCC-EQ,10,10,2319,NCC,2319,-1.0,XX,10100000002319,,1,3.1
101000000014490,NCL INDUSTRIES LIMITED,0,1,0.01,INE732C01016,0915-1530|1815-1915:,2026-07-30,,NSE:NCLIND-EQ,10,10,14490,NCLIND,14490,-1.0,XX,101000000014490,,1,2.0
101000000018371,NAGA DHUNSERI GROUP LTD,0,1,0.1,INE756C01015,0915-1530|1815-1915:,2026-07-30,,NSE:NDGL-EQ,10,10,18371,NDGL,18371,-1.0,XX,101000000018371,,0,0.0
101000000031258,NANDAN DENIM LIMITED,0,1,0.01,INE875G01048,0915-1530|1815-1915:,2026-07-30,,NSE:NDL-EQ,10,10,31258,NDL,31258,-1.0,XX,101000000031258,,0,0.0
101000000014547,NDL VENTURES LIMITED,0,1,0.01,INE353A01023,0915-1530|1815-1915:,2026-07-30,,NSE:NDLVENTURE-EQ,10,10,14547,NDLVENTURE,14547,-1.0,XX,101000000014547,,0,0.0
101000000022255,NDR AUTO COMPONENTS LTD,0,1,0.05,INE07OG01012,0915-1530|1815-1915:,2026-07-30,,NSE:NDRAUTO-EQ,10,10,22255,NDRAUTO,22255,-1.0,XX,101000000022255,,1,2.0
101000000011427,NDTV LTD,0,1,0.01,INE155G01029,0915-1530|1815-1915:,2026-07-30,,NSE:NDTV-EQ,10,10,11427,NDTV,11427,-1.0,XX,101000000011427,,1,2.0
1010000000762812,NEELAMALAI AGRO INDS. L,0,1,0.1,INE605D01012,0915-1530|1815-1915:,2026-07-30,,NSE:NEAGI-EQ,10,10,762812,NEAGI,762812,-1.0,XX,1010000000762812,,0,0.0
101000000013533,NORTH EAST CARRY CORP LTD,0,1,0.01,INE553C01016,0915-1530|1815-1915:,2026-07-30,,NSE:NECCLTD-BE,10,10,13533,NECCLTD,13533,-1.0,XX,101000000013533,,0,0.0
101000000011930,NECTAR LIFESCIENCES LTD.,0,1,0.01,INE023H01027,0915-1530|1815-1915:,2026-07-30,,NSE:NECLIFE-BE,10,10,11930,NECLIFE,11930,-1.0,XX,101000000011930,,0,0.0
101000000027123,NEELAM LINENS & GAR (I) L,0,6000,0.05,INE0N1401016,0915-1530|1815-1915:,2026-07-30,,NSE:NEELAM-SM,10,10,27123,NEELAM,27123,-1.0,XX,101000000027123,,0,0.0
101000000014761,NELCAST LIMITED,0,1,0.01,INE189I01024,0915-1530|1815-1915:,2026-07-30,,NSE:NELCAST-EQ,10,10,14761,NELCAST,14761,-1.0,XX,101000000014761,,1,2.0
10100000002388,NELCO LTD,0,1,0.05,INE045B01015,0915-1530|1815-1915:,2026-07-30,,NSE:NELCO-EQ,10,10,2388,NELCO,2388,-1.0,XX,10100000002388,,1,2.7
1010000000760931,NEOCHEM BIO SOLUTIONS LTD,0,1200,0.05,INE21UM01018,0915-1530|1815-1915:,2026-07-30,,NSE:NEOCHEM-ST,10,10,760931,NEOCHEM,760931,-1.0,XX,1010000000760931,,0,0.0
10100000009917,NEOGEN CHEMICALS LIMITED,0,1,0.1,INE136S01016,0915-1530|1815-1915:,2026-07-30,,NSE:NEOGEN-EQ,10,10,9917,NEOGEN,9917,-1.0,XX,10100000009917,,1,2.6
101000000024353,NEPHRO CARE INDIA LIMITED,0,400,0.05,INE0SUN01013,0915-1530|1815-1915:,2026-07-30,,NSE:NEPHROCARE-ST,10,10,24353,NEPHROCARE,24353,-1.0,XX,101000000024353,,0,0.0
1010000000760346,NEPHROCARE HEALTH SERV L,0,1,0.05,INE428V01029,0915-1530|1815-1915:,2026-07-30,,NSE:NEPHROPLUS-EQ,10,10,760346,NEPHROPLUS,760346,-1.0,XX,1010000000760346,,1,3.2
1010000000757493,NEPTUNE PETROCHEMICALS L,0,500,0.05,INE156901014,0915-1530|1815-1915:,2026-07-30,,NSE:NEPTUNE-SM,10,10,757493,NEPTUNE,757493,-1.0,XX,1010000000757493,,0,0.0
101000000015409,NESCO LTD.,0,1,0.1,INE317F01035,0915-1530|1815-1915:,2026-07-30,,NSE:NESCO-EQ,10,10,15409,NESCO,15409,-1.0,XX,101000000015409,,1,3.2
101000000017963,NESTLE INDIA LIMITED,0,1,0.1,INE239A01024,0915-1530|1815-1915:,2026-07-30,,NSE:NESTLEIND-EQ,10,10,17963,NESTLEIND,17963,-1.0,XX,101000000017963,,1,3.7
101000000017433,NETWEB TECH INDIA LTD,0,1,0.1,INE0NT901020,0915-1530|1815-1915:,2026-07-30,,NSE:NETWEB-EQ,10,10,17433,NETWEB,17433,-1.0,XX,101000000017433,,1,2.4
101000000014111,NETWORK18 MEDIA & INV LTD,0,1,0.01,INE870H01013,0915-1530|1815-1915:,2026-07-30,,NSE:NETWORK18-EQ,10,10,14111,NETWORK18,14111,-1.0,XX,101000000014111,,1,2.9
10100000002406,NEULAND LAB LTD.,0,1,1.0,INE794A01010,0915-1530|1815-1915:,2026-07-30,,NSE:NEULANDLAB-EQ,10,10,2406,NEULANDLAB,2406,-1.0,XX,10100000002406,,1,2.8
10100000001164,NEWGEN SOFTWARE TECH LTD,0,1,0.05,INE619B01017,0915-1530|1815-1915:,2026-07-30,,NSE:NEWGEN-EQ,10,10,1164,NEWGEN,1164,-1.0,XX,10100000001164,,1,2.4
101000000019161,NEWJAISA TECHNOLOGIES LTD,0,1500,0.05,INE0PW501021,0915-1530|1815-1915:,2026-07-30,,NSE:NEWJAISA-ST,10,10,19161,NEWJAISA,19161,-1.0,XX,101000000019161,,0,0.0
10100000009867,NEXT MEDIAWORKS LIMITED,0,1,0.01,INE747B01016,0915-1530|1815-1915:,2026-07-30,,NSE:NEXTMEDIA-EQ,10,10,9867,NEXTMEDIA,9867,-1.0,XX,10100000009867,,0,0.0
101000000013925,NATIONAL FERT. LTD,0,1,0.01,INE870D01012,0915-1530|1815-1915:,2026-07-30,,NSE:NFL-EQ,10,10,13925,NFL,13925,-1.0,XX,101000000013925,,1,2.0
1010000000763536,NFP SAMPOORNA FOODS LTD,0,2000,0.05,INE0T1501010,0915-1530|1815-1915:,2026-07-30,,NSE:NFPSAMPOOR-SM,10,10,763536,NFPSAMPOOR,763536,-1.0,XX,1010000000763536,,0,0.0
10100000005404,NAKODA GROUP OF IND. LTD,0,1,0.01,INE236Y01012,0915-1530|1815-1915:,2026-07-30,,NSE:NGIL-BE,10,10,5404,NGIL,5404,-1.0,XX,10100000005404,,0,0.0
101000000010277,NGL FINE CHEM LIMITED,0,1,0.1,INE887E01022,0915-1530|1815-1915:,2026-07-30,,NSE:NGLFINE-EQ,10,10,10277,NGLFINE,10277,-1.0,XX,101000000010277,,1,1.0
101000000011840,NARAYANA HRUDAYALAYA LTD.,0,1,0.1,INE410P01011,0915-1530|1815-1915:,2026-07-30,,NSE:NH-EQ,10,10,11840,NH,11840,-1.0,XX,101000000011840,,1,3.3
101000000017400,NHPC LTD,0,1,0.01,INE848E01016,0915-1530|1815-1915:,2026-07-30,,NSE:NHPC-EQ,10,10,17400,NHPC,17400,-1.0,XX,101000000017400,,1,3.4
1010000000399,THE NEW INDIA ASSU CO LTD,0,1,0.01,INE470Y01017,0915-1530|1815-1915:,2026-07-30,,NSE:NIACL-EQ,10,10,399,NIACL,399,-1.0,XX,1010000000399,,1,2.7
101000000029487,NIBE LIMITED,0,1,0.1,INE149O01018,0915-1530|1815-1915:,2026-07-30,,NSE:NIBE-EQ,10,10,29487,NIBE,29487,-1.0,XX,101000000029487,,1,1.0
101000000029733,NRB INDUS. BEARINGS LTD.,0,1,0.01,INE047O01014,0915-1530|1815-1915:,2026-07-30,,NSE:NIBL-EQ,10,10,29733,NIBL,29733,-1.0,XX,101000000029733,,0,0.0
10100000006592,NIDAN LABS AND HEALTH LTD,0,1000,0.05,INE0J6L01013,0915-1530|1815-1915:,2026-07-30,,NSE:NIDAN-SM,10,10,6592,NIDAN,6592,-1.0,XX,10100000006592,,0,0.0
101000000011522,NIIT LIMITED,0,1,0.01,INE161A01038,0915-1530|1815-1915:,2026-07-30,,NSE:NIITLTD-EQ,10,10,11522,NIITLTD,11522,-1.0,XX,101000000011522,,1,1.0
101000000017747,NIIT LEARNING SYSTEMS LTD,0,1,0.01,INE342G01023,0915-1530|1815-1915:,2026-07-30,,NSE:NIITMTS-EQ,10,10,17747,NIITMTS,17747,-1.0,XX,101000000017747,,1,2.0
1010000000758178,NIKITA GRENTEC RECYCL LTD,0,1200,0.05,INE0FLF01015,0915-1530|1815-1915:,2026-07-30,,NSE:NIKITA-SM,10,10,758178,NIKITA,758178,-1.0,XX,1010000000758178,,0,0.0
10100000009253,NILA INFRASTRUCTURES LTD,0,1,0.01,INE937C01029,0915-1530|1815-1915:,2026-07-30,,NSE:NILAINFRA-EQ,10,10,9253,NILAINFRA,9253,-1.0,XX,10100000009253,,0,0.0
10100000007411,NILA SPACES LIMITED,0,1,0.01,INE00S901012,0915-1530|1815-1915:,2026-07-30,,NSE:NILASPACES-EQ,10,10,7411,NILASPACES,7411,-1.0,XX,10100000007411,,0,0.0
1010000000762817,NILE LTD.,0,1,0.1,INE445D01013,0915-1530|1815-1915:,2026-07-30,,NSE:NILE-EQ,10,10,762817,NILE,762817,-1.0,XX,1010000000762817,,0,0.0
10100000002421,NILKAMAL LIMITED,0,1,0.1,INE310A01015,0915-1530|1815-1915:,2026-07-30,,NSE:NILKAMAL-EQ,10,10,2421,NILKAMAL,2421,-1.0,XX,10100000002421,,1,1.6
1010000000761723,NIMBUS PROJECTS LIMITED,0,1,0.01,INE875B01015,0915-1530|1815-1915:,2026-07-30,,NSE:NIMBSPROJ-BE,10,10,761723,NIMBSPROJ,761723,-1.0,XX,1010000000761723,,0,0.0
101000000014197,NINTEC SYSTEMS LIMITED,0,1,0.05,INE395U01014,0915-1530|1815-1915:,2026-07-30,,NSE:NINSYS-BE,10,10,14197,NINSYS,14197,-1.0,XX,101000000014197,,0,0.0
10100000006782,INDO-NATIONAL LIMITED,0,1,0.05,INE567A01028,0915-1530|1815-1915:,2026-07-30,,NSE:NIPPOBATRY-EQ,10,10,6782,NIPPOBATRY,6782,-1.0,XX,10100000006782,,0,0.0
1010000000261,NIRAJ CEMENT STRUC LTD,0,1,0.01,INE368I01016,0915-1530|1815-1915:,2026-07-30,,NSE:NIRAJ-BE,10,10,261,NIRAJ,261,-1.0,XX,1010000000261,,0,0.0
101000000018840,NIRAJ ISPAT IND LTD,0,1,0.01,INE326T01011,0915-1530|1815-1915:,2026-07-30,,NSE:NIRAJISPAT-EQ,10,10,18840,NIRAJISPAT,18840,-1.0,XX,101000000018840,,0,0.0
10100000002433,NIRLON LTD,0,1,0.05,INE910A01012,0915-1530|1815-1915:,2026-07-30,,NSE:NIRLON-EQ,10,10,2433,NIRLON,2433,-1.0,XX,10100000002433,,0,0.0
101000000014722,NIRMAN AGRI GENTICS LTD,0,300,0.05,INE0OK701014,0915-1530|1815-1915:,2026-07-30,,NSE:NIRMAN-SM,10,10,14722,NIRMAN,14722,-1.0,XX,101000000014722,,0,0.0
101000000013300,NITCO LIMITED,0,1,0.01,INE858F01012,0915-1530|1815-1915:,2026-07-30,,NSE:NITCO-EQ,10,10,13300,NITCO,13300,-1.0,XX,101000000013300,,1,2.6
101000000013175,NITIN SPINNERS LIMITED,0,1,0.05,INE229H01012,0915-1530|1815-1915:,2026-07-30,,NSE:NITINSPIN-EQ,10,10,13175,NITINSPIN,13175,-1.0,XX,101000000013175,,1,2.0
10100000003247,NITIRAJ ENGINEERS LTD,0,1,0.01,INE439T01012,0915-1530|1815-1915:,2026-07-30,,NSE:NITIRAJ-EQ,10,10,3247,NITIRAJ,3247,-1.0,XX,10100000003247,,0,0.0
1010000000762824,NITTA GELATIN INDIA LTD.,0,1,0.1,INE265B01019,0915-1530|1815-1915:,2026-07-30,,NSE:NITTAGELA-EQ,10,10,762824,NITTAGELA,762824,-1.0,XX,1010000000762824,,1,1.0
101000000027097,NIVA BUPA HEALTH INS CO L,0,1,0.01,INE995S01015,0915-1530|1815-1915:,2026-07-30,,NSE:NIVABUPA-EQ,10,10,27097,NIVABUPA,27097,-1.0,XX,101000000027097,,1,3.4
10100000002439,NK INDUSTRIES LTD,0,1,0.01,INE542C01019,0915-1530|1815-1915:,2026-07-30,,NSE:NKIND-EQ,10,10,2439,NKIND,2439,-1.0,XX,10100000002439,,0,0.0
10100000008585,NLC INDIA LIMITED,0,1,0.05,INE589A01014,0915-1530|1815-1915:,2026-07-30,,NSE:NLCINDIA-EQ,10,10,8585,NLCINDIA,8585,-1.0,XX,10100000008585,,1,2.9
101000000015332,NMDC LTD.,0,1,0.01,INE584A01023,0915-1530|1815-1915:,2026-07-30,,NSE:NMDC-EQ,10,10,15332,NMDC,15332,-1.0,XX,101000000015332,,1,3.3
101000000028801,NEWMALAYALAM STEEL LTD,0,1600,0.05,INE0TP801012,0915-1530|1815-1915:,2026-07-30,,NSE:NMSTEEL-SM,10,10,28801,NMSTEEL,28801,-1.0,XX,101000000028801,,0,0.0
10100000002442,NOCIL LIMITED,0,1,0.01,INE163A01018,0915-1530|1815-1915:,2026-07-30,,NSE:NOCIL-EQ,10,10,2442,NOCIL,2442,-1.0,XX,10100000002442,,1,2.9
101000000011214,NOIDA TOLL BRIDGE CO LTD,0,1,0.01,INE781B01015,0915-1530|1815-1915:,2026-07-30,,NSE:NOIDATOLL-BE,10,10,11214,NOIDATOLL,11214,-1.0,XX,101000000011214,,0,0.0
10100000004160,NORBEN TEA & EXPORTS LTD,0,1,0.01,INE369C01017,0915-1530|1815-1915:,2026-07-30,,NSE:NORBTEAEXP-EQ,10,10,4160,NORBTEAEXP,4160,-1.0,XX,10100000004160,,0,0.0
101000000025426,NORTHERN ARC CAPITAL LTD,0,1,0.05,INE850M01015,0915-1530|1815-1915:,2026-07-30,,NSE:NORTHARC-EQ,10,10,25426,NORTHARC,25426,-1.0,XX,101000000025426,,1,2.9
101000000022478,NOVA AGRITECH LIMITED,0,1,0.01,INE02H701025,0915-1530|1815-1915:,2026-07-30,,NSE:NOVAAGRI-BE,10,10,22478,NOVAAGRI,22478,-1.0,XX,101000000022478,,0,0.0
10100000009007,NOVARTIS INDIA LIMITED,0,1,0.1,INE234A01025,0915-1530|1815-1915:,2026-07-30,,NSE:NOVARTIND-EQ,10,10,9007,NOVARTIND,9007,-1.0,XX,10100000009007,,1,2.0
1010000000756324,NETWORK PEOPLE SRV TECH L,0,1,0.1,INE0FFK01017,0915-1530|1815-1915:,2026-07-30,,NSE:NPST-EQ,10,10,756324,NPST,756324,-1.0,XX,1010000000756324,,1,2.0
101000000020314,N R AGARWAL INDS LTD,0,1,0.05,INE740D01017,0915-1530|1815-1915:,2026-07-30,,NSE:NRAIL-EQ,10,10,20314,NRAIL,20314,-1.0,XX,101000000020314,,0,0.0
10100000007553,NRB BEARING LIMITED,0,1,0.05,INE349A01021,0915-1530|1815-1915:,2026-07-30,,NSE:NRBBEARING-EQ,10,10,7553,NRBBEARING,7553,-1.0,XX,10100000007553,,1,2.0
101000000013680,NUPUR RECYCLERS LIMITED,0,1,0.01,INE0JM501013,0915-1530|1815-1915:,2026-07-30,,NSE:NRL-BE,10,10,13680,NRL,13680,-1.0,XX,101000000013680,,1,1.0
1010000000757492,N R VANDANA TEX IND LTD,0,3000,0.05,INE104101014,0915-1530|1815-1915:,2026-07-30,,NSE:NRVANDANA-ST,10,10,757492,NRVANDANA,757492,-1.0,XX,1010000000757492,,0,0.0
101000000011239,NALWA SONS INVESTMENT LTD,0,1,0.5,INE023A01030,0915-1530|1815-1915:,2026-07-30,,NSE:NSIL-EQ,10,10,11239,NSIL,11239,-1.0,XX,101000000011239,,1,2.0
101000000014180,NMDC STEEL LIMITED,0,1,0.01,INE0NNS01018,0915-1530|1815-1915:,2026-07-30,,NSE:NSLNISP-EQ,10,10,14180,NSLNISP,14180,-1.0,XX,101000000014180,,1,2.9
101000000011630,NTPC LTD,0,1,0.05,INE733E01010,0915-1530|1815-1915:,2026-07-30,,NSE:NTPC-EQ,10,10,11630,NTPC,11630,-1.0,XX,101000000011630,,1,3.7
101000000027176,NTPC GREEN ENERGY LIMITED,0,1,0.01,INE0ONG01011,0915-1530|1815-1915:,2026-07-30,,NSE:NTPCGREEN-EQ,10,10,27176,NTPCGREEN,27176,-1.0,XX,101000000027176,,1,3.3
101000000010791,NUCLEUS SOFTWARE EXPORTS,0,1,0.05,INE096B01018,0915-1530|1815-1915:,2026-07-30,,NSE:NUCLEUS-EQ,10,10,10791,NUCLEUS,10791,-1.0,XX,101000000010791,,1,2.0
10100000002350,NURECA LIMITED,0,1,0.01,INE0DSF01015,0915-1530|1815-1915:,2026-07-30,,NSE:NURECA-EQ,10,10,2350,NURECA,2350,-1.0,XX,10100000002350,,0,0.0
101000000018721,NUVAMA WEALTH MANAGE LTD,0,1,0.1,INE531F01023,0915-1530|1815-1915:,2026-07-30,,NSE:NUVAMA-EQ,10,10,18721,NUVAMA,18721,-1.0,XX,101000000018721,,1,2.0
10100000005426,NUVOCO VISTAS CORP LTD,0,1,0.05,INE118D01016,0915-1530|1815-1915:,2026-07-30,,NSE:NUVOCO-EQ,10,10,5426,NUVOCO,5426,-1.0,XX,10100000005426,,1,3.1
101000000015815,NEXUS SELECT TRUST,0,1,0.01,INE0NDH25011,0915-1530|1815-1915:,2026-07-30,,NSE:NXST-RR,10,10,15815,NXST,15815,-1.0,XX,101000000015815,,0,0.0
10100000006545,FSN E COMMERCE VENTURES,0,1,0.05,INE388Y01029,0915-1530|1815-1915:,2026-07-30,,NSE:NYKAA-EQ,10,10,6545,NYKAA,6545,-1.0,XX,10100000006545,,1,3.3
101000000010768,ORIENTAL AROMATICS LTD,0,1,0.05,INE959C01023,0915-1530|1815-1915:,2026-07-30,,NSE:OAL-EQ,10,10,10768,OAL,10768,-1.0,XX,101000000010768,,0,0.0
10100000008797,OBCL LIMITED,0,1,0.01,INE426Z01016,0915-1530|1815-1915:,2026-07-30,,NSE:OBCL-EQ,10,10,8797,OBCL,8797,-1.0,XX,10100000008797,,0,0.0
101000000020242,OBEROI REALTY LIMITED,0,1,0.1,INE093I01010,0915-1530|1815-1915:,2026-07-30,,NSE:OBEROIRLTY-EQ,10,10,20242,OBEROIRLTY,20242,-1.0,XX,101000000020242,,1,3.3
101000000025923,OBSC PERFECTION LIMITED,0,400,0.05,INE0YHV01011,0915-1530|1815-1915:,2026-07-30,,NSE:OBSCP-SM,10,10,25923,OBSCP,25923,-1.0,XX,101000000025923,,0,0.0
101000000025920,OCCL LIMITED,0,1,0.01,INE0PK601023,0915-1530|1815-1915:,2026-07-30,,NSE:OCCLLTD-BE,10,10,25920,OCCLLTD,25920,-1.0,XX,101000000025920,,1,1.0
101000000027575,ODIGMA CONSULTANCY SOL L,0,1,0.01,INE054301028,0915-1530|1815-1915:,2026-07-30,,NSE:ODIGMA-BE,10,10,27575,ODIGMA,27575,-1.0,XX,101000000027575,,0,0.0
101000000010738,ORACLE FIN SERV SOFT LTD.,0,1,1.0,INE881D01027,0915-1530|1815-1915:,2026-07-30,,NSE:OFSS-EQ,10,10,10738,OFSS,10738,-1.0,XX,101000000010738,,1,3.1
101000000017438,OIL INDIA LTD,0,1,0.05,INE274J01014,0915-1530|1815-1915:,2026-07-30,,NSE:OIL-EQ,10,10,17438,OIL,17438,-1.0,XX,101000000017438,,1,3.1
10100000008109,OIL COUNTRY TUBULAR LTD.,0,1,0.01,INE591A01010,0915-1530|1815-1915:,2026-07-30,,NSE:OILCOUNTUB-BE,10,10,8109,OILCOUNTUB,8109,-1.0,XX,10100000008109,,0,0.0
101000000024777,OLA ELECTRIC MOBILITY LTD,0,1,0.01,INE0LXG01040,0915-1530|1815-1915:,2026-07-30,,NSE:OLAELEC-EQ,10,10,24777,OLAELEC,24777,-1.0,XX,101000000024777,,1,1.0
101000000010637,OLECTRA GREENTECH LIMITED,0,1,0.1,INE260D01016,0915-1530|1815-1915:,2026-07-30,,NSE:OLECTRA-EQ,10,10,10637,OLECTRA,10637,-1.0,XX,101000000010637,,1,2.7
101000000019433,ONECLICK LOGISTICS IND L,0,400,0.05,INE0OPS01011,0915-1530|1815-1915:,2026-07-30,,NSE:OLIL-ST,10,10,19433,OLIL,19433,-1.0,XX,101000000019433,,0,0.0
101000000014125,OMAX AUTOS LTD,0,1,0.01,INE090B01011,0915-1530|1815-1915:,2026-07-30,,NSE:OMAXAUTO-BE,10,10,14125,OMAXAUTO,14125,-1.0,XX,101000000014125,,1,1.0
101000000014853,OMAXE LIMITED,0,1,0.01,INE800H01010,0915-1530|1815-1915:,2026-07-30,,NSE:OMAXE-EQ,10,10,14853,OMAXE,14853,-1.0,XX,101000000014853,,1,2.6
1010000000759412,OM FREIGHT FORWARDERS LTD,0,1,0.01,INE1BZC01019,0915-1530|1815-1915:,2026-07-30,,NSE:OMFREIGHT-BE,10,10,759412,OMFREIGHT,759412,-1.0,XX,1010000000759412,,0,0.0
1010000000120,OMFURN INDIA LIMITED,0,1200,0.05,INE338Y01016,0915-1530|1815-1915:,2026-07-30,,NSE:OMFURN-ST,10,10,120,OMFURN,120,-1.0,XX,1010000000120,,0,0.0
101000000024231,OM INFRA LIMITED,0,1,0.01,INE239D01028,0915-1530|1815-1915:,2026-07-30,,NSE:OMINFRAL-EQ,10,10,24231,OMINFRAL,24231,-1.0,XX,101000000024231,,0,0.0
1010000000760865,OMNITECH ENGINEERING LTD,0,1,0.05,INE0UH301010,0915-1530|1815-1915:,2026-07-30,,NSE:OMNI-EQ,10,10,760865,OMNI,760865,-1.0,XX,1010000000760865,,1,2.8
1010000000762432,OM POWER TRANSMISSION LTD,0,1,0.01,INE25E901019,0915-1530|1815-1915:,2026-07-30,,NSE:OMPOWER-EQ,10,10,762432,OMPOWER,762432,-1.0,XX,1010000000762432,,1,2.0
101000000019692,ON DOOR CONCEPTS LIMITED,0,300,0.05,INE00ER01015,0915-1530|1815-1915:,2026-07-30,,NSE:ONDOOR-SM,10,10,19692,ONDOOR,19692,-1.0,XX,101000000019692,,0,0.0
101000000025496,ONELIFE CAP ADVISORS LTD,0,1,0.01,INE912L01015,0915-1530|1815-1915:,2026-07-30,,NSE:ONELIFECAP-BE,10,10,25496,ONELIFECAP,25496,-1.0,XX,101000000025496,,0,0.0
10100000009939,ONE POINT ONE SOL LTD,0,1,0.01,INE840Y01029,0915-1530|1815-1915:,2026-07-30,,NSE:ONEPOINT-EQ,10,10,9939,ONEPOINT,9939,-1.0,XX,10100000009939,,1,2.0
101000000029224,ONESOURCE SPECL PHARMA L,0,1,0.1,INE013P01021,0915-1530|1815-1915:,2026-07-30,,NSE:ONESOURCE-EQ,10,10,29224,ONESOURCE,29224,-1.0,XX,101000000029224,,1,2.9
10100000002475,OIL AND NATURAL GAS CORP.,0,1,0.01,INE213A01029,0915-1530|1815-1915:,2026-07-30,,NSE:ONGC-EQ,10,10,2475,ONGC,2475,-1.0,XX,10100000002475,,1,3.6
10100000006853,ONIDA ELECTRONICS LIMITED,0,1,0.01,INE831A01028,0915-1530|1815-1915:,2026-07-30,,NSE:ONIDA-BE,10,10,6853,ONIDA,6853,-1.0,XX,10100000006853,,1,1.0
101000000015282,ONMOBILE GLOBAL LTD.,0,1,0.01,INE809I01019,0915-1530|1815-1915:,2026-07-30,,NSE:ONMOBILE-BE,10,10,15282,ONMOBILE,15282,-1.0,XX,101000000015282,,1,1.0
10100000002481,ONWARD TECHNOLOGIES LTD,0,1,0.05,INE229A01017,0915-1530|1815-1915:,2026-07-30,,NSE:ONWARDTEC-EQ,10,10,2481,ONWARDTEC,2481,-1.0,XX,10100000002481,,1,2.0
101000000027143,ONYX BIOTEC LIMITED,0,2000,0.05,INE0WVU01018,0915-1530|1815-1915:,2026-07-30,,NSE:ONYX-ST,10,10,27143,ONYX,27143,-1.0,XX,101000000027143,,0,0.0
101000000021469,OPTIEMUS INFRACOM LTD,0,1,0.05,INE350C01017,0915-1530|1815-1915:,2026-07-30,,NSE:OPTIEMUS-EQ,10,10,21469,OPTIEMUS,21469,-1.0,XX,101000000021469,,1,2.6
1010000000758903,OPTIVALUE TEK CONSULT LTD,0,1600,0.05,INE15B101011,0915-1530|1815-1915:,2026-07-30,,NSE:OPTIVALUE-ST,10,10,758903,OPTIVALUE,758903,-1.0,XX,1010000000758903,,0,0.0
101000000031479,ORBIT EXPORTS LIMITED,0,1,0.01,INE231G01010,0915-1530|1815-1915:,2026-07-30,,NSE:ORBTEXP-BE,10,10,31479,ORBTEXP,31479,-1.0,XX,101000000031479,,1,1.0
101000000029492,ORCHASP LIMITED,0,1,0.01,INE215B01022,0915-1530|1815-1915:,2026-07-30,,NSE:ORCHASP-EQ,10,10,29492,ORCHASP,29492,-1.0,XX,101000000029492,,0,0.0
1010000000926,ORCHID PHARMA LIMITED,0,1,0.05,INE191A01027,0915-1530|1815-1915:,2026-07-30,,NSE:ORCHPHARMA-EQ,10,10,926,ORCHPHARMA,926,-1.0,XX,1010000000926,,1,1.0
101000000017882,ORIANA POWER LIMITED,0,75,0.05,INE0OUT01019,0915-1530|1815-1915:,2026-07-30,,NSE:ORIANA-SM,10,10,17882,ORIANA,17882,-1.0,XX,101000000017882,,0,0.0
101000000010159,ORICON ENTERPRISES LTD,0,1,0.01,INE730A01022,0915-1530|1815-1915:,2026-07-30,,NSE:ORICONENT-EQ,10,10,10159,ORICONENT,10159,-1.0,XX,101000000010159,,0,0.0
101000000014346,ORIENTAL TRIMEX LTD,0,1,0.01,INE998H01012,0915-1530|1815-1915:,2026-07-30,,NSE:ORIENTALTL-EQ,10,10,14346,ORIENTALTL,14346,-1.0,XX,101000000014346,,0,0.0
101000000014278,ORIENT BELL LIMITED,0,1,0.05,INE607D01018,0915-1530|1815-1915:,2026-07-30,,NSE:ORIENTBELL-EQ,10,10,14278,ORIENTBELL,14278,-1.0,XX,101000000014278,,0,0.0
101000000030089,ORIENT CEMENT LTD.,0,1,0.01,INE876N01018,0915-1530|1815-1915:,2026-07-30,,NSE:ORIENTCEM-EQ,10,10,30089,ORIENTCEM,30089,-1.0,XX,101000000030089,,1,2.0
101000000013111,ORIENT CERATECH LIMITED,0,1,0.01,INE569C01020,0915-1530|1815-1915:,2026-07-30,,NSE:ORIENTCER-EQ,10,10,13111,ORIENTCER,13111,-1.0,XX,101000000013111,,0,0.0
10100000002972,ORIENT ELECTRIC LIMITED,0,1,0.01,INE142Z01019,0915-1530|1815-1915:,2026-07-30,,NSE:ORIENTELEC-EQ,10,10,2972,ORIENTELEC,2972,-1.0,XX,10100000002972,,1,2.0
10100000002493,ORIENT HOTELS LTD,0,1,0.01,INE750A01020,0915-1530|1815-1915:,2026-07-30,,NSE:ORIENTHOT-EQ,10,10,2493,ORIENTHOT,2493,-1.0,XX,10100000002493,,1,2.6
101000000018211,ORIENT PRESS LIMITED,0,1,0.01,INE609C01024,0915-1530|1815-1915:,2026-07-30,,NSE:ORIENTLTD-BE,10,10,18211,ORIENTLTD,18211,-1.0,XX,101000000018211,,0,0.0
10100000002496,ORIENT PAPER AND INDS LTD,0,1,0.01,INE592A01026,0915-1530|1815-1915:,2026-07-30,,NSE:ORIENTPPR-EQ,10,10,2496,ORIENTPPR,2496,-1.0,XX,10100000002496,,0,0.0
101000000024961,ORIENT TECHNOLOGIES LTD,0,1,0.01,INE0PPK01015,0915-1530|1815-1915:,2026-07-30,,NSE:ORIENTTECH-EQ,10,10,24961,ORIENTTECH,24961,-1.0,XX,101000000024961,,1,2.0
101000000019931,ORISSA MIN DEV CO LTD,0,1,0.1,INE725E01024,0915-1530|1815-1915:,2026-07-30,,NSE:ORISSAMINE-EQ,10,10,19931,ORISSAMINE,19931,-1.0,XX,101000000019931,,1,2.0
1010000000759569,ORKLA INDIA LIMITED,0,1,0.05,INE16NZ01023,0915-1530|1815-1915:,2026-07-30,,NSE:ORKLAINDIA-EQ,10,10,759569,ORKLAINDIA,759569,-1.0,XX,1010000000759569,,1,2.0
101000000013321,ORTEL COMMUNICATIONS LTD,0,1,0.01,INE849L01019,0915-1530|1815-1915:,2026-07-30,,NSE:ORTEL-BZ,10,10,13321,ORTEL,13321,-1.0,XX,101000000013321,,0,0.0
10100000002980,ORTIN GLOBAL LIMITED,0,1,0.01,INE749B01020,0915-1530|1815-1915:,2026-07-30,,NSE:ORTINGLOBE-BE,10,10,2980,ORTINGLOBE,2980,-1.0,XX,10100000002980,,0,0.0
101000000025386,OSEL DEVICES LIMITED,0,200,0.05,INE0RMF01018,0915-1530|1815-1915:,2026-07-30,,NSE:OSELDEVICE-SM,10,10,25386,OSELDEVICE,25386,-1.0,XX,101000000025386,,0,0.0
101000000012643,OSIA HYPER RETAIL LIMITED,0,1,0.01,INE06IR01021,0915-1530|1815-1915:,2026-07-30,,NSE:OSIAHYPER-BE,10,10,12643,OSIAHYPER,12643,-1.0,XX,101000000012643,,0,0.0
10100000002514,OSWAL AGRO MILLS LTD,0,1,0.01,INE142A01012,0915-1530|1815-1915:,2026-07-30,,NSE:OSWALAGRO-EQ,10,10,2514,OSWALAGRO,2514,-1.0,XX,10100000002514,,0,0.0
1010000000471,OSWAL GREENTECH LIMITED,0,1,0.01,INE143A01010,0915-1530|1815-1915:,2026-07-30,,NSE:OSWALGREEN-EQ,10,10,471,OSWALGREEN,471,-1.0,XX,1010000000471,,0,0.0
1010000000756802,OSWAL PUMPS LIMITED,0,1,0.05,INE0BYP01024,0915-1530|1815-1915:,2026-07-30,,NSE:OSWALPUMPS-EQ,10,10,756802,OSWALPUMPS,756802,-1.0,XX,1010000000756802,,1,2.9
101000000014305,SHREEOSWAL S AND CHE LTD,0,1,0.01,INE00IK01029,0915-1530|1815-1915:,2026-07-30,,NSE:OSWALSEEDS-EQ,10,10,14305,OSWALSEEDS,14305,-1.0,XX,101000000014305,,0,0.0
101000000022914,OWAIS METAL & MINERAL,0,100,0.05,INE0R8M01017,0915-1530|1815-1915:,2026-07-30,,NSE:OWAIS-ST,10,10,22914,OWAIS,22914,-1.0,XX,101000000022914,,0,0.0
1010000000759342,PACE DIGITEK LIMITED,0,1,0.01,INE0S3G01027,0915-1530|1815-1915:,2026-07-30,,NSE:PACEDIGITK-EQ,10,10,759342,PACEDIGITK,759342,-1.0,XX,1010000000759342,,1,3.1
101000000014413,PAGE INDUSTRIES LTD,0,1,5.0,INE761H01022,0915-1530|1815-1915:,2026-07-30,,NSE:PAGEIND-EQ,10,10,14413,PAGEIND,14413,-1.0,XX,101000000014413,,1,3.6
101000000025468,PAISALO DIGITAL LIMITED,0,1,0.01,INE420C01059,0915-1530|1815-1915:,2026-07-30,,NSE:PAISALO-EQ,10,10,25468,PAISALO,25468,-1.0,XX,101000000025468,,1,2.7
101000000017197,PAKKA LIMITED,0,1,0.01,INE551D01018,0915-1530|1815-1915:,2026-07-30,,NSE:PAKKA-EQ,10,10,17197,PAKKA,17197,-1.0,XX,101000000017197,,0,0.0
101000000021383,PALASH SECURITIES LTD,0,1,0.01,INE471W01019,0915-1530|1815-1915:,2026-07-30,,NSE:PALASHSECU-EQ,10,10,21383,PALASHSECU,21383,-1.0,XX,101000000021383,,0,0.0
101000000017059,PALRED TECHNOLOGIES LTD,0,1,0.01,INE218G01033,0915-1530|1815-1915:,2026-07-30,,NSE:PALREDTEC-BE,10,10,17059,PALREDTEC,17059,-1.0,XX,101000000017059,,0,0.0
10100000004055,PANACEA BIOTEC LTD,0,1,0.05,INE922B01023,0915-1530|1815-1915:,2026-07-30,,NSE:PANACEABIO-EQ,10,10,4055,PANACEABIO,4055,-1.0,XX,10100000004055,,1,2.3
101000000016355,PANACHE DIGILIFE LIMITED,0,1,0.05,INE895W01019,0915-1530|1815-1915:,2026-07-30,,NSE:PANACHE-BE,10,10,16355,PANACHE,16355,-1.0,XX,101000000016355,,0,0.0
101000000025392,PANAMA PETROCHEM LTD,0,1,0.05,INE305C01029,0915-1530|1815-1915:,2026-07-30,,NSE:PANAMAPET-EQ,10,10,25392,PANAMAPET,25392,-1.0,XX,101000000025392,,1,2.6
10100000006141,PANSARI DEVELOPERS LTD,0,1,0.05,INE697V01011,0915-1530|1815-1915:,2026-07-30,,NSE:PANSARI-EQ,10,10,6141,PANSARI,6141,-1.0,XX,10100000006141,,0,0.0
10100000005631,PAR DRUGS AND CHEM LTD,0,1,0.01,INE04LG01015,0915-1530|1815-1915:,2026-07-30,,NSE:PAR-EQ,10,10,5631,PAR,5631,-1.0,XX,10100000005631,,0,0.0
101000000013951,PARAMOUNT COMM LTD,0,1,0.01,INE074B01023,0915-1530|1815-1915:,2026-07-30,,NSE:PARACABLES-EQ,10,10,13951,PARACABLES,13951,-1.0,XX,101000000013951,,1,1.0
10100000009741,PARADEEP PHOSPHATES LTD,0,1,0.01,INE088F01024,0915-1530|1815-1915:,2026-07-30,,NSE:PARADEEP-EQ,10,10,9741,PARADEEP,9741,-1.0,XX,10100000009741,,1,2.7
101000000017130,PARAG MILK FOODS LTD.,0,1,0.01,INE883N01014,0915-1530|1815-1915:,2026-07-30,,NSE:PARAGMILK-EQ,10,10,17130,PARAGMILK,17130,-1.0,XX,101000000017130,,1,2.8
101000000019779,PARAGON FINE S.C. LTD.,0,1200,0.05,INE0N4G01012,0915-1530|1815-1915:,2026-07-30,,NSE:PARAGON-SM,10,10,19779,PARAGON,19779,-1.0,XX,101000000019779,,0,0.0
101000000025069,PARAMATRIX TECHNOLOGIES L,0,1200,0.05,INE0S2W01018,0915-1530|1815-1915:,2026-07-30,,NSE:PARAMATRIX-SM,10,10,25069,PARAMATRIX,25069,-1.0,XX,101000000025069,,0,0.0
101000000025720,PARAMOUNT DYE TEC LIMITED,0,1200,0.05,INE0TG801013,0915-1530|1815-1915:,2026-07-30,,NSE:PARAMOUNT-ST,10,10,25720,PARAMOUNT,25720,-1.0,XX,101000000025720,,0,0.0
10100000001353,PARAMPARA DAIRY DLGHT LTD,0,8000,0.05,INE749Y01014,0915-1530|1815-1915:,2026-07-30,,NSE:PARAMPARA-SM,10,10,1353,PARAMPARA,1353,-1.0,XX,10100000001353,,0,0.0
10100000005911,PARAS DEF AND SPCE TECH L,0,1,0.1,INE045601023,0915-1530|1815-1915:,2026-07-30,,NSE:PARAS-EQ,10,10,5911,PARAS,5911,-1.0,XX,10100000005911,,1,1.0
10100000003972,PARAS PETROFILS LTD.,0,1,0.01,INE162C01024,0915-1530|1815-1915:,2026-07-30,,NSE:PARASPETRO-EQ,10,10,3972,PARASPETRO,3972,-1.0,XX,10100000003972,,0,0.0
10100000005460,PARIN ENTERPRISES LIMITED,0,250,0.05,INE00U801010,0915-1530|1815-1915:,2026-07-30,,NSE:PARIN-SM,10,10,5460,PARIN,5460,-1.0,XX,10100000005460,,0,0.0
1010000000760351,PARK MEDI WORLD LIMITED,0,1,0.05,INE119201023,0915-1530|1815-1915:,2026-07-30,,NSE:PARKHOSPS-EQ,10,10,760351,PARKHOSPS,760351,-1.0,XX,1010000000760351,,1,3.2
101000000022649,PARKHOTELS,0,1,0.01,INE988S01028,0915-1530|1815-1915:,2026-07-30,,NSE:PARKHOTELS-EQ,10,10,22649,PARKHOTELS,22649,-1.0,XX,101000000022649,,1,2.0
101000000013795,PARSVNATH DEVELOPER LTD,0,1,0.01,INE561H01026,0915-1530|1815-1915:,2026-07-30,,NSE:PARSVNATH-BE,10,10,13795,PARSVNATH,13795,-1.0,XX,101000000013795,,0,0.0
1010000000758217,PARTH ELEC & ENG LTD,0,400,0.05,INE1H7V01011,0915-1530|1815-1915:,2026-07-30,,NSE:PARTH-SM,10,10,758217,PARTH,758217,-1.0,XX,1010000000758217,,0,0.0
10100000002599,PARTY CRUISERS LIMITED,0,1000,0.05,INE06ZX01015,0915-1530|1815-1915:,2026-07-30,,NSE:PARTYCRUS-SM,10,10,2599,PARTYCRUS,2599,-1.0,XX,10100000002599,,0,0.0
1010000000757955,PASHUPATI COTSPIN LIMITED,0,1,0.01,INE124Y01028,0915-1530|1815-1915:,2026-07-30,,NSE:PASHUPATI-EQ,10,10,757955,PASHUPATI,757955,-1.0,XX,1010000000757955,,1,2.0
10100000006048,PASUPATI ACRYLON LIMITED,0,1,0.01,INE818B01023,0915-1530|1815-1915:,2026-07-30,,NSE:PASUPTAC-BE,10,10,6048,PASUPTAC,6048,-1.0,XX,10100000006048,,1,1.0
101000000017029,PATANJALI FOODS LIMITED,0,1,0.05,INE619A01035,0915-1530|1815-1915:,2026-07-30,,NSE:PATANJALI-EQ,10,10,17029,PATANJALI,17029,-1.0,XX,101000000017029,,1,3.3
101000000011699,PATEL ENGINEERING LTD.,0,1,0.01,INE244B01030,0915-1530|1815-1915:,2026-07-30,,NSE:PATELENG-EQ,10,10,11699,PATELENG,11699,-1.0,XX,101000000011699,,1,2.0
1010000000759439,PATEL RETAIL LIMITED,0,1,0.01,INE0R8B01010,0915-1530|1815-1915:,2026-07-30,,NSE:PATELRMART-EQ,10,10,759439,PATELRMART,759439,-1.0,XX,1010000000759439,,1,2.0
1010000000756966,PATIL AUTOMATION LIMITED,0,600,0.05,INE17GV01016,0915-1530|1815-1915:,2026-07-30,,NSE:PATILAUTOM-ST,10,10,756966,PATILAUTOM,756966,-1.0,XX,1010000000756966,,0,0.0
101000000015223,PATEL INT. LOG. LTD,0,1,0.01,INE529D01014,0915-1530|1815-1915:,2026-07-30,,NSE:PATINTLOG-BE,10,10,15223,PATINTLOG,15223,-1.0,XX,101000000015223,,0,0.0
101000000015143,PATTECH FITWELL TUB COM L,0,1500,0.05,INE0NZW01014,0915-1530|1815-1915:,2026-07-30,,NSE:PATTECH-ST,10,10,15143,PATTECH,15143,-1.0,XX,101000000015143,,0,0.0
1010000000759969,PAUSHAK LIMITED,0,1,0.05,INE111F01024,0915-1530|1815-1915:,2026-07-30,,NSE:PAUSHAKLTD-EQ,10,10,759969,PAUSHAKLTD,759969,-1.0,XX,1010000000759969,,1,2.0
101000000016192,PAVNA INDUSTRIES LIMITED,0,1,0.01,INE07S101038,0915-1530|1815-1915:,2026-07-30,,NSE:PAVNAIND-EQ,10,10,16192,PAVNAIND,16192,-1.0,XX,101000000016192,,0,0.0
10100000006705,ONE 97 COMMUNICATIONS LTD,0,1,0.1,INE982J01020,0915-1530|1815-1915:,2026-07-30,,NSE:PAYTM-EQ,10,10,6705,PAYTM,6705,-1.0,XX,10100000006705,,1,2.9
10100000002649,PCBL CHEMICAL LIMITED,0,1,0.05,INE602A01031,0915-1530|1815-1915:,2026-07-30,,NSE:PCBL-EQ,10,10,2649,PCBL,2649,-1.0,XX,10100000002649,,1,2.6
101000000024290,PETRO CARBON AND CHEMI L,0,400,0.05,INE998U01015,0915-1530|1815-1915:,2026-07-30,,NSE:PCCL-SM,10,10,24290,PCCL,24290,-1.0,XX,101000000024290,,0,0.0
101000000029124,PC JEWELLER LTD,0,1,0.01,INE785M01021,0915-1530|1815-1915:,2026-07-30,,NSE:PCJEWELLER-EQ,10,10,29124,PCJEWELLER,29124,-1.0,XX,101000000029124,,1,2.6
101000000015377,PUDUMJEE PAPER PRO. LTD,0,1,0.01,INE865T01018,0915-1530|1815-1915:,2026-07-30,,NSE:PDMJEPAPER-EQ,10,10,15377,PDMJEPAPER,15377,-1.0,XX,101000000015377,,0,0.0
10100000005264,PDS LIMITED,0,1,0.05,INE111Q01021,0915-1530|1815-1915:,2026-07-30,,NSE:PDSL-EQ,10,10,5264,PDSL,5264,-1.0,XX,10100000005264,,1,2.9
10100000008188,PEARL POLYMERS LTD,0,1,0.01,INE844A01013,0915-1530|1815-1915:,2026-07-30,,NSE:PEARLPOLY-BE,10,10,8188,PEARLPOLY,8188,-1.0,XX,10100000008188,,0,0.0
101000000025408,PELATRO LIMITED,0,300,0.05,INE0VG601013,0915-1530|1815-1915:,2026-07-30,,NSE:PELATRO-SM,10,10,25408,PELATRO,25408,-1.0,XX,101000000025408,,0,0.0
101000000020621,PENNAR INDUSTRIES LTD,0,1,0.01,INE932A01024,0915-1530|1815-1915:,2026-07-30,,NSE:PENIND-EQ,10,10,20621,PENIND,20621,-1.0,XX,101000000020621,,1,2.0
10100000005358,PENINSULA LAND LIMITED,0,1,0.01,INE138A01028,0915-1530|1815-1915:,2026-07-30,,NSE:PENINLAND-BE,10,10,5358,PENINLAND,5358,-1.0,XX,10100000005358,,0,0.0
101000000017132,PENTAGON RUBBER LIMITED,0,1000,0.05,INE0ORS01017,0915-1530|1815-1915:,2026-07-30,,NSE:PENTAGON-SM,10,10,17132,PENTAGON,17132,-1.0,XX,101000000017132,,0,0.0
1010000000758121,PERFECT INFRAENGINEER LTD,0,3000,0.05,INE925S01012,0915-1530|1815-1915:,2026-07-30,,NSE:PERFECT-SZ,10,10,758121,PERFECT,758121,-1.0,XX,1010000000758121,,0,0.0
101000000018365,PERSISTENT SYSTEMS LTD,0,1,0.1,INE262H01021,0915-1530|1815-1915:,2026-07-30,,NSE:PERSISTENT-EQ,10,10,18365,PERSISTENT,18365,-1.0,XX,101000000018365,,1,3.0
101000000011351,PETRONET LNG LIMITED,0,1,0.05,INE347G01014,0915-1530|1815-1915:,2026-07-30,,NSE:PETRONET-EQ,10,10,11351,PETRONET,11351,-1.0,XX,101000000011351,,1,3.3
101000000014299,POWER FIN CORP LTD.,0,1,0.05,INE134E01011,0915-1530|1815-1915:,2026-07-30,,NSE:PFC-EQ,10,10,14299,PFC,14299,-1.0,XX,101000000014299,,1,3.2
10100000002643,PFIZER LTD,0,1,0.1,INE182A01018,0915-1530|1815-1915:,2026-07-30,,NSE:PFIZER-EQ,10,10,2643,PFIZER,2643,-1.0,XX,10100000002643,,1,3.6
101000000013496,PRIME FOCUS LIMITED,0,1,0.01,INE367G01038,0915-1530|1815-1915:,2026-07-30,,NSE:PFOCUS-EQ,10,10,13496,PFOCUS,13496,-1.0,XX,101000000013496,,1,2.4
101000000022602,PTC INDIA FIN SERV LTD,0,1,0.01,INE560K01014,0915-1530|1815-1915:,2026-07-30,,NSE:PFS-EQ,10,10,22602,PFS,22602,-1.0,XX,101000000022602,,1,2.0
101000000025358,PG ELECTROPLAST LTD,0,1,0.05,INE457L01029,0915-1530|1815-1915:,2026-07-30,,NSE:PGEL-EQ,10,10,25358,PGEL,25358,-1.0,XX,101000000025358,,1,2.6
10100000002535,P&G HYGIENE & HEALTH CARE,0,1,0.5,INE179A01014,0915-1530|1815-1915:,2026-07-30,,NSE:PGHH-EQ,10,10,2535,PGHH,2535,-1.0,XX,10100000002535,,1,3.7
1010000000940,PROCTER & GAMBLE HEALTH L,0,1,0.5,INE199A01012,0915-1530|1815-1915:,2026-07-30,,NSE:PGHL-EQ,10,10,940,PGHL,940,-1.0,XX,1010000000940,,1,3.6
101000000014260,PEARL GLOBAL IND LIMITED,0,1,0.1,INE940H01022,0915-1530|1815-1915:,2026-07-30,,NSE:PGIL-EQ,10,10,14260,PGIL,14260,-1.0,XX,101000000014260,,1,2.6
10100000003494,POWERGRID INFRA. INVITS,0,1,0.01,INE0GGX23010,0915-1530|1815-1915:,2026-07-30,,NSE:PGINVIT-IV,10,10,3494,PGINVIT,3494,-1.0,XX,10100000003494,,0,0.0
101000000011612,PHANTOM DIGITAL EFF LTD,0,300,0.05,INE0MLZ01019,0915-1530|1815-1915:,2026-07-30,,NSE:PHANTOMFX-SM,10,10,11612,PHANTOMFX,11612,-1.0,XX,101000000011612,,0,0.0
101000000014552,THE PHOENIX MILLS LTD,0,1,0.1,INE211B01039,0915-1530|1815-1915:,2026-07-30,,NSE:PHOENIXLTD-EQ,10,10,14552,PHOENIXLTD,14552,-1.0,XX,101000000014552,,1,3.2
101000000025513,PHOENIX OVERSEAS LIMITED,0,2000,0.05,INE0FPO01018,0915-1530|1815-1915:,2026-07-30,,NSE:PHOGLOBAL-SM,10,10,25513,PHOGLOBAL,25513,-1.0,XX,101000000025513,,0,0.0
1010000000757754,PICCADILY AGRO INDUSTRI L,0,1,0.05,INE546C01010,0915-1530|1815-1915:,2026-07-30,,NSE:PICCADIL-EQ,10,10,757754,PICCADIL,757754,-1.0,XX,1010000000757754,,1,2.8
10100000002664,PIDILITE INDUSTRIES LTD,0,1,0.1,INE318A01026,0915-1530|1815-1915:,2026-07-30,,NSE:PIDILITIND-EQ,10,10,2664,PIDILITIND,2664,-1.0,XX,10100000002664,,1,3.7
101000000015716,POWER INSTRUMENT (G) LTD,0,1,0.01,INE557Z01018,0915-1530|1815-1915:,2026-07-30,,NSE:PIGL-EQ,10,10,15716,PIGL,15716,-1.0,XX,101000000015716,,0,0.0
101000000024184,PI INDUSTRIES LTD,0,1,0.1,INE603J01030,0915-1530|1815-1915:,2026-07-30,,NSE:PIIND-EQ,10,10,24184,PIIND,24184,-1.0,XX,101000000024184,,1,3.4
101000000011445,PILANI INV & IND COR LTD,0,1,0.1,INE417C01014,0915-1530|1815-1915:,2026-07-30,,NSE:PILANIINVS-EQ,10,10,11445,PILANIINVS,11445,-1.0,XX,101000000011445,,0,0.0
101000000030838,PIL ITALICA LIFESTYLE LTD,0,1,0.01,INE600A01035,0915-1530|1815-1915:,2026-07-30,,NSE:PILITA-BE,10,10,30838,PILITA,30838,-1.0,XX,101000000030838,,0,0.0
1010000000759820,PINE LABS LIMITED,0,1,0.01,INE15B701018,0915-1530|1815-1915:,2026-07-30,,NSE:PINELABS-EQ,10,10,759820,PINELABS,759820,-1.0,XX,1010000000759820,,1,3.0
101000000013463,PIONEER EMBROIDERIES LTD,0,1,0.01,INE156C01018,0915-1530|1815-1915:,2026-07-30,,NSE:PIONEEREMB-EQ,10,10,13463,PIONEEREMB,13463,-1.0,XX,101000000013463,,0,0.0
1010000000762832,PIONEER INVESTCORP LTD.,0,1,0.01,INE746D01014,0915-1530|1815-1915:,2026-07-30,,NSE:PIONRINV-BE,10,10,762832,PIONRINV,762832,-1.0,XX,1010000000762832,,0,0.0
1010000000759551,PIRAMAL FINANCE LIMITED,0,1,0.1,INE202B01038,0915-1530|1815-1915:,2026-07-30,,NSE:PIRAMALFIN-EQ,10,10,759551,PIRAMALFIN,759551,-1.0,XX,1010000000759551,,1,3.6
101000000014134,PITTI ENGINEERING LIMITED,0,1,0.05,INE450D01021,0915-1530|1815-1915:,2026-07-30,,NSE:PITTIENG-EQ,10,10,14134,PITTIENG,14134,-1.0,XX,101000000014134,,1,2.0
10100000009087,PIX TRANSMISSIONS LIMITED,0,1,0.1,INE751B01018,0915-1530|1815-1915:,2026-07-30,,NSE:PIXTRANS-EQ,10,10,9087,PIXTRANS,9087,-1.0,XX,10100000009087,,1,3.0
101000000010321,THE P K TEA PROD CO LTD,0,1,0.05,INE431F01018,0915-1530|1815-1915:,2026-07-30,,NSE:PKTEA-EQ,10,10,10321,PKTEA,10321,-1.0,XX,101000000010321,,0,0.0
101000000019492,PLADA INFOTECH SERVICES L,0,3000,0.05,INE0PXD01014,0915-1530|1815-1915:,2026-07-30,,NSE:PLADAINFO-SM,10,10,19492,PLADAINFO,19492,-1.0,XX,101000000019492,,0,0.0
101000000013920,PLASTIBLENDS INDIA LTD,0,1,0.01,INE083C01022,0915-1530|1815-1915:,2026-07-30,,NSE:PLASTIBLEN-EQ,10,10,13920,PLASTIBLEN,13920,-1.0,XX,101000000013920,,0,0.0
101000000022930,PLATINUM INDUSTRIES LTD,0,1,0.01,INE0PT501018,0915-1530|1815-1915:,2026-07-30,,NSE:PLATIND-EQ,10,10,22930,PLATIND,22930,-1.0,XX,101000000022930,,1,2.0
101000000019461,PLAZA WIRES LIMITED,0,1,0.01,INE0INJ01017,0915-1530|1815-1915:,2026-07-30,,NSE:PLAZACABLE-BE,10,10,19461,PLAZACABLE,19461,-1.0,XX,101000000019461,,0,0.0
1010000000762834,PAUL MERCHANTS LTD.,0,1,0.05,INE291E01019,0915-1530|1815-1915:,2026-07-30,,NSE:PML-EQ,10,10,762834,PML,762834,-1.0,XX,1010000000762834,,0,0.0
101000000010666,PUNJAB NATIONAL BANK,0,1,0.01,INE160A01022,0915-1530|1815-1915:,2026-07-30,,NSE:PNB-EQ,10,10,10666,PNB,10666,-1.0,XX,101000000010666,,1,3.3
10100000008736,PNB GILTS LIMITED,0,1,0.01,INE859A01011,0915-1530|1815-1915:,2026-07-30,,NSE:PNBGILTS-EQ,10,10,8736,PNBGILTS,8736,-1.0,XX,10100000008736,,1,2.9
101000000018908,PNB HOUSING FIN LTD.,0,1,0.1,INE572E01012,0915-1530|1815-1915:,2026-07-30,,NSE:PNBHOUSING-EQ,10,10,18908,PNBHOUSING,18908,-1.0,XX,101000000018908,,1,3.0
10100000009342,PRITISH NANDY COMMUNICATI,0,1,0.01,INE392B01011,0915-1530|1815-1915:,2026-07-30,,NSE:PNC-EQ,10,10,9342,PNC,9342,-1.0,XX,10100000009342,,0,0.0
10100000009385,PNC INFRATECH LTD.,0,1,0.01,INE195J01029,0915-1530|1815-1915:,2026-07-30,,NSE:PNCINFRA-EQ,10,10,9385,PNCINFRA,9385,-1.0,XX,10100000009385,,1,3.1
101000000025312,P N GADGIL JEWELLERS LTD,0,1,0.05,INE953R01016,0915-1530|1815-1915:,2026-07-30,,NSE:PNGJL-EQ,10,10,25312,PNGJL,25312,-1.0,XX,101000000025312,,1,3.1
1010000000760242,PNGS REVA DIAMOND JEWEL L,0,1,0.05,INE1RDG01013,0915-1530|1815-1915:,2026-07-30,,NSE:PNGSREVA-EQ,10,10,760242,PNGSREVA,760242,-1.0,XX,1010000000760242,,1,2.0
101000000014385,PONDY OXIDES & CHEM LTD,0,1,0.1,INE063E01061,0915-1530|1815-1915:,2026-07-30,,NSE:POCL-EQ,10,10,14385,POCL,14385,-1.0,XX,101000000014385,,1,2.5
101000000019036,PODDAR PIGMENTS LIMITED,0,1,0.01,INE371C01013,0915-1530|1815-1915:,2026-07-30,,NSE:PODDARMENT-EQ,10,10,19036,PODDARMENT,19036,-1.0,XX,101000000019036,,0,0.0
101000000017651,POKARNA LIMITED,0,1,0.1,INE637C01025,0915-1530|1815-1915:,2026-07-30,,NSE:POKARNA-EQ,10,10,17651,POKARNA,17651,-1.0,XX,101000000017651,,1,2.5
10100000006656,PB FINTECH LIMITED,0,1,0.1,INE417T01026,0915-1530|1815-1915:,2026-07-30,,NSE:POLICYBZR-EQ,10,10,6656,POLICYBZR,6656,-1.0,XX,10100000006656,,1,3.0
10100000009590,POLYCAB INDIA LIMITED,0,1,0.5,INE455K01017,0915-1530|1815-1915:,2026-07-30,,NSE:POLYCAB-EQ,10,10,9590,POLYCAB,9590,-1.0,XX,10100000009590,,1,3.2
101000000025718,POLY MEDICURE LIMITED,0,1,0.1,INE205C01021,0915-1530|1815-1915:,2026-07-30,,NSE:POLYMED-EQ,10,10,25718,POLYMED,25718,-1.0,XX,101000000025718,,1,2.8
10100000002687,POLYPLEX CORPORATION LTD,0,1,0.05,INE633B01018,0915-1530|1815-1915:,2026-07-30,,NSE:POLYPLEX-EQ,10,10,2687,POLYPLEX,2687,-1.0,XX,10100000002687,,1,3.1
101000000022711,POLYSIL IRRIGATION SYST L,0,500,0.05,INE517M01028,0915-1530|1815-1915:,2026-07-30,,NSE:POLYSIL-SM,10,10,22711,POLYSIL,22711,-1.0,XX,101000000022711,,0,0.0
101000000010661,PONNIE SUGARS (ERODE) LTD,0,1,0.05,INE838E01017,0915-1530|1815-1915:,2026-07-30,,NSE:PONNIERODE-EQ,10,10,10661,PONNIERODE,10661,-1.0,XX,101000000010661,,0,0.0
101000000011403,POONAWALLA FINCORP LTD,0,1,0.05,INE511C01022,0915-1530|1815-1915:,2026-07-30,,NSE:POONAWALLA-EQ,10,10,11403,POONAWALLA,11403,-1.0,XX,101000000011403,,1,3.0
101000000024864,POSITRON ENERGY LIMITED,0,300,0.05,INE0S3H01017,0915-1530|1815-1915:,2026-07-30,,NSE:POSITRON-SM,10,10,24864,POSITRON,24864,-1.0,XX,101000000024864,,0,0.0
101000000014977,POWER GRID CORP. LTD.,0,1,0.05,INE752E01010,0915-1530|1815-1915:,2026-07-30,,NSE:POWERGRID-EQ,10,10,14977,POWERGRID,14977,-1.0,XX,101000000014977,,1,3.7
1010000000761680,POWERICA LIMITED,0,1,0.05,INE921L01032,0915-1530|1815-1915:,2026-07-30,,NSE:POWERICA-EQ,10,10,761680,POWERICA,761680,-1.0,XX,1010000000761680,,1,2.5
101000000018457,HITACHI ENERGY INDIA LTD,0,1,5.0,INE07Y701011,0915-1530|1815-1915:,2026-07-30,,NSE:POWERINDIA-EQ,10,10,18457,POWERINDIA,18457,-1.0,XX,101000000018457,,1,2.7
101000000010473,POWER MECH PROJECTS LTD.,0,1,0.1,INE211R01019,0915-1530|1815-1915:,2026-07-30,,NSE:POWERMECH-EQ,10,10,10473,POWERMECH,10473,-1.0,XX,101000000010473,,1,2.9
101000000015213,PPAP AUTOMOTIVE LIMITED,0,1,0.01,INE095I01015,0915-1530|1815-1915:,2026-07-30,,NSE:PPAP-BE,10,10,15213,PPAP,15213,-1.0,XX,101000000015213,,0,0.0
101000000010299,PRAKASH PIPES LIMITED,0,1,0.05,INE050001010,0915-1530|1815-1915:,2026-07-30,,NSE:PPL-BE,10,10,10299,PPL,10299,-1.0,XX,101000000010299,,1,1.0
101000000011571,PIRAMAL PHARMA LIMITED,0,1,0.01,INE0DK501011,0915-1530|1815-1915:,2026-07-30,,NSE:PPLPHARMA-EQ,10,10,11571,PPLPHARMA,11571,-1.0,XX,101000000011571,,1,3.0
101000000024785,PICTUREPOST STUDIOS LTD,0,3000,0.05,INE0YAL01017,0915-1530|1815-1915:,2026-07-30,,NSE:PPSL-SM,10,10,24785,PPSL,24785,-1.0,XX,101000000024785,,0,0.0
101000000030134,PRABHA ENERGY LIMITED,0,1,0.01,INE0I0M01023,0915-1530|1815-1915:,2026-07-30,,NSE:PRABHA-EQ,10,10,30134,PRABHA,30134,-1.0,XX,101000000030134,,1,1.0
1010000000762842,PRADEEP METALS LTD.,0,1,0.05,INE770A01010,0915-1530|1815-1915:,2026-07-30,,NSE:PRADPME-BE,10,10,762842,PRADPME,762842,-1.0,XX,1010000000762842,,1,1.0
101000000013941,PRAJAY ENG. SYN. LTD.,0,1,0.01,INE505C01016,0915-1530|1815-1915:,2026-07-30,,NSE:PRAENG-EQ,10,10,13941,PRAENG,13941,-1.0,XX,101000000013941,,0,0.0
10100000002705,PRAJ INDUSTRIES LTD,0,1,0.05,INE074A01025,0915-1530|1815-1915:,2026-07-30,,NSE:PRAJIND-EQ,10,10,2705,PRAJIND,2705,-1.0,XX,10100000002705,,1,2.9
10100000002708,PRAKASH INDUSTRIES LTD,0,1,0.01,INE603A01013,0915-1530|1815-1915:,2026-07-30,,NSE:PRAKASH-EQ,10,10,2708,PRAKASH,2708,-1.0,XX,10100000002708,,1,2.0
101000000019599,PRAKASH STEELAGE LTD,0,1,0.01,INE696K01024,0915-1530|1815-1915:,2026-07-30,,NSE:PRAKASHSTL-EQ,10,10,19599,PRAKASHSTL,19599,-1.0,XX,101000000019599,,0,0.0
101000000018514,PRAMARA PROMOTIONS LTD,0,500,0.05,INE0O7A01017,0915-1530|1815-1915:,2026-07-30,,NSE:PRAMARA-SM,10,10,18514,PRAMARA,18514,-1.0,XX,101000000018514,,0,0.0
101000000025818,PRANIK LOGISTICS LIMITED,0,1600,0.05,INE0VJG01014,0915-1530|1815-1915:,2026-07-30,,NSE:PRANIK-SM,10,10,25818,PRANIK,25818,-1.0,XX,101000000025818,,0,0.0
101000000023113,PRATHAM EPC PROJECTS LTD,0,400,0.05,INE0QA601016,0915-1530|1815-1915:,2026-07-30,,NSE:PRATHAM-SM,10,10,23113,PRATHAM,23113,-1.0,XX,101000000023113,,0,0.0
1010000000762844,PRAVEG LTD.,0,1,0.01,INE722B01019,0915-1530|1815-1915:,2026-07-30,,NSE:PRAVEG-EQ,10,10,762844,PRAVEG,762844,-1.0,XX,1010000000762844,,1,2.0
10100000001216,PRAXIS HOME RETAIL LTD,0,1,0.01,INE546Y01022,0915-1530|1815-1915:,2026-07-30,,NSE:PRAXIS-BE,10,10,1216,PRAXIS,1216,-1.0,XX,10100000001216,,0,0.0
101000000012603,PRECISION CAMSHAFTS LTD.,0,1,0.01,INE484I01029,0915-1530|1815-1915:,2026-07-30,,NSE:PRECAM-EQ,10,10,12603,PRECAM,12603,-1.0,XX,101000000012603,,1,2.0
10100000007963,PRECISION METALIKS LTD,0,2000,0.05,INE0HKW01018,0915-1530|1815-1915:,2026-07-30,,NSE:PRECISION-ST,10,10,7963,PRECISION,7963,-1.0,XX,10100000007963,,0,0.0
10100000002711,PRECOT LIMITED,0,1,0.05,INE283A01014,0915-1530|1815-1915:,2026-07-30,,NSE:PRECOT-EQ,10,10,2711,PRECOT,2711,-1.0,XX,10100000002711,,0,0.0
10100000002717,PRECISION WIRES INDIA LTD,0,1,0.05,INE372C01037,0915-1530|1815-1915:,2026-07-30,,NSE:PRECWIRE-EQ,10,10,2717,PRECWIRE,2717,-1.0,XX,10100000002717,,1,1.0
1010000000762849,PREMCO GLOBAL LTD.,0,1,0.05,INE001E01012,0915-1530|1815-1915:,2026-07-30,,NSE:PREMCO-EQ,10,10,762849,PREMCO,762849,-1.0,XX,1010000000762849,,0,0.0
101000000017397,PREMIER EXPLOSIVES LTD,0,1,0.05,INE863B01029,0915-1530|1815-1915:,2026-07-30,,NSE:PREMEXPLN-EQ,10,10,17397,PREMEXPLN,17397,-1.0,XX,101000000017397,,1,1.0
10100000006248,PREMIER LIMITED,0,1,0.01,INE342A01018,0915-1530|1815-1915:,2026-07-30,,NSE:PREMIER-BE,10,10,6248,PREMIER,6248,-1.0,XX,10100000006248,,0,0.0
101000000025049,PREMIER ENERGIES LIMITED,0,1,0.1,INE0BS701011,0915-1530|1815-1915:,2026-07-30,,NSE:PREMIERENE-EQ,10,10,25049,PREMIERENE,25049,-1.0,XX,101000000025049,,1,3.0
10100000003908,PREMIER POLYFILM LTD,0,1,0.01,INE309M01020,0915-1530|1815-1915:,2026-07-30,,NSE:PREMIERPOL-EQ,10,10,3908,PREMIERPOL,3908,-1.0,XX,10100000003908,,0,0.0
101000000025898,PREMIUM PLAST LIMITED,0,3000,0.05,INE0M1F01011,0915-1530|1815-1915:,2026-07-30,,NSE:PREMIUM-SM,10,10,25898,PREMIUM,25898,-1.0,XX,101000000025898,,0,0.0
101000000020498,PRESSTONIC ENGINEERING L,0,800,0.05,INE0R1601012,0915-1530|1815-1915:,2026-07-30,,NSE:PRESSTONIC-SM,10,10,20498,PRESSTONIC,20498,-1.0,XX,101000000020498,,0,0.0
101000000020302,PRESTIGE ESTATE LTD,0,1,0.1,INE811K01011,0915-1530|1815-1915:,2026-07-30,,NSE:PRESTIGE-EQ,10,10,20302,PRESTIGE,20302,-1.0,XX,101000000020302,,1,3.0
101000000019631,PRICOL LIMITED,0,1,0.05,INE726V01018,0915-1530|1815-1915:,2026-07-30,,NSE:PRICOLLTD-EQ,10,10,19631,PRICOLLTD,19631,-1.0,XX,101000000019631,,1,3.0
1010000000759075,PRIME CABLE INDUSTRIES L,0,1600,0.05,INE0CQA01020,0915-1530|1815-1915:,2026-07-30,,NSE:PRIMECAB-ST,10,10,759075,PRIMECAB,759075,-1.0,XX,1010000000759075,,0,0.0
101000000011864,PRIME SECURITIES LIMITED,0,1,0.05,INE032B01021,0915-1530|1815-1915:,2026-07-30,,NSE:PRIMESECU-EQ,10,10,11864,PRIMESECU,11864,-1.0,XX,101000000011864,,1,2.0
1010000000756925,PRIMO CHEMICALS LIMITED,0,1,0.01,INE607A01022,0915-1530|1815-1915:,2026-07-30,,NSE:PRIMO-EQ,10,10,756925,PRIMO,756925,-1.0,XX,1010000000756925,,1,2.0
101000000016045,PRINCE PIPES FITTINGS LTD,0,1,0.05,INE689W01016,0915-1530|1815-1915:,2026-07-30,,NSE:PRINCEPIPE-EQ,10,10,16045,PRINCEPIPE,16045,-1.0,XX,101000000016045,,1,2.0
10100000008310,PRITI INTERNATIONAL LTD,0,1,0.01,INE974Z01015,0915-1530|1815-1915:,2026-07-30,,NSE:PRITI-BE,10,10,8310,PRITI,8310,-1.0,XX,10100000008310,,0,0.0
101000000012971,PRITIKA ENG COMPO LTD,0,2000,0.05,INE0MJQ01020,0915-1530|1815-1915:,2026-07-30,,NSE:PRITIKA-SM,10,10,12971,PRITIKA,12971,-1.0,XX,101000000012971,,0,0.0
10100000005296,PRITIKA AUTO INDUS LTD,0,1,0.01,INE583R01029,0915-1530|1815-1915:,2026-07-30,,NSE:PRITIKAUTO-BE,10,10,5296,PRITIKAUTO,5296,-1.0,XX,10100000005296,,0,0.0
10100000008825,PRIVI SPECIALITY CHE LTD,0,1,0.1,INE959A01019,0915-1530|1815-1915:,2026-07-30,,NSE:PRIVISCL-EQ,10,10,8825,PRIVISCL,8825,-1.0,XX,10100000008825,,1,3.0
101000000024511,PRIZOR VIZTECH LIMITED,0,400,0.05,INE0V9N01017,0915-1530|1815-1915:,2026-07-30,,NSE:PRIZOR-ST,10,10,24511,PRIZOR,24511,-1.0,XX,101000000024511,,0,0.0
101000000023764,PREMIER ROADLINES LIMITED,0,1000,0.05,INE0CFG01012,0915-1530|1815-1915:,2026-07-30,,NSE:PRLIND-SM,10,10,23764,PRLIND,23764,-1.0,XX,101000000023764,,0,0.0
1010000000757806,PRO FX TECH LIMITED,0,1600,0.05,INE0VJT01017,0915-1530|1815-1915:,2026-07-30,,NSE:PROFX-SM,10,10,757806,PROFX,757806,-1.0,XX,1010000000757806,,0,0.0
101000000019352,PROLIFE INDUSTRIES LTD,0,500,0.05,INE994V01012,0915-1530|1815-1915:,2026-07-30,,NSE:PROLIFE-SM,10,10,19352,PROLIFE,19352,-1.0,XX,101000000019352,,0,0.0
10100000008735,P. E. ANALYTICS LIMITED,0,600,0.05,INE0KN801013,0915-1530|1815-1915:,2026-07-30,,NSE:PROPEQUITY-SM,10,10,8735,PROPEQUITY,8735,-1.0,XX,10100000008735,,0,0.0
1010000000758173,PROSTARM INFO SYSTEMS LTD,0,1,0.01,INE0BX301013,0915-1530|1815-1915:,2026-07-30,,NSE:PROSTARM-EQ,10,10,758173,PROSTARM,758173,-1.0,XX,1010000000758173,,1,2.0
101000000029472,PROTEAN EGOV TECHNO LTD,0,1,0.05,INE004A01022,0915-1530|1815-1915:,2026-07-30,,NSE:PROTEAN-EQ,10,10,29472,PROTEAN,29472,-1.0,XX,101000000029472,,1,2.7
101000000016483,PROVENTUS AGROCOM LIMITED,0,80,0.05,INE0ONE01016,0915-1530|1815-1915:,2026-07-30,,NSE:PROV-SM,10,10,16483,PROV,16483,-1.0,XX,101000000016483,,0,0.0
101000000028859,PROZONE REALTY LIMITED,0,1,0.01,INE195N01013,0915-1530|1815-1915:,2026-07-30,,NSE:PROZONER-EQ,10,10,28859,PROZONER,28859,-1.0,XX,101000000028859,,1,2.0
10100000002739,PRISM JOHNSON LIMITED,0,1,0.01,INE010A01011,0915-1530|1815-1915:,2026-07-30,,NSE:PRSMJOHNSN-EQ,10,10,2739,PRSMJOHNSN,2739,-1.0,XX,10100000002739,,1,2.0
10100000009553,PRUDENT CORP ADV SER LTD,0,1,0.1,INE00F201020,0915-1530|1815-1915:,2026-07-30,,NSE:PRUDENT-EQ,10,10,9553,PRUDENT,9553,-1.0,XX,10100000009553,,1,2.9
101000000020528,PRUDENTIAL SUGAR CORPORAT,0,1,0.01,INE024D01016,0915-1530|1815-1915:,2026-07-30,,NSE:PRUDMOULI-BE,10,10,20528,PRUDMOULI,20528,-1.0,XX,101000000020528,,0,0.0
101000000021001,PUNJAB & SIND BANK,0,1,0.01,INE608A01012,0915-1530|1815-1915:,2026-07-30,,NSE:PSB-EQ,10,10,21001,PSB,21001,-1.0,XX,101000000021001,,1,3.0
101000000025431,PARAMOUNT SPECIALI FORG L,0,2000,0.05,INE0Q6001012,0915-1530|1815-1915:,2026-07-30,,NSE:PSFL-SM,10,10,25431,PSFL,25431,-1.0,XX,101000000025431,,0,0.0
101000000020877,PSP PROJECTS LIMITED,0,1,0.1,INE488V01015,0915-1530|1815-1915:,2026-07-30,,NSE:PSPPROJECT-EQ,10,10,20877,PSPPROJECT,20877,-1.0,XX,101000000020877,,1,2.8
101000000029665,P S RAJ STEELS LIMITED,0,2500,0.05,INE0XUS01020,0915-1530|1815-1915:,2026-07-30,,NSE:PSRAJ-ST,10,10,29665,PSRAJ,29665,-1.0,XX,101000000029665,,0,0.0
101000000011355,PTC INDIA LIMITED,0,1,0.01,INE877F01012,0915-1530|1815-1915:,2026-07-30,,NSE:PTC-EQ,10,10,11355,PTC,11355,-1.0,XX,101000000011355,,1,3.1
101000000016682,PTC INDUSTRIES LIMITED,0,1,1.0,INE596F01018,0915-1530|1815-1915:,2026-07-30,,NSE:PTCIL-EQ,10,10,16682,PTCIL,16682,-1.0,XX,101000000016682,,1,2.9
101000000014101,PTL ENTERPRISES LTD,0,1,0.01,INE034D01049,0915-1530|1815-1915:,2026-07-30,,NSE:PTL-EQ,10,10,14101,PTL,14101,-1.0,XX,101000000014101,,0,0.0
1010000000507,PULZ ELECTRONICS LIMITED,0,2000,0.05,INE335X01014,0915-1530|1815-1915:,2026-07-30,,NSE:PULZ-SM,10,10,507,PULZ,507,-1.0,XX,1010000000507,,0,0.0
10100000004344,PUNJAB CHEM & CROP PROT L,0,1,0.1,INE277B01014,0915-1530|1815-1915:,2026-07-30,,NSE:PUNJABCHEM-EQ,10,10,4344,PUNJABCHEM,4344,-1.0,XX,10100000004344,,1,2.0
101000000028044,PURPLE UNITED SALES LTD,0,250,0.05,INE0P5R01014,0915-1530|1815-1915:,2026-07-30,,NSE:PURPLEUTED-ST,10,10,28044,PURPLEUTED,28044,-1.0,XX,101000000028044,,0,0.0
101000000014922,PURAVANKARA LIMITED,0,1,0.01,INE323I01011,0915-1530|1815-1915:,2026-07-30,,NSE:PURVA-EQ,10,10,14922,PURVA,14922,-1.0,XX,101000000014922,,1,2.0
101000000022938,PURV FLEXIPACK LIMITED,0,800,0.05,INE0R6C01012,0915-1530|1815-1915:,2026-07-30,,NSE:PURVFLEXI-SM,10,10,22938,PURVFLEXI,22938,-1.0,XX,101000000022938,,0,0.0
1010000000757683,PUSHPA JEWELLERS LIMITED,0,1000,0.05,INE154801018,0915-1530|1815-1915:,2026-07-30,,NSE:PUSHPA-SM,10,10,757683,PUSHPA,757683,-1.0,XX,1010000000757683,,0,0.0
10100000004010,PVP VENTURES LIMITED,0,1,0.01,INE362A01016,0915-1530|1815-1915:,2026-07-30,,NSE:PVP-EQ,10,10,4010,PVP,4010,-1.0,XX,10100000004010,,1,2.0
101000000013147,PVR INOX LIMITED,0,1,0.05,INE191H01014,0915-1530|1815-1915:,2026-07-30,,NSE:PVRINOX-EQ,10,10,13147,PVRINOX,13147,-1.0,XX,101000000013147,,1,3.3
101000000023142,POPULAR VEHICLES N SER L,0,1,0.01,INE772T01024,0915-1530|1815-1915:,2026-07-30,,NSE:PVSL-EQ,10,10,23142,PVSL,23142,-1.0,XX,101000000023142,,0,0.0
1010000000759723,PHYSICSWALLAH LIMITED,0,1,0.01,INE0LP301011,0915-1530|1815-1915:,2026-07-30,,NSE:PWL-EQ,10,10,759723,PWL,759723,-1.0,XX,1010000000759723,,1,2.9
101000000018250,PYRAMID TECHNOPLAST LTD,0,1,0.01,INE0MIS01010,0915-1530|1815-1915:,2026-07-30,,NSE:PYRAMID-EQ,10,10,18250,PYRAMID,18250,-1.0,XX,101000000018250,,0,0.0
101000000014613,QUALITY FOILS (INDIA) LTD,0,1000,0.05,INE0O1M01015,0915-1530|1815-1915:,2026-07-30,,NSE:QFIL-SM,10,10,14613,QFIL,14613,-1.0,XX,101000000014613,,0,0.0
1010000000763594,Q-LINE BIOTECH LIMITED,0,400,0.05,INE1G2W01011,0915-1530|1815-1915:,2026-07-30,,NSE:QLINE-SM,10,10,763594,QLINE,763594,-1.0,XX,1010000000763594,,0,0.0
1010000000751607,QMS MEDICAL ALLIED S LTD,0,1,0.01,INE0FMW01018,0915-1530|1815-1915:,2026-07-30,,NSE:QMSMEDI-EQ,10,10,751607,QMSMEDI,751607,-1.0,XX,1010000000751607,,0,0.0
101000000029713,QUALITY POWER ELEC EQUP L,0,1,0.1,INE0SII01026,0915-1530|1815-1915:,2026-07-30,,NSE:QPOWER-BE,10,10,29713,QPOWER,29713,-1.0,XX,101000000029713,,1,1.0
101000000029087,QUADRANT FUTURE TEK LTD,0,1,0.05,INE0LRY01011,0915-1530|1815-1915:,2026-07-30,,NSE:QUADFUTURE-EQ,10,10,29087,QUADFUTURE,29087,-1.0,XX,101000000029087,,1,2.4
10100000005870,QUADPRO ITES LIMITED,0,12000,0.05,INE0GOJ01027,0915-1530|1815-1915:,2026-07-30,,NSE:QUADPRO-SM,10,10,5870,QUADPRO,5870,-1.0,XX,10100000005870,,0,0.0
101000000017704,QUESS CORP LIMITED,0,1,0.05,INE615P01015,0915-1530|1815-1915:,2026-07-30,,NSE:QUESS-EQ,10,10,17704,QUESS,17704,-1.0,XX,101000000017704,,1,3.1
101000000023793,QUEST LABORATORIES LTD,0,1200,0.05,INE0TNW01017,0915-1530|1815-1915:,2026-07-30,,NSE:QUESTLAB-SM,10,10,23793,QUESTLAB,23793,-1.0,XX,101000000023793,,0,0.0
101000000013131,QUICK HEAL TECH LTD,0,1,0.01,INE306L01010,0915-1530|1815-1915:,2026-07-30,,NSE:QUICKHEAL-BE,10,10,13131,QUICKHEAL,13131,-1.0,XX,101000000013131,,1,1.0
101000000015285,QUICKTOUCH TECHNOLOGIES L,0,500,0.05,INE0K4D01020,0915-1530|1815-1915:,2026-07-30,,NSE:QUICKTOUCH-SM,10,10,15285,QUICKTOUCH,15285,-1.0,XX,101000000015285,,0,0.0
1010000000762854,QUINT DIGITAL LTD.,0,1,0.01,INE641R01017,0915-1530|1815-1915:,2026-07-30,,NSE:QUINT-EQ,10,10,762854,QUINT,762854,-1.0,XX,1010000000762854,,0,0.0
101000000024957,QVC EXPORTS LIMITED,0,1600,0.05,INE0KZF01015,0915-1530|1815-1915:,2026-07-30,,NSE:QVCEL-SM,10,10,24957,QVCEL,24957,-1.0,XX,101000000024957,,0,0.0
101000000015391,RACE ECO CHAIN LIMITED,0,1,0.01,INE084Q01012,0915-1530|1815-1915:,2026-07-30,,NSE:RACE-EQ,10,10,15391,RACE,15391,-1.0,XX,101000000015391,,0,0.0
101000000027171,RACL GEARTECH LIMITED,0,1,0.1,INE704B01017,0915-1530|1815-1915:,2026-07-30,,NSE:RACLGEAR-EQ,10,10,27171,RACLGEAR,27171,-1.0,XX,101000000027171,,1,2.0
101000000010932,RADAAN MEDIAWORKS (I) LTD,0,1,0.01,INE874F01027,0915-1530|1815-1915:,2026-07-30,,NSE:RADAAN-EQ,10,10,10932,RADAAN,10932,-1.0,XX,101000000010932,,0,0.0
101000000010343,RADHIKA JEWELTECH LIMITED,0,1,0.01,INE583V01021,0915-1530|1815-1915:,2026-07-30,,NSE:RADHIKAJWE-EQ,10,10,10343,RADHIKAJWE,10343,-1.0,XX,101000000010343,,1,2.0
101000000013580,RADIANT CASH MGMT SER LTD,0,1,0.01,INE855R01021,0915-1530|1815-1915:,2026-07-30,,NSE:RADIANTCMS-EQ,10,10,13580,RADIANTCMS,13580,-1.0,XX,101000000013580,,0,0.0
101000000010990,RADICO KHAITAN LTD,0,1,0.1,INE944F01028,0915-1530|1815-1915:,2026-07-30,,NSE:RADICO-EQ,10,10,10990,RADICO,10990,-1.0,XX,101000000010990,,1,3.2
101000000019877,MUSIC BROADCAST LIMITED,0,1,0.01,INE919I01024,0915-1530|1815-1915:,2026-07-30,,NSE:RADIOCITY-EQ,10,10,19877,RADIOCITY,19877,-1.0,XX,101000000019877,,0,0.0
101000000023445,RADIOWALLA NETWORK LTD,0,1600,0.05,INE430U01019,0915-1530|1815-1915:,2026-07-30,,NSE:RADIOWALLA-ST,10,10,23445,RADIOWALLA,23445,-1.0,XX,101000000023445,,0,0.0
10100000002431,RAILTEL CORP OF IND LTD,0,1,0.05,INE0DD101019,0915-1530|1815-1915:,2026-07-30,,NSE:RAILTEL-EQ,10,10,2431,RAILTEL,2431,-1.0,XX,10100000002431,,1,2.8
101000000015337,RAIN INDUSTRIES LIMITED,0,1,0.01,INE855B01025,0915-1530|1815-1915:,2026-07-30,,NSE:RAIN-EQ,10,10,15337,RAIN,15337,-1.0,XX,101000000015337,,1,2.6
10100000009408,RAINBOW CHILDRENS MED LTD,0,1,0.1,INE961O01016,0915-1530|1815-1915:,2026-07-30,,NSE:RAINBOW-EQ,10,10,9408,RAINBOW,9408,-1.0,XX,10100000009408,,1,3.4
1010000000760461,RAJESH EXPORTS LTD,0,1,0.01,INE343B01030,0915-1530|1815-1915:,2026-07-30,,NSE:RAJESHEXPO-BZ,10,10,760461,RAJESHEXPO,760461,-1.0,XX,1010000000760461,,0,0.0
101000000024707,RAJPUTANA INDUSTRIES LTD,0,1500,0.05,INE0PCU01012,0915-1530|1815-1915:,2026-07-30,,NSE:RAJINDLTD-SM,10,10,24707,RAJINDLTD,24707,-1.0,XX,101000000024707,,0,0.0
10100000002168,RAJNANDINI METAL LIMITED,0,1,0.01,INE00KV01022,0915-1530|1815-1915:,2026-07-30,,NSE:RAJMET-EQ,10,10,2168,RAJMET,2168,-1.0,XX,10100000002168,,0,0.0
1010000000757052,RAJOO ENGINEERS LIMITED,0,1,0.01,INE535F01024,0915-1530|1815-1915:,2026-07-30,,NSE:RAJOOENG-BE,10,10,757052,RAJOOENG,757052,-1.0,XX,1010000000757052,,1,1.0
1010000000762859,RAJAPALAYAM MILLS LTD.,0,1,0.05,INE296E01026,0915-1530|1815-1915:,2026-07-30,,NSE:RAJPALAYAM-EQ,10,10,762859,RAJPALAYAM,762859,-1.0,XX,1010000000762859,,0,0.0
101000000027269,RAJPUTANA BIODIESEL LTD,0,500,0.05,INE0VHU01019,0915-1530|1815-1915:,2026-07-30,,NSE:RAJPUTANA-SM,10,10,27269,RAJPUTANA,27269,-1.0,XX,101000000027269,,0,0.0
101000000018962,RAJRATAN GLOBAL WIRE LTD,0,1,0.05,INE451D01029,0915-1530|1815-1915:,2026-07-30,,NSE:RAJRATAN-EQ,10,10,18962,RAJRATAN,18962,-1.0,XX,101000000018962,,1,2.0
10100000008428,RAJ RAYON INDUSTRIES LTD,0,1,0.01,INE533D01032,0915-1530|1815-1915:,2026-07-30,,NSE:RAJRILTD-BE,10,10,8428,RAJRILTD,8428,-1.0,XX,10100000008428,,0,0.0
10100000002809,RAJSHREE SUGAR & CHEMICAL,0,1,0.01,INE562B01019,0915-1530|1815-1915:,2026-07-30,,NSE:RAJSREESUG-EQ,10,10,2809,RAJSREESUG,2809,-1.0,XX,10100000002809,,0,0.0
101000000014403,RAJ TV NETWORK LTD,0,1,0.01,INE952H01027,0915-1530|1815-1915:,2026-07-30,,NSE:RAJTV-EQ,10,10,14403,RAJTV,14403,-1.0,XX,101000000014403,,0,0.0
10100000002816,RALLIS INDIA LTD,0,1,0.01,INE613A01020,0915-1530|1815-1915:,2026-07-30,,NSE:RALLIS-EQ,10,10,2816,RALLIS,2816,-1.0,XX,10100000002816,,1,2.0
101000000013565,SHREE RAMA NEWSPRINT LTD,0,1,0.01,INE278B01020,0915-1530|1815-1915:,2026-07-30,,NSE:RAMANEWS-EQ,10,10,13565,RAMANEWS,13565,-1.0,XX,101000000013565,,0,0.0
101000000010568,RAMA PHOSPHATES LIMITED,0,1,0.01,INE809A01032,0915-1530|1815-1915:,2026-07-30,,NSE:RAMAPHO-EQ,10,10,10568,RAMAPHO,10568,-1.0,XX,101000000010568,,0,0.0
101000000010304,RAMA STEEL TUBES LIMITED,0,1,0.01,INE230R01035,0915-1530|1815-1915:,2026-07-30,,NSE:RAMASTEEL-BE,10,10,10304,RAMASTEEL,10304,-1.0,XX,101000000010304,,1,1.0
1010000000762227,ADVIT JEWELS LIMITED,0,1,0.01,INE1SJO01012,0915-1530|1815-1915:,2026-07-30,,NSE:RAMBHAJO-EQ,10,10,762227,RAMBHAJO,762227,-1.0,XX,1010000000762227,,0,0.0
10100000002043,THE RAMCO CEMENTS LIMITED,0,1,0.05,INE331A01037,0915-1530|1815-1915:,2026-07-30,,NSE:RAMCOCEM-EQ,10,10,2043,RAMCOCEM,2043,-1.0,XX,10100000002043,,1,3.6
10100000004587,RAMCO INDUSTRIES LIMITED,0,1,0.05,INE614A01028,0915-1530|1815-1915:,2026-07-30,,NSE:RAMCOIND-EQ,10,10,4587,RAMCOIND,4587,-1.0,XX,10100000004587,,1,2.9
10100000007851,RAMCO SYSTEMS LTD.,0,1,0.05,INE246B01019,0915-1530|1815-1915:,2026-07-30,,NSE:RAMCOSYS-EQ,10,10,7851,RAMCOSYS,7851,-1.0,XX,10100000007851,,1,1.0
101000000020134,RAMKY INFRA LTD,0,1,0.05,INE874I01013,0915-1530|1815-1915:,2026-07-30,,NSE:RAMKY-EQ,10,10,20134,RAMKY,20134,-1.0,XX,101000000020134,,1,2.0
101000000010485,RAM RATNA WIRES LIMITED,0,1,0.05,INE207E01023,0915-1530|1815-1915:,2026-07-30,,NSE:RAMRAT-EQ,10,10,10485,RAMRAT,10485,-1.0,XX,101000000010485,,1,2.0
10100000002837,RANA SUGARS LTD.,0,1,0.01,INE625B01014,0915-1530|1815-1915:,2026-07-30,,NSE:RANASUG-EQ,10,10,2837,RANASUG,2837,-1.0,XX,10100000002837,,0,0.0
10100000002844,RANE HOLDINGS LIMITED,0,1,0.1,INE384A01010,0915-1530|1815-1915:,2026-07-30,,NSE:RANEHOLDIN-EQ,10,10,2844,RANEHOLDIN,2844,-1.0,XX,10100000002844,,1,2.0
101000000030460,RAPID FLEET MGT SERVICE L,0,600,0.05,INE0QX901013,0915-1530|1815-1915:,2026-07-30,,NSE:RAPIDFLEET-SM,10,10,30460,RAPIDFLEET,30460,-1.0,XX,101000000030460,,0,0.0
101000000025610,RAPPID VALVES (INDIA) LTD,0,600,0.05,INE0MVO01012,0915-1530|1815-1915:,2026-07-30,,NSE:RAPPID-SM,10,10,25610,RAPPID,25610,-1.0,XX,101000000025610,,0,0.0
10100000007177,RATEGAIN TRAVEL TECHN LTD,0,1,0.05,INE0CLI01024,0915-1530|1815-1915:,2026-07-30,,NSE:RATEGAIN-EQ,10,10,7177,RATEGAIN,7177,-1.0,XX,10100000007177,,1,2.8
101000000013451,RATNAMANI MET & TUB LTD.,0,1,0.1,INE703B01027,0915-1530|1815-1915:,2026-07-30,,NSE:RATNAMANI-EQ,10,10,13451,RATNAMANI,13451,-1.0,XX,101000000013451,,1,2.9
101000000018423,RATNAVEER PRECISION ENG L,0,1,0.01,INE05CZ01011,0915-1530|1815-1915:,2026-07-30,,NSE:RATNAVEER-EQ,10,10,18423,RATNAVEER,18423,-1.0,XX,101000000018423,,1,2.6
10100000002859,RAYMOND LTD,0,1,0.05,INE301A01014,0915-1530|1815-1915:,2026-07-30,,NSE:RAYMOND-EQ,10,10,2859,RAYMOND,2859,-1.0,XX,10100000002859,,1,2.7
101000000025073,RAYMOND LIFESTYLE LIMITED,0,1,0.05,INE02ID01020,0915-1530|1815-1915:,2026-07-30,,NSE:RAYMONDLSL-EQ,10,10,25073,RAYMONDLSL,25073,-1.0,XX,101000000025073,,1,2.9
1010000000758551,RAYMOND REALTY LIMITED,0,1,0.05,INE1SY401010,0915-1530|1815-1915:,2026-07-30,,NSE:RAYMONDREL-EQ,10,10,758551,RAYMONDREL,758551,-1.0,XX,1010000000758551,,1,2.6
10100000001494,RESTAURANT BRAND ASIA LTD,0,1,0.01,INE07T201019,0915-1530|1815-1915:,2026-07-30,,NSE:RBA-EQ,10,10,1494,RBA,1494,-1.0,XX,10100000001494,,1,3.3
101000000018391,RBL BANK LIMITED,0,1,0.05,INE976G01028,0915-1530|1815-1915:,2026-07-30,,NSE:RBLBANK-EQ,10,10,18391,RBLBANK,18391,-1.0,XX,101000000018391,,1,3.1
101000000013570,RBM INFRACON LIMITED,0,200,0.05,INE0NA301016,0915-1530|1815-1915:,2026-07-30,,NSE:RBMINFRA-SM,10,10,13570,RBMINFRA,13570,-1.0,XX,101000000013570,,0,0.0
101000000023565,RAMDEVBABA SOLVENT LTD,0,800,0.05,INE0RJH01010,0915-1530|1815-1915:,2026-07-30,,NSE:RBS-SM,10,10,23565,RBS,23565,-1.0,XX,101000000023565,,0,0.0
101000000020874,RBZ JEWELLERS LIMITED,0,1,0.01,INE0PEQ01016,0915-1530|1815-1915:,2026-07-30,,NSE:RBZJEWEL-EQ,10,10,20874,RBZJEWEL,20874,-1.0,XX,101000000020874,,1,2.0
101000000019681,RAJGOR CASTOR DERIVATI L,0,3000,0.05,INE0BZQ01011,0915-1530|1815-1915:,2026-07-30,,NSE:RCDL-SM,10,10,19681,RCDL,19681,-1.0,XX,101000000019681,,0,0.0
10100000002866,RASHTRIYA CHEMICALS & FER,0,1,0.01,INE027A01015,0915-1530|1815-1915:,2026-07-30,,NSE:RCF-EQ,10,10,2866,RCF,2866,-1.0,XX,10100000002866,,1,3.0
101000000013188,RELIANCE COMMUNICATIONS L,0,1,0.01,INE330H01018,0915-1530|1815-1915:,2026-07-30,,NSE:RCOM-BE,10,10,13188,RCOM,13188,-1.0,XX,101000000013188,,0,0.0
101000000029561,READYMIX CONSTRU MACHI L,0,1000,0.05,INE10QL01011,0915-1530|1815-1915:,2026-07-30,,NSE:READYMIX-SM,10,10,29561,READYMIX,29561,-1.0,XX,101000000029561,,0,0.0
101000000015355,REC LIMITED,0,1,0.05,INE020B01018,0915-1530|1815-1915:,2026-07-30,,NSE:RECLTD-EQ,10,10,15355,RECLTD,15355,-1.0,XX,101000000015355,,1,3.2
101000000014255,REDINGTON LIMITED,0,1,0.05,INE891D01026,0915-1530|1815-1915:,2026-07-30,,NSE:REDINGTON-EQ,10,10,14255,REDINGTON,14255,-1.0,XX,101000000014255,,1,2.7
101000000017859,REDTAPE LIMITED,0,1,0.01,INE0LXT01019,0915-1530|1815-1915:,2026-07-30,,NSE:REDTAPE-EQ,10,10,17859,REDTAPE,17859,-1.0,XX,101000000017859,,1,2.9
101000000017764,REFEX INDUSTRIES LIMITED,0,1,0.05,INE056I01025,0915-1530|1815-1915:,2026-07-30,,NSE:REFEX-EQ,10,10,17764,REFEX,17764,-1.0,XX,101000000017764,,1,2.5
101000000023718,REFRACTORY SHAPES LIMITED,0,1000,0.05,INE0TNX01015,0915-1530|1815-1915:,2026-07-30,,NSE:REFRACTORY-SM,10,10,23718,REFRACTORY,23718,-1.0,XX,101000000023718,,0,0.0
1010000000758682,REGAAL RESOURCES LIMITED,0,1,0.01,INE0MHO01029,0915-1530|1815-1915:,2026-07-30,,NSE:REGAAL-BE,10,10,758682,REGAAL,758682,-1.0,XX,1010000000758682,,0,0.0
10100000004130,REGENCY CERAMICS LTD.,0,1,0.01,INE277C01012,0915-1530|1815-1915:,2026-07-30,,NSE:REGENCERAM-EQ,10,10,4130,REGENCERAM,4130,-1.0,XX,10100000004130,,0,0.0
101000000024225,RELAXO FOOT LTD.,0,1,0.05,INE131B01039,0915-1530|1815-1915:,2026-07-30,,NSE:RELAXO-EQ,10,10,24225,RELAXO,24225,-1.0,XX,101000000024225,,1,2.8
10100000009652,RELIANCE CHEMOTEX IND LTD,0,1,0.01,INE750D01016,0915-1530|1815-1915:,2026-07-30,,NSE:RELCHEMQ-EQ,10,10,9652,RELCHEMQ,9652,-1.0,XX,10100000009652,,0,0.0
101000000024378,RELIABLE DATA SERVICE LTD,0,1,0.01,INE375Y01018,0915-1530|1815-1915:,2026-07-30,,NSE:RELIABLE-EQ,10,10,24378,RELIABLE,24378,-1.0,XX,101000000024378,,0,0.0
10100000002885,RELIANCE INDUSTRIES LTD,0,1,0.1,INE002A01018,0915-1530|1815-1915:,2026-07-30,,NSE:RELIANCE-EQ,10,10,2885,RELIANCE,2885,-1.0,XX,10100000002885,,1,3.7
101000000015068,RELIGARE ENTER. LTD.,0,1,0.05,INE621H01010,0915-1530|1815-1915:,2026-07-30,,NSE:RELIGARE-EQ,10,10,15068,RELIGARE,15068,-1.0,XX,101000000015068,,1,2.9
101000000024596,RAVINDRA ENERGY LIMITED,0,1,0.01,INE206N01018,0915-1530|1815-1915:,2026-07-30,,NSE:RELTD-EQ,10,10,24596,RELTD,24596,-1.0,XX,101000000024596,,1,2.5
10100000003965,REMSONS INDUSTRIES LTD,0,1,0.01,INE474C01023,0915-1530|1815-1915:,2026-07-30,,NSE:REMSONSIND-EQ,10,10,3965,REMSONSIND,3965,-1.0,XX,10100000003965,,0,0.0
101000000016154,REMUS PHARMACEUTICALS L,0,100,0.05,INE0O5T01011,0915-1530|1815-1915:,2026-07-30,,NSE:REMUS-SM,10,10,16154,REMUS,16154,-1.0,XX,101000000016154,,0,0.0
101000000012026,SHREE RENUKA SUGARS LTD,0,1,0.01,INE087H01022,0915-1530|1815-1915:,2026-07-30,,NSE:RENUKA-EQ,10,10,12026,RENUKA,12026,-1.0,XX,101000000012026,,1,3.1
101000000029598,REPCO HOME FINANCE LTD,0,1,0.05,INE612J01015,0915-1530|1815-1915:,2026-07-30,,NSE:REPCOHOME-EQ,10,10,29598,REPCOHOME,29598,-1.0,XX,101000000029598,,1,2.0
10100000001486,RUDRABHISHEK ENTERP LTD,0,1,0.01,INE364Z01019,0915-1530|1815-1915:,2026-07-30,,NSE:REPL-BE,10,10,1486,REPL,1486,-1.0,XX,10100000001486,,0,0.0
101000000013126,REPRO INDIA LIMITED,0,1,0.05,INE461B01014,0915-1530|1815-1915:,2026-07-30,,NSE:REPRO-EQ,10,10,13126,REPRO,13126,-1.0,XX,101000000013126,,1,1.0
101000000020323,RESPONSIVE INDUSTRIES LTD,0,1,0.01,INE688D01026,0915-1530|1815-1915:,2026-07-30,,NSE:RESPONIND-EQ,10,10,20323,RESPONIND,20323,-1.0,XX,101000000020323,,1,2.6
101000000024145,JHS SVENDGAARD RETAIL V L,0,1,0.01,INE03DD01011,0915-1530|1815-1915:,2026-07-30,,NSE:RETAIL-EQ,10,10,24145,RETAIL,24145,-1.0,XX,101000000024145,,0,0.0
10100000005309,REX PIPES AND CABLES LTD,0,1000,0.05,INE00D001018,0915-1530|1815-1915:,2026-07-30,,NSE:REXPIPES-SM,10,10,5309,REXPIPES,5309,-1.0,XX,10100000005309,,0,0.0
101000000029270,REXPRO ENTERPRISES LTD,0,1000,0.05,INE113601012,0915-1530|1815-1915:,2026-07-30,,NSE:REXPRO-SM,10,10,29270,REXPRO,29270,-1.0,XX,101000000029270,,0,0.0
1010000000763468,RFBL FLEXI PACK LIMITED,0,3000,0.05,INE0V2V01015,0915-1530|1815-1915:,2026-07-30,,NSE:RFBL-ST,10,10,763468,RFBL,763468,-1.0,XX,1010000000763468,,0,0.0
101000000015129,RENAISSANCE GLOBAL LTD,0,1,0.01,INE722H01024,0915-1530|1815-1915:,2026-07-30,,NSE:RGL-EQ,10,10,15129,RGL,15129,-1.0,XX,101000000015129,,1,2.0
1010000000759062,RHETAN TMT LIMITED,0,1,0.01,INE0KKN01029,0915-1530|1815-1915:,2026-07-30,,NSE:RHETAN-EQ,10,10,759062,RHETAN,759062,-1.0,XX,1010000000759062,,1,2.7
1010000000759204,RELIANCE HOME FINANCE LTD,0,1,0.01,INE217K01011,0915-1530|1815-1915:,2026-07-30,,NSE:RHFL-BZ,10,10,759204,RHFL,759204,-1.0,XX,1010000000759204,,0,0.0
101000000031163,RHI MAGNESITA INDIA LTD,0,1,0.05,INE743M01012,0915-1530|1815-1915:,2026-07-30,,NSE:RHIM-EQ,10,10,31163,RHIM,31163,-1.0,XX,101000000031163,,1,2.9
101000000015157,ROBUST HOTELS LIMITED,0,1,0.01,INE508K01013,0915-1530|1815-1915:,2026-07-30,,NSE:RHL-EQ,10,10,15157,RHL,15157,-1.0,XX,101000000015157,,0,0.0
10100000008212,RICHA INFO SYSTEMS LTD,0,1000,0.05,INE0J1P01015,0915-1530|1815-1915:,2026-07-30,,NSE:RICHA-ST,10,10,8212,RICHA,8212,-1.0,XX,10100000008212,,0,0.0
10100000002909,RICO AUTO INDUSTRIES LTD,0,1,0.01,INE209B01025,0915-1530|1815-1915:,2026-07-30,,NSE:RICOAUTO-EQ,10,10,2909,RICOAUTO,2909,-1.0,XX,10100000002909,,1,2.4
10100000002912,RELIANCE INDUSTRIAL INFRA,0,1,0.05,INE046A01015,0915-1530|1815-1915:,2026-07-30,,NSE:RIIL-EQ,10,10,2912,RIIL,2912,-1.0,XX,10100000002912,,1,3.0
1010000000762244,RAAJMARG INFRA INVEST T,0,1,0.01,INE2PB023011,0915-1530|1815-1915:,2026-07-30,,NSE:RIIT-IV,10,10,762244,RIIT,762244,-1.0,XX,1010000000762244,,0,0.0
10100000009854,RACHANA INFRA LTD,0,100,0.05,INE02OY01016,0915-1530|1815-1915:,2026-07-30,,NSE:RILINFRA-SM,10,10,9854,RILINFRA,9854,-1.0,XX,10100000009854,,0,0.0
1010000000764121,RIR POWER ELECTRONICS L,0,1,0.01,INE302D01024,0915-1530|1815-1915:,2026-07-30,,NSE:RIR-EQ,10,10,764121,RIR,764121,-1.0,XX,1010000000764121,,0,0.0
101000000018417,RISHABH INSTRUMENTS LTD,0,1,0.05,INE0N2P01017,0915-1530|1815-1915:,2026-07-30,,NSE:RISHABH-EQ,10,10,18417,RISHABH,18417,-1.0,XX,101000000018417,,1,2.0
10100000008944,RITCO LOGISTICS LIMITED,0,1,0.05,INE01EG01016,0915-1530|1815-1915:,2026-07-30,,NSE:RITCO-EQ,10,10,8944,RITCO,8944,-1.0,XX,10100000008944,,1,2.0
10100000003761,RITES LIMITED,0,1,0.01,INE320J01015,0915-1530|1815-1915:,2026-07-30,,NSE:RITES-EQ,10,10,3761,RITES,3761,-1.0,XX,10100000003761,,1,2.9
101000000011917,RITE ZONE CHEMCON IND LTD,0,1600,0.05,INE0MRA01019,0915-1530|1815-1915:,2026-07-30,,NSE:RITEZONE-ST,10,10,11917,RITEZONE,11917,-1.0,XX,101000000011917,,0,0.0
101000000020950,RAVI KUMAR DIST. LTD.,0,1,0.01,INE722J01012,0915-1530|1815-1915:,2026-07-30,,NSE:RKDL-EQ,10,10,20950,RKDL,20950,-1.0,XX,101000000020950,,0,0.0
10100000001547,RKEC PROJECTS LIMITED,0,1,0.01,INE786W01010,0915-1530|1815-1915:,2026-07-30,,NSE:RKEC-EQ,10,10,1547,RKEC,1547,-1.0,XX,10100000001547,,0,0.0
101000000011411,RAMKRISHNA FORGINGS LTD,0,1,0.05,INE399G01023,0915-1530|1815-1915:,2026-07-30,,NSE:RKFORGE-EQ,10,10,11411,RKFORGE,11411,-1.0,XX,101000000011411,,1,3.0
101000000023043,R K SWAMY LIMITED,0,1,0.01,INE0NQ801033,0915-1530|1815-1915:,2026-07-30,,NSE:RKSWAMY-EQ,10,10,23043,RKSWAMY,23043,-1.0,XX,101000000023043,,0,0.0
1010000000762346,RMC SWITCHGEARS LIMITED,0,1,0.05,INE655V01019,0915-1530|1815-1915:,2026-07-30,,NSE:RMC-EQ,10,10,762346,RMC,762346,-1.0,XX,1010000000762346,,0,0.0
1010000000757836,R M DRIP & SPRINK SYS LTD,0,1,0.01,INE219Y01026,0915-1530|1815-1915:,2026-07-30,,NSE:RMDRIP-BE,10,10,757836,RMDRIP,757836,-1.0,XX,1010000000757836,,1,1.0
101000000011975,RANE (MADRAS) LIMITED,0,1,0.1,INE050H01012,0915-1530|1815-1915:,2026-07-30,,NSE:RML-EQ,10,10,11975,RML,11975,-1.0,XX,101000000011975,,1,2.9
1010000000758981,R&B DENIMS LIMITED,0,1,0.01,INE012Q01039,0915-1530|1815-1915:,2026-07-30,,NSE:RNBDENIMS-EQ,10,10,758981,RNBDENIMS,758981,-1.0,XX,1010000000758981,,1,1.0
101000000024589,RNFI SERVICES LIMITED,0,600,0.05,INE0SA001017,0915-1530|1815-1915:,2026-07-30,,NSE:RNFI-SM,10,10,24589,RNFI,24589,-1.0,XX,101000000024589,,0,0.0
1010000000758157,RENOL POLYCHEM LIMITED,0,1200,0.05,INE0VZX01015,0915-1530|1815-1915:,2026-07-30,,NSE:RNPL-SM,10,10,758157,RNPL,758157,-1.0,XX,1010000000758157,,0,0.0
101000000020289,ROCKINGDEALS CIRCU ECO L,0,250,0.05,INE0PTR01012,0915-1530|1815-1915:,2026-07-30,,NSE:ROCKINGDCE-SM,10,10,20289,ROCKINGDCE,20289,-1.0,XX,101000000020289,,0,0.0
1010000000760033,ROCKINGDCE RS.5 PPD UP,0,1000,0.05,IN90PTR01010,0915-1530|1815-1915:,2026-07-30,,NSE:ROCKPP-E1,10,10,760033,ROCKPP,760033,-1.0,XX,1010000000760033,,0,0.0
101000000013182,ROYAL ORCHID HOTELS LTD,0,1,0.05,INE283H01019,0915-1530|1815-1915:,2026-07-30,,NSE:ROHLTD-EQ,10,10,13182,ROHLTD,13182,-1.0,XX,101000000013182,,1,2.0
10100000005279,ROLEX RINGS LIMITED,0,1,0.01,INE645S01024,0915-1530|1815-1915:,2026-07-30,,NSE:ROLEXRINGS-EQ,10,10,5279,ROLEXRINGS,5279,-1.0,XX,10100000005279,,1,2.9
101000000019108,ROLLATAINERS LIMITED,0,1,0.01,INE927A01040,0915-1530|1815-1915:,2026-07-30,,NSE:ROLLT-BE,10,10,19108,ROLLT,19108,-1.0,XX,101000000019108,,0,0.0
1010000000359,RAJ OIL MILLS LIMITED,0,1,0.01,INE294G01026,0915-1530|1815-1915:,2026-07-30,,NSE:ROML-EQ,10,10,359,ROML,359,-1.0,XX,1010000000359,,0,0.0
101000000019410,ROSSARI BIOTECH LIMITED,0,1,0.05,INE02A801020,0915-1530|1815-1915:,2026-07-30,,NSE:ROSSARI-EQ,10,10,19410,ROSSARI,19410,-1.0,XX,101000000019410,,1,2.0
101000000028913,ROSSELL INDIA LIMITED,0,1,0.01,INE847C01020,0915-1530|1815-1915:,2026-07-30,,NSE:ROSSELLIND-EQ,10,10,28913,ROSSELLIND,28913,-1.0,XX,101000000028913,,0,0.0
101000000027353,ROSSELL TECHSYS LIMITED,0,1,0.05,INE0OJW01016,0915-1530|1815-1915:,2026-07-30,,NSE:ROSSTECH-EQ,10,10,27353,ROSSTECH,27353,-1.0,XX,101000000027353,,1,2.4
10100000009049,ROTO PUMPS LIMITED,0,1,0.01,INE535D01037,0915-1530|1815-1915:,2026-07-30,,NSE:ROTO-EQ,10,10,9049,ROTO,9049,-1.0,XX,10100000009049,,1,2.7
1010000000128,ROUTE MOBILE LIMITED,0,1,0.05,INE450U01017,0915-1530|1815-1915:,2026-07-30,,NSE:ROUTE-EQ,10,10,128,ROUTE,128,-1.0,XX,1010000000128,,1,2.0
101000000020167,ROX HI TECH LIMITED,0,1600,0.05,INE0PDJ01013,0915-1530|1815-1915:,2026-07-30,,NSE:ROXHITECH-SM,10,10,20167,ROXHITECH,20167,-1.0,XX,101000000020167,,0,0.0
101000000029727,ROYAL ARC ELECTRODES LTD,0,1200,0.05,INE0EO401019,0915-1530|1815-1915:,2026-07-30,,NSE:ROYALARC-SM,10,10,29727,ROYALARC,29727,-1.0,XX,101000000029727,,0,0.0
101000000024735,RAGHAV PRODUCTIVITY ENH L,0,1,0.1,INE912T01018,0915-1530|1815-1915:,2026-07-30,,NSE:RPEL-EQ,10,10,24735,RPEL,24735,-1.0,XX,101000000024735,,1,1.0
101000000016725,RPG LIFE SCIENCES LTD,0,1,0.1,INE105J01010,0915-1530|1815-1915:,2026-07-30,,NSE:RPGLIFE-EQ,10,10,16725,RPGLIFE,16725,-1.0,XX,101000000016725,,1,2.0
101000000015259,RELIANCE POWER LTD.,0,1,0.01,INE614G01033,0915-1530|1815-1915:,2026-07-30,,NSE:RPOWER-EQ,10,10,15259,RPOWER,15259,-1.0,XX,101000000015259,,1,2.6
101000000020760,R.P.P INFRA PROJECTS LTD,0,1,0.01,INE324L01013,0915-1530|1815-1915:,2026-07-30,,NSE:RPPINFRA-EQ,10,10,20760,RPPINFRA,20760,-1.0,XX,101000000020760,,0,0.0
10100000006913,RAJSHREE POLYPACK LTD,0,1,0.01,INE760W01023,0915-1530|1815-1915:,2026-07-30,,NSE:RPPL-EQ,10,10,6913,RPPL,6913,-1.0,XX,10100000006913,,0,0.0
10100000008119,RPSG VENTURES LIMITED,0,1,0.05,INE425Y01011,0915-1530|1815-1915:,2026-07-30,,NSE:RPSGVENT-EQ,10,10,8119,RPSGVENT,8119,-1.0,XX,10100000008119,,1,2.0
101000000022670,RASHI PERIPHERALS LIMITED,0,1,0.05,INE0J1F01024,0915-1530|1815-1915:,2026-07-30,,NSE:RPTECH-EQ,10,10,22670,RPTECH,22670,-1.0,XX,101000000022670,,1,1.0
1010000000762864,R R I L LTD.,0,1,0.01,INE951M01037,0915-1530|1815-1915:,2026-07-30,,NSE:RRIL-EQ,10,10,762864,RRIL,762864,-1.0,XX,1010000000762864,,0,0.0
101000000018566,R R KABEL LIMITED,0,1,0.1,INE777K01022,0915-1530|1815-1915:,2026-07-30,,NSE:RRKABEL-EQ,10,10,18566,RRKABEL,18566,-1.0,XX,101000000018566,,1,2.9
1010000000762869,R S D FINANCE LTD.,0,1,0.01,INE616F01022,0915-1530|1815-1915:,2026-07-30,,NSE:RSDFIN-EQ,10,10,762869,RSDFIN,762869,-1.0,XX,1010000000762869,,0,0.0
1010000000761439,RAJPUTANA STAINLESS LTD,0,1,0.01,INE313L01016,0915-1530|1815-1915:,2026-07-30,,NSE:RSL-EQ,10,10,761439,RSL,761439,-1.0,XX,1010000000761439,,1,2.0
10100000008426,R. S. SOFTWARE (INDIA) LI,0,1,0.01,INE165B01029,0915-1530|1815-1915:,2026-07-30,,NSE:RSSOFTWARE-BE,10,10,8426,RSSOFTWARE,8426,-1.0,XX,10100000008426,,0,0.0
10100000007292,RSWM LIMITED,0,1,0.01,INE611A01016,0915-1530|1815-1915:,2026-07-30,,NSE:RSWM-BE,10,10,7292,RSWM,7292,-1.0,XX,10100000007292,,1,1.0
101000000013414,R SYS INTERNATIONAL LTD,0,1,0.01,INE411H01032,0915-1530|1815-1915:,2026-07-30,,NSE:RSYSTEMS-EQ,10,10,13414,RSYSTEMS,13414,-1.0,XX,101000000013414,,1,2.0
1010000000757777,RAMA TELECOM LIMITED,0,2000,0.05,INE14W901010,0915-1530|1815-1915:,2026-07-30,,NSE:RTL-SM,10,10,757777,RTL,757777,-1.0,XX,1010000000757777,,0,0.0
101000000027297,RATTANINDIA ENT LIMITED,0,1,0.01,INE834M01019,0915-1530|1815-1915:,2026-07-30,,NSE:RTNINDIA-EQ,10,10,27297,RTNINDIA,27297,-1.0,XX,101000000027297,,1,2.6
101000000017520,RATTANINDIA POWER LIMITED,0,1,0.01,INE399K01017,0915-1530|1815-1915:,2026-07-30,,NSE:RTNPOWER-EQ,10,10,17520,RTNPOWER,17520,-1.0,XX,101000000017520,,1,2.0
101000000024730,RUBFILA INTERNATIONAL LTD,0,1,0.01,INE642C01025,0915-1530|1815-1915:,2026-07-30,,NSE:RUBFILA-EQ,10,10,24730,RUBFILA,24730,-1.0,XX,101000000024730,,0,0.0
1010000000759316,RUBICON RESEARCH LIMITED,0,1,0.1,INE506V01022,0915-1530|1815-1915:,2026-07-30,,NSE:RUBICON-EQ,10,10,759316,RUBICON,759316,-1.0,XX,1010000000759316,,1,3.0
101000000010123,THE RUBY MILLS LTD,0,1,0.05,INE301D01026,0915-1530|1815-1915:,2026-07-30,,NSE:RUBYMILLS-BE,10,10,10123,RUBYMILLS,10123,-1.0,XX,101000000010123,,1,1.0
10100000004566,RUCHI INFRASTRUCTURE LTD,0,1,0.01,INE413B01023,0915-1530|1815-1915:,2026-07-30,,NSE:RUCHINFRA-EQ,10,10,4566,RUCHINFRA,4566,-1.0,XX,10100000004566,,0,0.0
101000000013821,RUCHIRA PAPERS LIMITED,0,1,0.01,INE803H01014,0915-1530|1815-1915:,2026-07-30,,NSE:RUCHIRA-EQ,10,10,13821,RUCHIRA,13821,-1.0,XX,101000000013821,,0,0.0
1010000000760392,RUDRA GLOBAL INFRA PROD L,0,1,0.01,INE027T01023,0915-1530|1815-1915:,2026-07-30,,NSE:RUDRA-EQ,10,10,760392,RUDRA,760392,-1.0,XX,1010000000760392,,0,0.0
101000000023830,RULKA ELECTRICALS LIMITED,0,300,0.05,INE0R7301013,0915-1530|1815-1915:,2026-07-30,,NSE:RULKA-SM,10,10,23830,RULKA,23830,-1.0,XX,101000000023830,,0,0.0
101000000025724,RUPA & COMPANY LTD,0,1,0.01,INE895B01021,0915-1530|1815-1915:,2026-07-30,,NSE:RUPA-EQ,10,10,25724,RUPA,25724,-1.0,XX,101000000025724,,1,2.0
101000000024595,RUSHIL DECOR LIMITED,0,1,0.01,INE573K01025,0915-1530|1815-1915:,2026-07-30,,NSE:RUSHIL-EQ,10,10,24595,RUSHIL,24595,-1.0,XX,101000000024595,,0,0.0
101000000012219,KEYSTONE REALTORS LIMITED,0,1,0.05,INE263M01029,0915-1530|1815-1915:,2026-07-30,,NSE:RUSTOMJEE-EQ,10,10,12219,RUSTOMJEE,12219,-1.0,XX,101000000012219,,1,3.2
10100000001565,RAVINDER HEIGHTS LIMITED,0,1,0.01,INE09E501017,0915-1530|1815-1915:,2026-07-30,,NSE:RVHL-EQ,10,10,1565,RVHL,1565,-1.0,XX,10100000001565,,0,0.0
10100000009552,RAIL VIKAS NIGAM LIMITED,0,1,0.01,INE415G01027,0915-1530|1815-1915:,2026-07-30,,NSE:RVNL-EQ,10,10,9552,RVNL,9552,-1.0,XX,10100000009552,,1,2.9
101000000025157,REVATHI EQUIPMENT INDIA L,0,1,0.05,INE0DAB01012,0915-1530|1815-1915:,2026-07-30,,NSE:RVTH-EQ,10,10,25157,RVTH,25157,-1.0,XX,101000000025157,,0,0.0
10100000002951,S&S POWER SWITCHGEARS LTD,0,1,0.05,INE902B01017,0915-1530|1815-1915:,2026-07-30,,NSE:S&SPOWER-EQ,10,10,2951,S&SPOWER,2951,-1.0,XX,10100000002951,,0,0.0
101000000019112,SAAKSHI MEDTEC N PANELS L,0,600,0.05,INE0PSK01027,0915-1530|1815-1915:,2026-07-30,,NSE:SAAKSHI-ST,10,10,19112,SAAKSHI,19112,-1.0,XX,101000000019112,,0,0.0
1010000000759057,SAATVIK GREEN ENERGY LTD,0,1,0.05,INE13B501022,0915-1530|1815-1915:,2026-07-30,,NSE:SAATVIKGL-EQ,10,10,759057,SAATVIKGL,759057,-1.0,XX,1010000000759057,,1,3.1
101000000010982,SABAR FLEX INDIA LIMITED,0,5000,0.05,INE0DZ101013,0915-1530|1815-1915:,2026-07-30,,NSE:SABAR-SM,10,10,10982,SABAR,10982,-1.0,XX,101000000010982,,0,0.0
101000000018497,SAB EVENTS & GOVERNANCE,0,1,0.01,INE860T01019,0915-1530|1815-1915:,2026-07-30,,NSE:SABEVENTS-EQ,10,10,18497,SABEVENTS,18497,-1.0,XX,101000000018497,,0,0.0
1010000000757409,SACHEEROME LIMITED,0,300,0.05,INE1ARD01016,0915-1530|1815-1915:,2026-07-30,,NSE:SACHEEROME-SM,10,10,757409,SACHEEROME,757409,-1.0,XX,1010000000757409,,0,0.0
101000000013236,SADBHAV ENGINEERING LTD,0,1,0.01,INE226H01026,0915-1530|1815-1915:,2026-07-30,,NSE:SADBHAV-EQ,10,10,13236,SADBHAV,13236,-1.0,XX,101000000013236,,0,0.0
101000000010622,SADBHAV INFRA PROJ LTD.,0,1,0.01,INE764L01010,0915-1530|1815-1915:,2026-07-30,,NSE:SADBHIN-BE,10,10,10622,SADBHIN,10622,-1.0,XX,101000000010622,,0,0.0
101000000022897,SADHAV SHIPPING LIMITED,0,600,0.05,INE0K5H01010,0915-1530|1815-1915:,2026-07-30,,NSE:SADHAV-SM,10,10,22897,SADHAV,22897,-1.0,XX,101000000022897,,0,0.0
101000000015349,SADHANA NITROCHEM LIMITED,0,1,0.01,INE888C01040,0915-1530|1815-1915:,2026-07-30,,NSE:SADHNANIQ-BE,10,10,15349,SADHNANIQ,15349,-1.0,XX,101000000015349,,0,0.0
101000000013035,SAFARI IND (INDIA) LTD,0,1,0.1,INE429E01023,0915-1530|1815-1915:,2026-07-30,,NSE:SAFARI-EQ,10,10,13035,SAFARI,13035,-1.0,XX,101000000013035,,1,3.0
1010000000757583,SAFE ENTER RETAIL FIX LTD,0,500,0.05,INE17D601016,0915-1530|1815-1915:,2026-07-30,,NSE:SAFEENTP-SM,10,10,757583,SAFEENTP,757583,-1.0,XX,1010000000757583,,0,0.0
10100000008175,SAGARDEEP ALLOYS LIMITED,0,1,0.01,INE976T01013,0915-1530|1815-1915:,2026-07-30,,NSE:SAGARDEEP-EQ,10,10,8175,SAGARDEEP,8175,-1.0,XX,10100000008175,,0,0.0
101000000014068,SAGAR CEMENTS LIMITED,0,1,0.01,INE229C01021,0915-1530|1815-1915:,2026-07-30,,NSE:SAGCEM-EQ,10,10,14068,SAGCEM,14068,-1.0,XX,101000000014068,,1,2.0
101000000027052,SAGILITY LIMITED,0,1,0.01,INE0W2G01015,0915-1530|1815-1915:,2026-07-30,,NSE:SAGILITY-EQ,10,10,27052,SAGILITY,27052,-1.0,XX,101000000027052,,1,3.0
101000000024478,SAHAJ SOLAR LIMITED,0,400,0.05,INE0P4701011,0915-1530|1815-1915:,2026-07-30,,NSE:SAHAJSOLAR-SM,10,10,24478,SAHAJSOLAR,24478,-1.0,XX,101000000024478,,0,0.0
101000000016711,SAHANA SYSTEM LIMITED,0,150,0.05,INE0LEX01011,0915-1530|1815-1915:,2026-07-30,,NSE:SAHANA-SM,10,10,16711,SAHANA,16711,-1.0,XX,101000000016711,,0,0.0
101000000025671,SAHASRA ELECTRONIC SOLU L,0,400,0.05,INE0RBQ01018,0915-1530|1815-1915:,2026-07-30,,NSE:SAHASRA-ST,10,10,25671,SAHASRA,25671,-1.0,XX,101000000025671,,0,0.0
1010000000761688,SHALIBHADRA FINANCE LTD,0,1,0.01,INE861D01011,0915-1530|1815-1915:,2026-07-30,,NSE:SAHLIBHFI-EQ,10,10,761688,SAHLIBHFI,761688,-1.0,XX,1010000000761688,,0,0.0
101000000014900,SAHYADRI INDUSTRIES LTD,0,1,0.05,INE280H01015,0915-1530|1815-1915:,2026-07-30,,NSE:SAHYADRI-EQ,10,10,14900,SAHYADRI,14900,-1.0,XX,101000000014900,,0,0.0
101000000021096,SAMEERA AGRO AND INFRA L,0,4000,0.05,INE0PZA01015,0915-1530|1815-1915:,2026-07-30,,NSE:SAIFL-SM,10,10,21096,SAIFL,21096,-1.0,XX,101000000021096,,0,0.0
10100000002963,STEEL AUTHORITY OF INDIA,0,1,0.01,INE114A01011,0915-1530|1815-1915:,2026-07-30,,NSE:SAIL-EQ,10,10,2963,SAIL,2963,-1.0,XX,10100000002963,,1,3.0
101000000027839,SAI LIFE SCIENCES LIMITED,0,1,0.1,INE570L01029,0915-1530|1815-1915:,2026-07-30,,NSE:SAILIFE-EQ,10,10,27839,SAILIFE,27839,-1.0,XX,101000000027839,,1,3.1
1010000000761675,SAI PARENTERALS LIMITED,0,1,0.05,INE0H9F01037,0915-1530|1815-1915:,2026-07-30,,NSE:SAIPARENT-EQ,10,10,761675,SAIPARENT,761675,-1.0,XX,1010000000761675,,1,3.7
101000000025715,SAJ HOTELS LIMITED,0,2000,0.05,INE00MT01022,0915-1530|1815-1915:,2026-07-30,,NSE:SAJHOTELS-ST,10,10,25715,SAJHOTELS,25715,-1.0,XX,101000000025715,,0,0.0
10100000009539,SAKAR HEALTHCARE LIMITED,0,1,0.05,INE732S01012,0915-1530|1815-1915:,2026-07-30,,NSE:SAKAR-EQ,10,10,9539,SAKAR,9539,-1.0,XX,10100000009539,,1,2.0
10100000002969,SAKTHI SUGARS LTD,0,1,0.01,INE623A01011,0915-1530|1815-1915:,2026-07-30,,NSE:SAKHTISUG-EQ,10,10,2969,SAKHTISUG,2969,-1.0,XX,10100000002969,,0,0.0
101000000011794,SAKSOFT LIMITED,0,1,0.01,INE667G01023,0915-1530|1815-1915:,2026-07-30,,NSE:SAKSOFT-EQ,10,10,11794,SAKSOFT,11794,-1.0,XX,101000000011794,,1,2.5
101000000013251,SAKUMA EXPORTS LIMITED,0,1,0.01,INE190H01024,0915-1530|1815-1915:,2026-07-30,,NSE:SAKUMA-EQ,10,10,13251,SAKUMA,13251,-1.0,XX,101000000013251,,0,0.0
101000000021362,SALASAR TECHNO ENGG. LTD.,0,1,0.01,INE170V01027,0915-1530|1815-1915:,2026-07-30,,NSE:SALASAR-EQ,10,10,21362,SALASAR,21362,-1.0,XX,101000000021362,,1,2.0
101000000017351,SALONA COTSPIN LTD.,0,1,0.05,INE498E01010,0915-1530|1815-1915:,2026-07-30,,NSE:SALONA-EQ,10,10,17351,SALONA,17351,-1.0,XX,101000000017351,,0,0.0
101000000011637,S.A.L. STEEL LTD.,0,1,0.01,INE658G01014,0915-1530|1815-1915:,2026-07-30,,NSE:SALSTEEL-BE,10,10,11637,SALSTEEL,11637,-1.0,XX,101000000011637,,0,0.0
101000000011399,SALZER ELECTRONICS LTD,0,1,0.05,INE457F01013,0915-1530|1815-1915:,2026-07-30,,NSE:SALZERELEC-EQ,10,10,11399,SALZERELEC,11399,-1.0,XX,101000000011399,,1,2.0
1010000000756851,SAMAY PROJECT SERVICES L,0,4000,0.05,INE124101010,0915-1530|1815-1915:,2026-07-30,,NSE:SAMAY-ST,10,10,756851,SAMAY,756851,-1.0,XX,1010000000756851,,0,0.0
10100000004127,SAMBHAAV MEDIA LTD,0,1,0.01,INE699B01027,0915-1530|1815-1915:,2026-07-30,,NSE:SAMBHAAV-EQ,10,10,4127,SAMBHAAV,4127,-1.0,XX,10100000004127,,0,0.0
1010000000757767,SAMBHV STEEL TUBES LTD,0,1,0.01,INE12NJ01018,0915-1530|1815-1915:,2026-07-30,,NSE:SAMBHV-EQ,10,10,757767,SAMBHV,757767,-1.0,XX,1010000000757767,,1,2.0
101000000018614,SAMHI HOTELS LIMITED,0,1,0.01,INE08U801020,0915-1530|1815-1915:,2026-07-30,,NSE:SAMHI-EQ,10,10,18614,SAMHI,18614,-1.0,XX,101000000018614,,1,2.9
101000000030125,SAMMAAN CAPITAL LIMITED,0,1,0.01,INE148I01020,0915-1530|1815-1915:,2026-07-30,,NSE:SAMMAANCAP-EQ,10,10,30125,SAMMAANCAP,30125,-1.0,XX,101000000030125,,1,2.9
101000000027303,SAMPANN UTPADAN INDIA LTD,0,1,0.01,INE735M01018,0915-1530|1815-1915:,2026-07-30,,NSE:SAMPANN-EQ,10,10,27303,SAMPANN,27303,-1.0,XX,101000000027303,,0,0.0
101000000028805,SANATHAN TEXTILES LIMITED,0,1,0.05,INE0JPD01013,0915-1530|1815-1915:,2026-07-30,,NSE:SANATHAN-EQ,10,10,28805,SANATHAN,28805,-1.0,XX,101000000028805,,1,2.0
10100000002988,SANDESH LTD,0,1,0.05,INE583B01015,0915-1530|1815-1915:,2026-07-30,,NSE:SANDESH-EQ,10,10,2988,SANDESH,2988,-1.0,XX,10100000002988,,0,0.0
10100000002397,SANDHAR TECHNOLOGIES LTD,0,1,0.05,INE278H01035,0915-1530|1815-1915:,2026-07-30,,NSE:SANDHAR-EQ,10,10,2397,SANDHAR,2397,-1.0,XX,10100000002397,,1,2.8
101000000018359,SANDUR MANG & IRON ORES L,0,1,0.01,INE149K01016,0915-1530|1815-1915:,2026-07-30,,NSE:SANDUMA-EQ,10,10,18359,SANDUMA,18359,-1.0,XX,101000000018359,,1,2.6
10100000004184,SANGAM (INDIA) LTD,0,1,0.05,INE495C01010,0915-1530|1815-1915:,2026-07-30,,NSE:SANGAMIND-EQ,10,10,4184,SANGAMIND,4184,-1.0,XX,10100000004184,,1,2.0
101000000018035,SANGANI HOSPITALS LIMITED,0,1500,0.05,INE0OVI01010,0915-1530|1815-1915:,2026-07-30,,NSE:SANGANI-SM,10,10,18035,SANGANI,18035,-1.0,XX,101000000018035,,0,0.0
101000000014058,SANGHVI MOVERS LTD,0,1,0.05,INE989A01032,0915-1530|1815-1915:,2026-07-30,,NSE:SANGHVIMOV-EQ,10,10,14058,SANGHVIMOV,14058,-1.0,XX,101000000014058,,1,2.5
101000000011033,SANGINITA CHEMICALS LTD,0,1,0.01,INE753W01010,0915-1530|1815-1915:,2026-07-30,,NSE:SANGINITA-BE,10,10,11033,SANGINITA,11033,-1.0,XX,101000000011033,,0,0.0
10100000001442,SANOFI INDIA LIMITED,0,1,0.1,INE058A01010,0915-1530|1815-1915:,2026-07-30,,NSE:SANOFI-EQ,10,10,1442,SANOFI,1442,-1.0,XX,10100000001442,,1,3.7
101000000025222,SANOFI CONS HEALTHC IND L,0,1,0.1,INE0UOS01011,0915-1530|1815-1915:,2026-07-30,,NSE:SANOFICONR-EQ,10,10,25222,SANOFICONR,25222,-1.0,XX,101000000025222,,1,3.3
10100000005751,SANSERA ENGINEERING LTD,0,1,0.1,INE953O01021,0915-1530|1815-1915:,2026-07-30,,NSE:SANSERA-EQ,10,10,5751,SANSERA,5751,-1.0,XX,10100000005751,,1,2.9
101000000024582,SANSTAR LIMITED,0,1,0.01,INE08NE01025,0915-1530|1815-1915:,2026-07-30,,NSE:SANSTAR-EQ,10,10,24582,SANSTAR,24582,-1.0,XX,101000000024582,,1,2.9
101000000046,SANWARIA CONSUMER LIMITED,0,1,0.01,INE890C01046,0915-1530|1815-1915:,2026-07-30,,NSE:SANWARIA-BZ,10,10,46,SANWARIA,46,-1.0,XX,101000000046,,0,0.0
10100000006718,SAPPHIRE FOODS INDIA LTD,0,1,0.01,INE806T01020,0915-1530|1815-1915:,2026-07-30,,NSE:SAPPHIRE-EQ,10,10,6718,SAPPHIRE,6718,-1.0,XX,10100000006718,,1,2.9
1010000000762874,SHREE AJIT PULP & PAPER L,0,1,0.05,INE185C01017,0915-1530|1815-1915:,2026-07-30,,NSE:SAPPL-EQ,10,10,762874,SAPPL,762874,-1.0,XX,1010000000762874,,0,0.0
101000000017758,SARDA ENERGY & MIN LTD,0,1,0.05,INE385C01021,0915-1530|1815-1915:,2026-07-30,,NSE:SARDAEN-EQ,10,10,17758,SARDAEN,17758,-1.0,XX,101000000017758,,1,2.9
10100000004892,SAREGAMA INDIA LIMITED,0,1,0.05,INE979A01025,0915-1530|1815-1915:,2026-07-30,,NSE:SAREGAMA-EQ,10,10,4892,SAREGAMA,4892,-1.0,XX,10100000004892,,1,2.9
101000000014043,SARLA PERF. FIBERS LTD,0,1,0.01,INE453D01025,0915-1530|1815-1915:,2026-07-30,,NSE:SARLAPOLY-EQ,10,10,14043,SARLAPOLY,14043,-1.0,XX,101000000014043,,1,2.0
101000000018506,SAROJA PHARMA INDUS IND L,0,1600,0.05,INE0PCL01011,0915-1530|1815-1915:,2026-07-30,,NSE:SAROJA-SM,10,10,18506,SAROJA,18506,-1.0,XX,101000000018506,,0,0.0
101000000019863,SAR TELEVENTURE LIMITED,0,500,0.05,INE0PUC01020,0915-1530|1815-1915:,2026-07-30,,NSE:SARTELE-SM,10,10,19863,SARTELE,19863,-1.0,XX,101000000019863,,0,0.0
101000000012913,SARVESHWAR FOODS LIMITED,0,1,0.01,INE324X01026,0915-1530|1815-1915:,2026-07-30,,NSE:SARVESHWAR-EQ,10,10,12913,SARVESHWAR,12913,-1.0,XX,101000000012913,,0,0.0
101000000011983,SASKEN TECHNOLOGIES LTD,0,1,0.1,INE231F01020,0915-1530|1815-1915:,2026-07-30,,NSE:SASKEN-EQ,10,10,11983,SASKEN,11983,-1.0,XX,101000000011983,,1,1.0
101000000024674,S A TECH SOFTWARE INDIA L,0,1000,0.05,INE0BSN01013,0915-1530|1815-1915:,2026-07-30,,NSE:SATECH-SM,10,10,24674,SATECH,24674,-1.0,XX,101000000024674,,0,0.0
101000000011045,SATIA INDUSTRIES LIMITED,0,1,0.01,INE170E01023,0915-1530|1815-1915:,2026-07-30,,NSE:SATIA-EQ,10,10,11045,SATIA,11045,-1.0,XX,101000000011045,,0,0.0
101000000010453,SATIN CREDIT NET LTD,0,1,0.01,INE836B01017,0915-1530|1815-1915:,2026-07-30,,NSE:SATIN-EQ,10,10,10453,SATIN,10453,-1.0,XX,101000000010453,,1,3.1
101000000024507,SATI POLY PLAST LIMITED,0,500,0.05,INE0RPM01017,0915-1530|1815-1915:,2026-07-30,,NSE:SATIPOLY-ST,10,10,24507,SATIPOLY,24507,-1.0,XX,101000000024507,,0,0.0
101000000029154,SAT KARTAR LIFE LIMITED,0,800,0.05,INE0NB801022,0915-1530|1815-1915:,2026-07-30,,NSE:SATKARTAR-ST,10,10,29154,SATKARTAR,29154,-1.0,XX,101000000029154,,0,0.0
1010000000758960,SATTVA ENGINEERING CSTN L,0,1600,0.05,INE14DW01018,0915-1530|1815-1915:,2026-07-30,,NSE:SATTVAENGG-SM,10,10,758960,SATTVAENGG,758960,-1.0,XX,1010000000758960,,0,0.0
10100000003018,SAURASHTRA CEMENT LIMITED,0,1,0.01,INE626A01014,0915-1530|1815-1915:,2026-07-30,,NSE:SAURASHCEM-EQ,10,10,3018,SAURASHCEM,3018,-1.0,XX,10100000003018,,1,1.0
1010000000757704,SAVY INFRA AND LOGI LTD,0,1200,0.05,INE0UCN01017,0915-1530|1815-1915:,2026-07-30,,NSE:SAVY-SM,10,10,757704,SAVY,757704,-1.0,XX,1010000000757704,,0,0.0
1010000000758444,SAWALIYA FOOD PRODUCTS L,0,600,0.05,INE10VS01016,0915-1530|1815-1915:,2026-07-30,,NSE:SAWALIYA-SM,10,10,758444,SAWALIYA,758444,-1.0,XX,1010000000758444,,0,0.0
1010000000762879,SAYAJI HOTELS LTD.,0,1,0.05,INE318C01014,0915-1530|1815-1915:,2026-07-30,,NSE:SAYAJIHOTL-EQ,10,10,762879,SAYAJIHOTL,762879,-1.0,XX,1010000000762879,,0,0.0
10100000006792,SBC EXPORTS LIMITED,0,1,0.01,INE04AK01028,0915-1530|1815-1915:,2026-07-30,,NSE:SBC-EQ,10,10,6792,SBC,6792,-1.0,XX,10100000006792,,0,0.0
10100000004656,SHIVALIK BIMETAL CON. LTD,0,1,0.05,INE386D01027,0915-1530|1815-1915:,2026-07-30,,NSE:SBCL-EQ,10,10,4656,SBCL,4656,-1.0,XX,10100000004656,,1,2.7
101000000018026,SBFC FINANCE LIMITED,0,1,0.01,INE423Y01016,0915-1530|1815-1915:,2026-07-30,,NSE:SBFC-EQ,10,10,18026,SBFC,18026,-1.0,XX,101000000018026,,1,3.2
101000000014139,SURATWWALA BUS GROUP LTD,0,1,0.01,INE05ST01028,0915-1530|1815-1915:,2026-07-30,,NSE:SBGLP-EQ,10,10,14139,SBGLP,14139,-1.0,XX,101000000014139,,0,0.0
101000000017971,SBI CARDS & PAY SER LTD,0,1,0.05,INE018E01016,0915-1530|1815-1915:,2026-07-30,,NSE:SBICARD-EQ,10,10,17971,SBICARD,17971,-1.0,XX,101000000017971,,1,3.4
1010000000764173,SBI FUNDS MANAGEMENT LTD,0,1,0.05,INE640G01020,0915-1530|1815-1915:,2026-07-30,,NSE:SBIFUNDS-EQ,10,10,764173,SBIFUNDS,764173,-1.0,XX,1010000000764173,,0,0.0
101000000021808,SBI LIFE INSURANCE CO LTD,0,1,0.1,INE123W01016,0915-1530|1815-1915:,2026-07-30,,NSE:SBILIFE-EQ,10,10,21808,SBILIFE,21808,-1.0,XX,101000000021808,,1,3.7
10100000003045,STATE BANK OF INDIA,0,1,0.1,INE062A01020,0915-1530|1815-1915:,2026-07-30,,NSE:SBIN-EQ,10,10,3045,SBIN,3045,-1.0,XX,10100000003045,,1,3.6
1010000000762884,SCAN STEELS LTD.,0,1,0.01,INE099G01011,0915-1530|1815-1915:,2026-07-30,,NSE:SCANSTL-EQ,10,10,762884,SCANSTL,762884,-1.0,XX,1010000000762884,,0,0.0
10100000001011,SCHAEFFLER INDIA LIMITED,0,1,0.1,INE513A01022,0915-1530|1815-1915:,2026-07-30,,NSE:SCHAEFFLER-EQ,10,10,1011,SCHAEFFLER,1011,-1.0,XX,10100000001011,,1,3.3
101000000020698,S CHAND AND COMPANY LTD,0,1,0.01,INE807K01035,0915-1530|1815-1915:,2026-07-30,,NSE:SCHAND-EQ,10,10,20698,SCHAND,20698,-1.0,XX,101000000020698,,0,0.0
101000000031234,SCHNEIDER ELECTRIC INFRA,0,1,0.1,INE839M01018,0915-1530|1815-1915:,2026-07-30,,NSE:SCHNEIDER-EQ,10,10,31234,SCHNEIDER,31234,-1.0,XX,101000000031234,,1,2.5
10100000003048,SHIPPING CORP OF INDIA LT,0,1,0.05,INE109A01011,0915-1530|1815-1915:,2026-07-30,,NSE:SCI-EQ,10,10,3048,SCI,3048,-1.0,XX,10100000003048,,1,2.7
101000000023127,SHIPPING CORP OF ILA LTD,0,1,0.01,INE0PB301013,0915-1530|1815-1915:,2026-07-30,,NSE:SCILAL-EQ,10,10,23127,SCILAL,23127,-1.0,XX,101000000023127,,1,2.0
101000000019469,SHARP CHUCKS N MACHINES L,0,1000,0.05,INE460Q01014,0915-1530|1815-1915:,2026-07-30,,NSE:SCML-SM,10,10,19469,SCML,19469,-1.0,XX,101000000019469,,0,0.0
1010000000757478,SCODA TUBES LIMITED,0,1,0.01,INE090501011,0915-1530|1815-1915:,2026-07-30,,NSE:SCODATUBES-EQ,10,10,757478,SCODATUBES,757478,-1.0,XX,1010000000757478,,1,2.0
101000000012072,SHEETAL COOL PRODUCTS LTD,0,1,0.05,INE501Y01019,0915-1530|1815-1915:,2026-07-30,,NSE:SCPL-EQ,10,10,12072,SCPL,12072,-1.0,XX,101000000012072,,1,1.0
10100000001338,SOM DIST & BREW LTD,0,1,0.01,INE480C01038,0915-1530|1815-1915:,2026-07-30,,NSE:SDBL-EQ,10,10,1338,SDBL,1338,-1.0,XX,10100000001338,,1,2.0
101000000025528,S D RETAIL LIMITED,0,1000,0.05,INE0X6F01017,0915-1530|1815-1915:,2026-07-30,,NSE:SDREAMS-SM,10,10,25528,SDREAMS,25528,-1.0,XX,101000000025528,,0,0.0
10100000002616,SEAMEC LIMITED,0,1,0.1,INE497B01018,0915-1530|1815-1915:,2026-07-30,,NSE:SEAMECLTD-EQ,10,10,2616,SEAMECLTD,2616,-1.0,XX,10100000002616,,1,2.0
101000000019496,SECMARK CONSULTANCY LTD,0,1,0.01,INE0BTM01013,0915-1530|1815-1915:,2026-07-30,,NSE:SECMARK-EQ,10,10,19496,SECMARK,19496,-1.0,XX,101000000019496,,0,0.0
101000000011058,SECUREKLOUD TECH LIMITED,0,1,0.01,INE650K01021,0915-1530|1815-1915:,2026-07-30,,NSE:SECURKLOUD-EQ,10,10,11058,SECURKLOUD,11058,-1.0,XX,101000000011058,,0,0.0
1010000000761153,SEDEMAC MECHATRONICS LTD,0,1,0.1,INE00XB01019,0915-1530|1815-1915:,2026-07-30,,NSE:SEDEMAC-EQ,10,10,761153,SEDEMAC,761153,-1.0,XX,1010000000761153,,1,3.3
1010000000762889,SHANTI EDU INITIATIVES L,0,1,0.01,INE440T01028,0915-1530|1815-1915:,2026-07-30,,NSE:SEIL-EQ,10,10,762889,SEIL,762889,-1.0,XX,1010000000762889,,1,2.4
10100000007094,SEJAL GLASS LIMITED,0,1,0.05,INE955I01044,0915-1530|1815-1915:,2026-07-30,,NSE:SEJALLTD-BE,10,10,7094,SEJALLTD,7094,-1.0,XX,10100000007094,,0,0.0
101000000018264,SUNGARNER ENERGIES LTD,0,200,0.05,INE0O3O01017,0915-1530|1815-1915:,2026-07-30,,NSE:SEL-SM,10,10,18264,SEL,18264,-1.0,XX,101000000018264,,0,0.0
1010000000757982,SELLOWRAP INDUSTRIES LTD,0,1600,0.05,INE0IJF01013,0915-1530|1815-1915:,2026-07-30,,NSE:SELLOWRAP-SM,10,10,757982,SELLOWRAP,757982,-1.0,XX,1010000000757982,,0,0.0
10100000006262,SEL MANUFACTURING CO LTD,0,1,0.01,INE105I01020,0915-1530|1815-1915:,2026-07-30,,NSE:SELMC-EQ,10,10,6262,SELMC,6262,-1.0,XX,10100000006262,,0,0.0
101000000011964,SEMAC CONSTRUCTION LTD,0,1,0.05,INE617A01013,0915-1530|1815-1915:,2026-07-30,,NSE:SEMAC-BE,10,10,11964,SEMAC,11964,-1.0,XX,101000000011964,,0,0.0
101000000017271,SENCO GOLD LIMITED,0,1,0.05,INE602W01027,0915-1530|1815-1915:,2026-07-30,,NSE:SENCO-EQ,10,10,17271,SENCO,17271,-1.0,XX,101000000017271,,1,2.8
101000000028888,SENORES PHARMACEUTICALS L,0,1,0.1,INE0RB801010,0915-1530|1815-1915:,2026-07-30,,NSE:SENORES-EQ,10,10,28888,SENORES,28888,-1.0,XX,101000000028888,,1,2.9
101000000015308,SEPC LIMITED,0,1,0.01,INE964H01014,0915-1530|1815-1915:,2026-07-30,,NSE:SEPC-EQ,10,10,15308,SEPC,15308,-1.0,XX,101000000015308,,1,2.3
101000000017399,SERVICE CARE LIMITED,0,2000,0.05,INE0P1Q01015,0915-1530|1815-1915:,2026-07-30,,NSE:SERVICE-SM,10,10,17399,SERVICE,17399,-1.0,XX,101000000017399,,0,0.0
10100000005507,SERVOTECH REN POW SYS LTD,0,1,0.01,INE782X01033,0915-1530|1815-1915:,2026-07-30,,NSE:SERVOTECH-EQ,10,10,5507,SERVOTECH,5507,-1.0,XX,10100000005507,,1,2.4
10100000003066,SESHASAYEE PAPER & BOARDS,0,1,0.01,INE630A01024,0915-1530|1815-1915:,2026-07-30,,NSE:SESHAPAPER-EQ,10,10,3066,SESHAPAPER,3066,-1.0,XX,10100000003066,,1,2.0
101000000017518,SETCO AUTOMOTIVE LTD,0,1,0.01,INE878E01021,0915-1530|1815-1915:,2026-07-30,,NSE:SETCO-BE,10,10,17518,SETCO,17518,-1.0,XX,101000000017518,,0,0.0
101000000029075,STANDARD ENGNG TCNLGY LTD,0,1,0.05,INE0M4D01010,0915-1530|1815-1915:,2026-07-30,,NSE:SETL-EQ,10,10,29075,SETL,29075,-1.0,XX,101000000029075,,1,1.0
101000000018024,SETUBANDHAN INFRA LTD,0,1,0.01,INE023M01027,0915-1530|1815-1915:,2026-07-30,,NSE:SETUINFRA-BZ,10,10,18024,SETUINFRA,18024,-1.0,XX,101000000018024,,0,0.0
101000000010836,SEYA INDUSTRIES LIMITED,0,1,0.01,INE573R01012,0915-1530|1815-1915:,2026-07-30,,NSE:SEYAIND-BE,10,10,10836,SEYAIND,10836,-1.0,XX,101000000010836,,0,0.0
101000000019184,SHEELA FOAM LIMITED,0,1,0.05,INE916U01025,0915-1530|1815-1915:,2026-07-30,,NSE:SFL-EQ,10,10,19184,SFL,19184,-1.0,XX,101000000019184,,1,3.0
101000000028069,SUPREME FACILITY MGMT LTD,0,1600,0.05,INE0U6N01014,0915-1530|1815-1915:,2026-07-30,,NSE:SFML-SM,10,10,28069,SFML,28069,-1.0,XX,101000000028069,,0,0.0
1010000000758853,SG FINSERVE LIMITED,0,1,0.05,INE618R01015,0915-1530|1815-1915:,2026-07-30,,NSE:SGFIN-EQ,10,10,758853,SGFIN,758853,-1.0,XX,1010000000758853,,1,2.8
10100000005114,SYNERGY GREEN IND. LTD,0,1,0.05,INE00QT01015,0915-1530|1815-1915:,2026-07-30,,NSE:SGIL-EQ,10,10,5114,SGIL,5114,-1.0,XX,10100000005114,,1,2.0
101000000013367,STL GLOBAL LIMITED,0,1,0.01,INE353H01010,0915-1530|1815-1915:,2026-07-30,,NSE:SGL-EQ,10,10,13367,SGL,13367,-1.0,XX,101000000013367,,0,0.0
1010000000758889,SG MART LIMITED,0,1,0.05,INE385F01024,0915-1530|1815-1915:,2026-07-30,,NSE:SGMART-EQ,10,10,758889,SGMART,758889,-1.0,XX,1010000000758889,,1,2.9
1010000000761469,SHADOWFAX TECHNOLOGIES L,0,1,0.01,INE12UN01015,0915-1530|1815-1915:,2026-07-30,,NSE:SHADOWFAX-EQ,10,10,761469,SHADOWFAX,761469,-1.0,XX,1010000000761469,,1,1.0
101000000020296,SHAH METACORP LIMITED,0,1,0.01,INE482J01021,0915-1530|1815-1915:,2026-07-30,,NSE:SHAH-EQ,10,10,20296,SHAH,20296,-1.0,XX,101000000020296,,0,0.0
101000000011856,SHAH ALLOYS LIMITED,0,1,0.01,INE640C01011,0915-1530|1815-1915:,2026-07-30,,NSE:SHAHALLOYS-EQ,10,10,11856,SHAHALLOYS,11856,-1.0,XX,101000000011856,,0,0.0
10100000008727,SHAILY ENG PLASTICS LTD,0,1,0.1,INE151G01028,0915-1530|1815-1915:,2026-07-30,,NSE:SHAILY-EQ,10,10,8727,SHAILY,8727,-1.0,XX,10100000008727,,1,2.6
101000000010684,SHAIVAL REALITY LIMITED,0,3600,0.05,INE262S01010,0915-1530|1815-1915:,2026-07-30,,NSE:SHAIVAL-ST,10,10,10684,SHAIVAL,10684,-1.0,XX,101000000010684,,0,0.0
101000000025574,SHAKTI PUMPS (I) LTD,0,1,0.05,INE908D01010,0915-1530|1815-1915:,2026-07-30,,NSE:SHAKTIPUMP-EQ,10,10,25574,SHAKTIPUMP,25574,-1.0,XX,101000000025574,,1,2.6
1010000000714,SHALBY LIMITED,0,1,0.01,INE597J01018,0915-1530|1815-1915:,2026-07-30,,NSE:SHALBY-EQ,10,10,714,SHALBY,714,-1.0,XX,1010000000714,,1,2.0
101000000015342,SHALIM PAINTS LTD,0,1,0.01,INE849C01026,0915-1530|1815-1915:,2026-07-30,,NSE:SHALPAINTS-EQ,10,10,15342,SHALPAINTS,15342,-1.0,XX,101000000015342,,0,0.0
101000000020321,SHANKARA BLDG PRODUCT LTD,0,1,0.01,INE274V01019,0915-1530|1815-1915:,2026-07-30,,NSE:SHANKARA-EQ,10,10,20321,SHANKARA,20321,-1.0,XX,101000000020321,,0,0.0
101000000019752,SHANTHALA FMCG PRODUCTS L,0,1200,0.05,INE0Q9Q01017,0915-1530|1815-1915:,2026-07-30,,NSE:SHANTHALA-SM,10,10,19752,SHANTHALA,19752,-1.0,XX,101000000019752,,0,0.0
10100000005650,SHANTI OVERSEAS INDIA LTD,0,1,0.01,INE933X01016,0915-1530|1815-1915:,2026-07-30,,NSE:SHANTI-EQ,10,10,5650,SHANTI,5650,-1.0,XX,10100000005650,,0,0.0
10100000003078,SHANTHI GEARS LTD,0,1,0.05,INE631A01022,0915-1530|1815-1915:,2026-07-30,,NSE:SHANTIGEAR-EQ,10,10,3078,SHANTIGEAR,3078,-1.0,XX,10100000003078,,0,0.0
1010000000758002,SHANTI GOLD INTERNATION L,0,1,0.01,INE06ZD01017,0915-1530|1815-1915:,2026-07-30,,NSE:SHANTIGOLD-EQ,10,10,758002,SHANTIGOLD,758002,-1.0,XX,1010000000758002,,1,3.1
10100000004992,SHARDA CROPCHEM LTD.,0,1,0.05,INE221J01015,0915-1530|1815-1915:,2026-07-30,,NSE:SHARDACROP-EQ,10,10,4992,SHARDACROP,4992,-1.0,XX,10100000004992,,1,2.4
101000000010530,SHARDA MOTOR INDS LTD,0,1,0.05,INE597I01028,0915-1530|1815-1915:,2026-07-30,,NSE:SHARDAMOTR-EQ,10,10,10530,SHARDAMOTR,10530,-1.0,XX,101000000010530,,1,2.0
1010000000762897,SHARDUL SECURITIES LTD.,0,1,0.01,INE037B01020,0915-1530|1815-1915:,2026-07-30,,NSE:SHARDUL-BE,10,10,762897,SHARDUL,762897,-1.0,XX,1010000000762897,,0,0.0
1010000000104,SHARE IND. SECURITIES LTD,0,1,0.01,INE932X01026,0915-1530|1815-1915:,2026-07-30,,NSE:SHAREINDIA-EQ,10,10,104,SHAREINDIA,104,-1.0,XX,1010000000104,,1,1.1
1010000000762899,SHRI BAJRANG ALLIANCE L,0,1,0.01,INE402H01015,0915-1530|1815-1915:,2026-07-30,,NSE:SHBAJRG-EQ,10,10,762899,SHBAJRG,762899,-1.0,XX,1010000000762899,,0,0.0
1010000000759410,SHEEL BIOTECH LIMITED,0,2000,0.05,INE0YJV01017,0915-1530|1815-1915:,2026-07-30,,NSE:SHEEL-ST,10,10,759410,SHEEL,759410,-1.0,XX,1010000000759410,,0,0.0
101000000020415,SHEETAL UNIVERSAL LIMITED,0,500,0.05,INE04VX01019,0915-1530|1815-1915:,2026-07-30,,NSE:SHEETAL-SM,10,10,20415,SHEETAL,20415,-1.0,XX,101000000020415,,0,0.0
101000000021095,SHEKHAWATI INDUSTRIES LTD,0,1,0.01,INE268L01046,0915-1530|1815-1915:,2026-07-30,,NSE:SHEKHAWATI-EQ,10,10,21095,SHEKHAWATI,21095,-1.0,XX,101000000021095,,0,0.0
10100000005072,SHEMAROO ENTER. LTD.,0,1,0.01,INE363M01019,0915-1530|1815-1915:,2026-07-30,,NSE:SHEMAROO-BE,10,10,5072,SHEMAROO,5072,-1.0,XX,10100000005072,,0,0.0
101000000014176,SHERA ENERGY LIMITED,0,1000,0.05,INE0MM001019,0915-1530|1815-1915:,2026-07-30,,NSE:SHERA-ST,10,10,14176,SHERA,14176,-1.0,XX,101000000014176,,0,0.0
1010000000759805,SHREEJI GLOBAL FMCG LTD,0,1000,0.05,INE1FL101016,0915-1530|1815-1915:,2026-07-30,,NSE:SHETHJI-ST,10,10,759805,SHETHJI,759805,-1.0,XX,1010000000759805,,0,0.0
10100000008394,SHIGAN QUANTUM TECH LTD,0,1500,0.05,INE03KJ01013,0915-1530|1815-1915:,2026-07-30,,NSE:SHIGAN-SM,10,10,8394,SHIGAN,8394,-1.0,XX,10100000008394,,0,0.0
1010000000759847,SHILCHAR TECHNOLOGIES LTD,0,1,0.1,INE024F01011,0915-1530|1815-1915:,2026-07-30,,NSE:SHILCTECH-EQ,10,10,759847,SHILCTECH,759847,-1.0,XX,1010000000759847,,1,2.5
101000000017752,SHILPA MEDICARE LTD,0,1,0.05,INE790G01031,0915-1530|1815-1915:,2026-07-30,,NSE:SHILPAMED-EQ,10,10,17752,SHILPAMED,17752,-1.0,XX,101000000017752,,1,2.9
1010000000762904,SHARAT INDUSTRIES LTD.,0,1,0.01,INE220Z01013,0915-1530|1815-1915:,2026-07-30,,NSE:SHINDL-EQ,10,10,762904,SHINDL,762904,-1.0,XX,1010000000762904,,1,2.0
10100000007026,SHIVALIK RASAYAN LIMITED,0,1,0.01,INE788J01021,0915-1530|1815-1915:,2026-07-30,,NSE:SHIVALIK-BE,10,10,7026,SHIVALIK,7026,-1.0,XX,10100000007026,,0,0.0
101000000013757,SHIVAM AUTO.LTD,0,1,0.01,INE637H01024,0915-1530|1815-1915:,2026-07-30,,NSE:SHIVAMAUTO-BE,10,10,13757,SHIVAMAUTO,13757,-1.0,XX,101000000013757,,0,0.0
10100000001503,SHIVA MILLS LIMITED,0,1,0.01,INE644Y01017,0915-1530|1815-1915:,2026-07-30,,NSE:SHIVAMILLS-BE,10,10,1503,SHIVAMILLS,1503,-1.0,XX,10100000001503,,0,0.0
1010000000758744,SHIVASHRIT FOODS LIMITED,0,1000,0.05,INE1DLF01018,0915-1530|1815-1915:,2026-07-30,,NSE:SHIVASHRIT-SM,10,10,758744,SHIVASHRIT,758744,-1.0,XX,1010000000758744,,0,0.0
1010000000804,SHIVA TEXYARN LIMITED,0,1,0.01,INE705C01020,0915-1530|1815-1915:,2026-07-30,,NSE:SHIVATEX-EQ,10,10,804,SHIVATEX,804,-1.0,XX,1010000000804,,0,0.0
1010000000759747,SHIV AUM STEELS LIMITED,0,1,0.05,INE719F01016,0915-1530|1815-1915:,2026-07-30,,NSE:SHIVAUM-EQ,10,10,759747,SHIVAUM,759747,-1.0,XX,1010000000759747,,0,0.0
101000000011212,S H KELKAR AND CO. LTD.,0,1,0.01,INE500L01026,0915-1530|1815-1915:,2026-07-30,,NSE:SHK-EQ,10,10,11212,SHK,11212,-1.0,XX,101000000011212,,1,2.0
1010000000758568,SHRI HARE-KRI SPO IRON L,0,2000,0.05,INE0NON01025,0915-1530|1815-1915:,2026-07-30,,NSE:SHKSIL-SM,10,10,758568,SHKSIL,758568,-1.0,XX,1010000000758568,,0,0.0
101000000011813,SHOPPERS STOP LIMITED,0,1,0.05,INE498B01024,0915-1530|1815-1915:,2026-07-30,,NSE:SHOPERSTOP-EQ,10,10,11813,SHOPERSTOP,11813,-1.0,XX,101000000011813,,1,2.0
1010000000708,SHRADHA REALTY LIMITED,0,1,0.01,INE715Y01031,0915-1530|1815-1915:,2026-07-30,,NSE:SHRADHA-EQ,10,10,708,SHRADHA,708,-1.0,XX,1010000000708,,0,0.0
10100000003099,SHREE DIGVIJAY CEM CO LTD,0,1,0.01,INE232A01011,0915-1530|1815-1915:,2026-07-30,,NSE:SHREDIGCEM-EQ,10,10,3099,SHREDIGCEM,3099,-1.0,XX,10100000003099,,0,0.0
10100000003103,SHREE CEMENT LIMITED,0,1,5.0,INE070A01015,0915-1530|1815-1915:,2026-07-30,,NSE:SHREECEM-EQ,10,10,3103,SHREECEM,3103,-1.0,XX,10100000003103,,1,3.7
1010000000762112,SHREEDHAR SPINNERS LTD,0,2000,0.05,INE0K3301012,0915-1530|1815-1915:,2026-07-30,,NSE:SHREEDHAR-SM,10,10,762112,SHREEDHAR,762112,-1.0,XX,1010000000762112,,0,0.0
1010000000759448,SHREEJI SHIPPING GLOBAL L,0,1,0.05,INE1B6101010,0915-1530|1815-1915:,2026-07-30,,NSE:SHREEJISPG-EQ,10,10,759448,SHREEJISPG,759448,-1.0,XX,1010000000759448,,1,3.1
101000000023074,SHREE KARNI FABCOM LTD,0,150,0.05,INE0S4Y01010,0915-1530|1815-1915:,2026-07-30,,NSE:SHREEKARNI-SM,10,10,23074,SHREEKARNI,23074,-1.0,XX,101000000023074,,0,0.0
101000000020603,SHREE OSFM E-MOBILITY LTD,0,1000,0.05,INE02S501018,0915-1530|1815-1915:,2026-07-30,,NSE:SHREEOSFM-SM,10,10,20603,SHREEOSFM,20603,-1.0,XX,101000000020603,,0,0.0
101000000010588,SHRE PUSH CHEM & FERT LTD,0,1,0.05,INE712K01011,0915-1530|1815-1915:,2026-07-30,,NSE:SHREEPUSHK-EQ,10,10,10588,SHREEPUSHK,10588,-1.0,XX,101000000010588,,1,2.0
10100000007627,SHREE RAMA MULTI TECH LTD,0,1,0.01,INE879A01019,0915-1530|1815-1915:,2026-07-30,,NSE:SHREERAMA-EQ,10,10,7627,SHREERAMA,7627,-1.0,XX,10100000007627,,0,0.0
1010000000760252,SHRENIK LIMITED,0,1,0.01,INE632X01030,0915-1530|1815-1915:,2026-07-30,,NSE:SHRENIK-BZ,10,10,760252,SHRENIK,760252,-1.0,XX,1010000000760252,,0,0.0
10100000003126,SHREYANS INDUSTRIES LTD,0,1,0.01,INE231C01019,0915-1530|1815-1915:,2026-07-30,,NSE:SHREYANIND-EQ,10,10,3126,SHREYANIND,3126,-1.0,XX,10100000003126,,0,0.0
1010000000756409,SHRI AHIMSA NATURALS LTD,0,600,0.05,INE0DM401012,0915-1530|1815-1915:,2026-07-30,,NSE:SHRIAHIMSA-ST,10,10,756409,SHRIAHIMSA,756409,-1.0,XX,1010000000756409,,0,0.0
1010000000760202,SHRI KANHA STAINLESS LTD,0,1600,0.05,INE1V4601019,0915-1530|1815-1915:,2026-07-30,,NSE:SHRIKANHA-SM,10,10,760202,SHRIKANHA,760202,-1.0,XX,1010000000760202,,0,0.0
1010000000762909,SHRI KRISHNA DEVCON LTD.,0,1,0.01,INE997I01012,0915-1530|1815-1915:,2026-07-30,,NSE:SHRIKRISH-EQ,10,10,762909,SHRIKRISH,762909,-1.0,XX,1010000000762909,,0,0.0
1010000000759093,SHRINGAR HOU OF MANGALS L,0,1,0.01,INE1B3L01017,0915-1530|1815-1915:,2026-07-30,,NSE:SHRINGARMS-EQ,10,10,759093,SHRINGARMS,759093,-1.0,XX,1010000000759093,,1,3.1
101000000017186,SPR AUTO TECHNOLOGIES LTD,0,1,0.1,INE526E01018,0915-1530|1815-1915:,2026-07-30,,NSE:SHRIPISTON-EQ,10,10,17186,SHRIPISTON,17186,-1.0,XX,101000000017186,,1,2.9
10100000004306,SHRIRAM FINANCE LIMITED,0,1,0.1,INE721A01047,0915-1530|1815-1915:,2026-07-30,,NSE:SHRIRAMFIN-EQ,10,10,4306,SHRIRAMFIN,4306,-1.0,XX,10100000004306,,1,3.0
10100000007200,SHRIRAM PROPERTIES LTD,0,1,0.01,INE217L01019,0915-1530|1815-1915:,2026-07-30,,NSE:SHRIRAMPPS-EQ,10,10,7200,SHRIRAMPPS,7200,-1.0,XX,10100000007200,,1,2.0
101000000017684,SHRI TECHTEX LIMITED,0,2000,0.05,INE0OMF01015,0915-1530|1815-1915:,2026-07-30,,NSE:SHRITECH-SM,10,10,17684,SHRITECH,17684,-1.0,XX,101000000017684,,0,0.0
10100000006451,SHUBHLAXMI JEWEL ART LTD,0,1000,0.05,INE01Z401013,0915-1530|1815-1915:,2026-07-30,,NSE:SHUBHLAXMI-SM,10,10,6451,SHUBHLAXMI,6451,-1.0,XX,10100000006451,,0,0.0
101000000025240,SHUBHSHREE BIOFUELS ENE L,0,300,0.05,INE0UL701015,0915-1530|1815-1915:,2026-07-30,,NSE:SHUBHSHREE-SM,10,10,25240,SHUBHSHREE,25240,-1.0,XX,101000000025240,,0,0.0
101000000010192,SHYAM CENTURY FERROUS LTD,0,1,0.01,INE979R01011,0915-1530|1815-1915:,2026-07-30,,NSE:SHYAMCENT-BE,10,10,10192,SHYAMCENT,10192,-1.0,XX,101000000010192,,0,0.0
1010000000761213,SHYAM DHANI INDUSTRIES L,0,2000,0.05,INE1CRP01016,0915-1530|1815-1915:,2026-07-30,,NSE:SHYAMDHANI-ST,10,10,761213,SHYAMDHANI,761213,-1.0,XX,1010000000761213,,0,0.0
10100000004693,SHYAM METALICS AND ENGY L,0,1,0.05,INE810G01011,0915-1530|1815-1915:,2026-07-30,,NSE:SHYAMMETL-EQ,10,10,4693,SHYAMMETL,4693,-1.0,XX,10100000004693,,1,3.3
101000000013741,SHYAM TELECOM LIMITED,0,1,0.01,INE635A01023,0915-1530|1815-1915:,2026-07-30,,NSE:SHYAMTEL-BE,10,10,13741,SHYAMTEL,13741,-1.0,XX,101000000013741,,0,0.0
101000000016875,SICAGEN INDIA LIMITED,0,1,0.01,INE176J01011,0915-1530|1815-1915:,2026-07-30,,NSE:SICAGEN-EQ,10,10,16875,SICAGEN,16875,-1.0,XX,101000000016875,,0,0.0
101000000019434,SICAL LOGISTICS LIMITED,0,1,0.01,INE075B01020,0915-1530|1815-1915:,2026-07-30,,NSE:SICALLOG-EQ,10,10,19434,SICALLOG,19434,-1.0,XX,101000000019434,,0,0.0
1010000000759053,SIDDHI COTSPIN LIMITED,0,1200,0.05,INE0SVO01019,0915-1530|1815-1915:,2026-07-30,,NSE:SIDDHICOTS-SM,10,10,759053,SIDDHICOTS,759053,-1.0,XX,1010000000759053,,0,0.0
10100000003148,SIDDHIKA COATINGS LIMITED,0,500,0.05,INE0A1E01018,0915-1530|1815-1915:,2026-07-30,,NSE:SIDDHIKA-SM,10,10,3148,SIDDHIKA,3148,-1.0,XX,10100000003148,,0,0.0
10100000003150,SIEMENS LTD,0,1,0.1,INE003A01024,0915-1530|1815-1915:,2026-07-30,,NSE:SIEMENS-EQ,10,10,3150,SIEMENS,3150,-1.0,XX,10100000003150,,1,3.2
10100000006664,SIGACHI INDUSTRIES LTD,0,1,0.01,INE0D0K01022,0915-1530|1815-1915:,2026-07-30,,NSE:SIGACHI-BE,10,10,6664,SIGACHI,6664,-1.0,XX,10100000006664,,1,1.0
10100000004522,SIGNET INDUSTRIES LIMITED,0,1,0.01,INE529F01035,0915-1530|1815-1915:,2026-07-30,,NSE:SIGIND-EQ,10,10,4522,SIGIND,4522,-1.0,XX,10100000004522,,0,0.0
101000000016658,SIGMA SOLVE LIMITED,0,1,0.01,INE0A0S01028,0915-1530|1815-1915:,2026-07-30,,NSE:SIGMA-EQ,10,10,16658,SIGMA,16658,-1.0,XX,101000000016658,,0,0.0
101000000014797,SIGMA ADVANCED SYSTEM LTD,0,1,0.05,INE933B01012,0915-1530|1815-1915:,2026-07-30,,NSE:SIGMAADV-BE,10,10,14797,SIGMAADV,14797,-1.0,XX,101000000014797,,1,1.0
101000000018743,SIGNATUREGLOBAL INDIA LTD,0,1,0.05,INE903U01023,0915-1530|1815-1915:,2026-07-30,,NSE:SIGNATURE-EQ,10,10,18743,SIGNATURE,18743,-1.0,XX,101000000018743,,1,3.0
101000000023150,SIGNORIA CREATION LIMITED,0,1000,0.05,INE0RDE01010,0915-1530|1815-1915:,2026-07-30,,NSE:SIGNORIA-ST,10,10,23150,SIGNORIA,23150,-1.0,XX,101000000023150,,0,0.0
101000000022656,SIGNPOST INDIA LIMITED,0,1,0.05,INE0KGZ01021,0915-1530|1815-1915:,2026-07-30,,NSE:SIGNPOST-EQ,10,10,22656,SIGNPOST,22656,-1.0,XX,101000000022656,,1,2.6
1010000000762914,SIKA INTERPLANT SYSTEMS L,0,1,0.1,INE438E01032,0915-1530|1815-1915:,2026-07-30,,NSE:SIKA-EQ,10,10,762914,SIKA,762914,-1.0,XX,1010000000762914,,1,2.0
10100000006218,SIKKO INDUSTRIES LIMITED,0,1,0.01,INE112X01025,0915-1530|1815-1915:,2026-07-30,,NSE:SIKKO-EQ,10,10,6218,SIKKO,6218,-1.0,XX,10100000006218,,0,0.0
101000000011297,STANDARD INDUSTRIES LTD.,0,1,0.01,INE173A01025,0915-1530|1815-1915:,2026-07-30,,NSE:SIL-EQ,10,10,11297,SIL,11297,-1.0,XX,101000000011297,,0,0.0
10100000002492,SILGO RETAIL LIMITED,0,1,0.01,INE01II01013,0915-1530|1815-1915:,2026-07-30,,NSE:SILGO-EQ,10,10,2492,SILGO,2492,-1.0,XX,10100000002492,,0,0.0
10100000004105,SIL INVESTMENTS LIMITED,0,1,0.05,INE923A01015,0915-1530|1815-1915:,2026-07-30,,NSE:SILINV-EQ,10,10,4105,SILINV,4105,-1.0,XX,10100000004105,,0,0.0
101000000023739,SILKFLEX POLYMERS INDIA L,0,1000,0.05,INE0STN01015,0915-1530|1815-1915:,2026-07-30,,NSE:SILKFLEX-ST,10,10,23739,SILKFLEX,23739,-1.0,XX,101000000023739,,0,0.0
1010000000757679,SILKY OVERSEAS LIMITED,0,800,0.05,INE0SN801015,0915-1530|1815-1915:,2026-07-30,,NSE:SILKY-SM,10,10,757679,SILKY,757679,-1.0,XX,1010000000757679,,0,0.0
101000000019097,SILLY MONKS ENTERTAIN LTD,0,1,0.01,INE203Y01012,0915-1530|1815-1915:,2026-07-30,,NSE:SILLYMONKS-EQ,10,10,19097,SILLYMONKS,19097,-1.0,XX,101000000019097,,0,0.0
10100000009422,SILVER TOUCH TECHNO LTD,0,1,0.01,INE625X01026,0915-1530|1815-1915:,2026-07-30,,NSE:SILVERTUC-EQ,10,10,9422,SILVERTUC,9422,-1.0,XX,10100000009422,,1,2.0
1010000000758836,SIMBHAOLI SUGARS LTD.,0,1,0.01,INE748T01016,0915-1530|1815-1915:,2026-07-30,,NSE:SIMBHALS-BZ,10,10,758836,SIMBHALS,758836,-1.0,XX,1010000000758836,,0,0.0
1010000000763375,SIMCA ADVERTISING LIMITED,0,600,0.05,INE1K4J01018,0915-1530|1815-1915:,2026-07-30,,NSE:SIMCA-SM,10,10,763375,SIMCA,763375,-1.0,XX,1010000000763375,,0,0.0
10100000003162,SIMPLEX INFRASTRUCTURES L,0,1,0.05,INE059B01024,0915-1530|1815-1915:,2026-07-30,,NSE:SIMPLEXINF-EQ,10,10,3162,SIMPLEXINF,3162,-1.0,XX,10100000003162,,1,2.0
101000000023480,SINCLAIRS HOTELS LIMITED,0,1,0.01,INE985A01022,0915-1530|1815-1915:,2026-07-30,,NSE:SINCLAIR-EQ,10,10,23480,SINCLAIR,23480,-1.0,XX,101000000023480,,0,0.0
101000000016859,SINDHU TRADE LINKS LTD,0,1,0.01,INE325D01025,0915-1530|1815-1915:,2026-07-30,,NSE:SINDHUTRAD-EQ,10,10,16859,SINDHUTRAD,16859,-1.0,XX,101000000016859,,1,2.0
1010000000761420,SINGER INDIA LIMITED,0,1,0.01,INE638A01035,0915-1530|1815-1915:,2026-07-30,,NSE:SINGERIND-EQ,10,10,761420,SINGERIND,761420,-1.0,XX,1010000000761420,,0,0.0
1010000000381,SINTERCOM INDIA LIMITED,0,1,0.01,INE129Z01016,0915-1530|1815-1915:,2026-07-30,,NSE:SINTERCOM-EQ,10,10,381,SINTERCOM,381,-1.0,XX,1010000000381,,0,0.0
101000000011050,SIRCA PAINT INDIA LIMITED,0,1,0.05,INE792Z01011,0915-1530|1815-1915:,2026-07-30,,NSE:SIRCA-EQ,10,10,11050,SIRCA,11050,-1.0,XX,101000000011050,,1,2.0
101000000021501,SIS LIMITED,0,1,0.05,INE285J01028,0915-1530|1815-1915:,2026-07-30,,NSE:SIS-EQ,10,10,21501,SIS,21501,-1.0,XX,101000000021501,,1,3.3
101000000029210,SITI NETWORKS LIMITED,0,1,0.01,INE965H01011,0915-1530|1815-1915:,2026-07-30,,NSE:SITINET-BZ,10,10,29210,SITINET,29210,-1.0,XX,101000000029210,,0,0.0
101000000014096,SIYARAM SILK MILLS LTD,0,1,0.05,INE076B01028,0915-1530|1815-1915:,2026-07-30,,NSE:SIYSIL-EQ,10,10,14096,SIYSIL,14096,-1.0,XX,101000000014096,,1,2.0
101000000020542,S J LOGISTICS (INDIA) LTD,0,250,0.05,INE0F3301020,0915-1530|1815-1915:,2026-07-30,,NSE:SJLOGISTIC-SM,10,10,20542,SJLOGISTIC,20542,-1.0,XX,101000000020542,,0,0.0
10100000006643,SJS ENTERPRISES LIMITED,0,1,0.1,INE284S01014,0915-1530|1815-1915:,2026-07-30,,NSE:SJS-EQ,10,10,6643,SJS,6643,-1.0,XX,10100000006643,,1,2.9
101000000018883,SJVN LTD,0,1,0.01,INE002L01015,0915-1530|1815-1915:,2026-07-30,,NSE:SJVN-EQ,10,10,18883,SJVN,18883,-1.0,XX,101000000018883,,1,3.1
10100000003186,SKF INDIA LTD,0,1,0.1,INE640A01023,0915-1530|1815-1915:,2026-07-30,,NSE:SKFINDIA-EQ,10,10,3186,SKFINDIA,3186,-1.0,XX,10100000003186,,1,2.0
1010000000760101,SKF IND (INDUSTRIAL) LTD,0,1,0.1,INE2J8701016,0915-1530|1815-1915:,2026-07-30,,NSE:SKFINDUS-EQ,10,10,760101,SKFINDUS,760101,-1.0,XX,1010000000760101,,1,3.6
10100000009428,SKIPPER LIMITED,0,1,0.05,INE439E01022,0915-1530|1815-1915:,2026-07-30,,NSE:SKIPPER-EQ,10,10,9428,SKIPPER,9428,-1.0,XX,10100000009428,,1,2.8
10100000004732,SKM EGG PROD EXPORT(I) LT,0,1,0.05,INE411D01023,0915-1530|1815-1915:,2026-07-30,,NSE:SKMEGGPROD-EQ,10,10,4732,SKMEGGPROD,4732,-1.0,XX,10100000004732,,1,1.0
101000000010325,SKP BEARING INDUSTRI. LTD,0,500,0.05,INE0KZA01016,0915-1530|1815-1915:,2026-07-30,,NSE:SKP-SM,10,10,10325,SKP,10325,-1.0,XX,101000000010325,,0,0.0
101000000013631,SKY GOLD AND DIAMONDS LTD,0,1,0.05,INE01IU01018,0915-1530|1815-1915:,2026-07-30,,NSE:SKYGOLD-EQ,10,10,13631,SKYGOLD,13631,-1.0,XX,101000000013631,,1,2.6
101000000023692,SLONE INFOSYSTEMS LIMITED,0,400,0.05,INE0SMA01017,0915-1530|1815-1915:,2026-07-30,,NSE:SLONE-ST,10,10,23692,SLONE,23692,-1.0,XX,101000000023692,,0,0.0
1010000000757622,SMARTEN POWER SYSTEMS LTD,0,1200,0.05,INE14GK01016,0915-1530|1815-1915:,2026-07-30,,NSE:SMARTEN-ST,10,10,757622,SMARTEN,757622,-1.0,XX,1010000000757622,,0,0.0
10100000009893,SMARTLINK HOLDINGS LTD,0,1,0.01,INE178C01020,0915-1530|1815-1915:,2026-07-30,,NSE:SMARTLINK-BE,10,10,9893,SMARTLINK,9893,-1.0,XX,10100000009893,,0,0.0
1010000000757965,SMARTWORKS COWORKING SP L,0,1,0.05,INE0NAZ01010,0915-1530|1815-1915:,2026-07-30,,NSE:SMARTWORKS-EQ,10,10,757965,SMARTWORKS,757965,-1.0,XX,1010000000757965,,1,2.0
10100000002320,SMC GLOBAL SECURITIES LTD,0,1,0.01,INE103C01036,0915-1530|1815-1915:,2026-07-30,,NSE:SMCGLOBAL-EQ,10,10,2320,SMCGLOBAL,2320,-1.0,XX,10100000002320,,1,2.0
10100000003387,SML MAHINDRA LIMITED,0,1,0.1,INE294B01019,0915-1530|1815-1915:,2026-07-30,,NSE:SMLMAH-EQ,10,10,3387,SMLMAH,3387,-1.0,XX,10100000003387,,1,2.3
10100000006843,SARTHAK METALS LIMITED,0,1,0.01,INE017W01010,0915-1530|1815-1915:,2026-07-30,,NSE:SMLT-EQ,10,10,6843,SMLT,6843,-1.0,XX,10100000006843,,0,0.0
101000000014329,SMS PHARMACEUTICALS LTD.,0,1,0.05,INE812G01025,0915-1530|1815-1915:,2026-07-30,,NSE:SMSPHARMA-EQ,10,10,14329,SMSPHARMA,14329,-1.0,XX,101000000014329,,1,2.6
1010000000847,SMVD POLY PACK LIMITED,0,4040,0.05,INE702Y01013,0915-1530|1815-1915:,2026-07-30,,NSE:SMVD-SM,10,10,847,SMVD,847,-1.0,XX,1010000000847,,0,0.0
1010000000758946,SNEHAA ORGANICS LIMITED,0,1000,0.05,INE1OIC01018,0915-1530|1815-1915:,2026-07-30,,NSE:SNEHAA-SM,10,10,758946,SNEHAA,758946,-1.0,XX,1010000000758946,,0,0.0
10100000004843,SNOWMAN LOGISTICS LTD.,0,1,0.01,INE734N01019,0915-1530|1815-1915:,2026-07-30,,NSE:SNOWMAN-EQ,10,10,4843,SNOWMAN,4843,-1.0,XX,10100000004843,,1,1.0
101000000013826,SOBHA LIMITED,0,1,0.1,INE671H01015,0915-1530|1815-1915:,2026-07-30,,NSE:SOBHA-EQ,10,10,13826,SOBHA,13826,-1.0,XX,101000000013826,,1,3.1
1010000000761205,SUNDREX OIL COMPANY LTD,0,1600,0.05,INE0CTB01014,0915-1530|1815-1915:,2026-07-30,,NSE:SOCL-ST,10,10,761205,SOCL,761205,-1.0,XX,1010000000761205,,0,0.0
10100000008268,SOFTTECH ENGINEERS LTD,0,1,0.05,INE728Z01015,0915-1530|1815-1915:,2026-07-30,,NSE:SOFTTECH-BE,10,10,8268,SOFTTECH,8268,-1.0,XX,10100000008268,,0,0.0
10100000003672,SOLARA ACTIVE PHA SCI LTD,0,1,0.05,INE624Z01016,0915-1530|1815-1915:,2026-07-30,,NSE:SOLARA-EQ,10,10,3672,SOLARA,3672,-1.0,XX,10100000003672,,1,2.7
101000000013332,SOLAR INDUSTRIES (I) LTD,0,1,1.0,INE343H01029,0915-1530|1815-1915:,2026-07-30,,NSE:SOLARINDS-EQ,10,10,13332,SOLARINDS,13332,-1.0,XX,101000000013332,,1,3.1
1010000000759929,SOLARWORLD ENERGY SOL LTD,0,1,0.01,INE0TY101024,0915-1530|1815-1915:,2026-07-30,,NSE:SOLARWORLD-EQ,10,10,759929,SOLARWORLD,759929,-1.0,XX,1010000000759929,,1,2.0
1010000000759397,SOLEX ENERGY LIMITED,0,1,0.1,INE880Y01017,0915-1530|1815-1915:,2026-07-30,,NSE:SOLEX-EQ,10,10,759397,SOLEX,759397,-1.0,XX,1010000000759397,,1,2.0
10100000003880,SOMANY CERAMICS LIMITED,0,1,0.05,INE355A01028,0915-1530|1815-1915:,2026-07-30,,NSE:SOMANYCERA-EQ,10,10,3880,SOMANYCERA,3880,-1.0,XX,10100000003880,,1,2.0
10100000004201,SOMA TEXTILES & INDUST LT,0,1,0.01,INE314C01013,0915-1530|1815-1915:,2026-07-30,,NSE:SOMATEX-EQ,10,10,4201,SOMATEX,4201,-1.0,XX,10100000004201,,0,0.0
101000000017794,SOMI CONVEYOR BELT. LTD.,0,1,0.01,INE323J01019,0915-1530|1815-1915:,2026-07-30,,NSE:SOMICONVEY-EQ,10,10,17794,SOMICONVEY,17794,-1.0,XX,101000000017794,,0,0.0
10100000004684,SONA BLW PRECISION FRGS L,0,1,0.05,INE073K01018,0915-1530|1815-1915:,2026-07-30,,NSE:SONACOMS-EQ,10,10,4684,SONACOMS,4684,-1.0,XX,10100000004684,,1,3.2
1010000000762919,SONAL MERCANTILE LTD.,0,1,0.01,INE321M01017,0915-1530|1815-1915:,2026-07-30,,NSE:SONAL-EQ,10,10,762919,SONAL,762919,-1.0,XX,1010000000762919,,0,0.0
101000000023052,SONA MACHINERY LIMITED,0,1000,0.05,INE0Q6H01012,0915-1530|1815-1915:,2026-07-30,,NSE:SONAMAC-SM,10,10,23052,SONAMAC,23052,-1.0,XX,101000000023052,,0,0.0
10100000008806,SONAM LIMITED,0,1,0.01,INE00LM01029,0915-1530|1815-1915:,2026-07-30,,NSE:SONAMLTD-EQ,10,10,8806,SONAMLTD,8806,-1.0,XX,10100000008806,,0,0.0
10100000006596,SONATA SOFTWARE LTD,0,1,0.05,INE269A01021,0915-1530|1815-1915:,2026-07-30,,NSE:SONATSOFTW-EQ,10,10,6596,SONATSOFTW,6596,-1.0,XX,10100000006596,,1,2.6
10100000009463,SONU INFRATECH LIMITED,0,1500,0.05,INE0JZA01018,0915-1530|1815-1915:,2026-07-30,,NSE:SONUINFRA-ST,10,10,9463,SONUINFRA,9463,-1.0,XX,10100000009463,,0,0.0
101000000014993,SOTAC PHARMACEUTICALS LTD,0,1200,0.05,INE0O2D01012,0915-1530|1815-1915:,2026-07-30,,NSE:SOTAC-SM,10,10,14993,SOTAC,14993,-1.0,XX,101000000014993,,0,0.0
10100000003021,SAVITA OIL TECHNOLO. LTD,0,1,0.05,INE035D01020,0915-1530|1815-1915:,2026-07-30,,NSE:SOTL-EQ,10,10,3021,SOTL,3021,-1.0,XX,10100000003021,,1,2.7
10100000005948,THE SOUTH INDIAN BANK LTD,0,1,0.01,INE683A01023,0915-1530|1815-1915:,2026-07-30,,NSE:SOUTHBANK-EQ,10,10,5948,SOUTHBANK,5948,-1.0,XX,10100000005948,,1,2.9
10100000009678,SOUTH WEST PINNACLE LTD,0,1,0.01,INE980Y01015,0915-1530|1815-1915:,2026-07-30,,NSE:SOUTHWEST-EQ,10,10,9678,SOUTHWEST,9678,-1.0,XX,10100000009678,,1,2.0
101000000018252,S. P. APPARELS LIMITED,0,1,0.1,INE212I01016,0915-1530|1815-1915:,2026-07-30,,NSE:SPAL-EQ,10,10,18252,SPAL,18252,-1.0,XX,101000000018252,,1,1.6
101000000011435,SPANDANA SPHOORTY FIN LTD,0,1,0.05,INE572J01011,0915-1530|1815-1915:,2026-07-30,,NSE:SPANDANA-EQ,10,10,11435,SPANDANA,11435,-1.0,XX,101000000011435,,1,2.0
101000000014788,SUN PHARMA ADV.RES.CO.LTD,0,1,0.01,INE232I01014,0915-1530|1815-1915:,2026-07-30,,NSE:SPARC-EQ,10,10,14788,SPARC,14788,-1.0,XX,101000000014788,,1,1.0
101000000019372,SPACENET ENTERS IND LTD,0,1,0.01,INE970N01027,0915-1530|1815-1915:,2026-07-30,,NSE:SPCENET-EQ,10,10,19372,SPCENET,19372,-1.0,XX,101000000019372,,0,0.0
101000000024249,SHIVALIC POWER CONTROL L,0,600,0.05,INE0T7B01010,0915-1530|1815-1915:,2026-07-30,,NSE:SPCL-SM,10,10,24249,SPCL,24249,-1.0,XX,101000000024249,,0,0.0
1010000000761393,SRINIBAS PRADHAN CONST L,0,1200,0.05,INE0TPJ01019,0915-1530|1815-1915:,2026-07-30,,NSE:SPCON-SM,10,10,761393,SPCON,761393,-1.0,XX,1010000000761393,,0,0.0
1010000000760138,SPEB ADHESIVES LIMITED,0,2000,0.05,INE1CW901027,0915-1530|1815-1915:,2026-07-30,,NSE:SPEB-ST,10,10,760138,SPEB,760138,-1.0,XX,1010000000760138,,0,0.0
101000000027107,SPECIALITY REST LTD,0,1,0.01,INE247M01014,0915-1530|1815-1915:,2026-07-30,,NSE:SPECIALITY-EQ,10,10,27107,SPECIALITY,27107,-1.0,XX,101000000027107,,1,2.0
101000000030455,SPECTRUM ELECTRIC IND LTD,0,1,0.1,INE01EO01010,0915-1530|1815-1915:,2026-07-30,,NSE:SPECTRUM-EQ,10,10,30455,SPECTRUM,30455,-1.0,XX,101000000030455,,1,1.0
101000000016876,SPECTRUM TALENT MGMT LTD,0,800,0.05,INE0OL001018,0915-1530|1815-1915:,2026-07-30,,NSE:SPECTSTM-SM,10,10,16876,SPECTSTM,16876,-1.0,XX,101000000016876,,0,0.0
10100000008163,SPENCER S RETAIL LIMITED,0,1,0.01,INE020801028,0915-1530|1815-1915:,2026-07-30,,NSE:SPENCERS-EQ,10,10,8163,SPENCERS,8163,-1.0,XX,10100000008163,,0,0.0
10100000003252,SPIC LTD,0,1,0.01,INE147A01011,0915-1530|1815-1915:,2026-07-30,,NSE:SPIC-EQ,10,10,3252,SPIC,3252,-1.0,XX,10100000003252,,1,2.0
101000000011935,SPL INDUSTRIES LIMITED,0,1,0.01,INE978G01016,0915-1530|1815-1915:,2026-07-30,,NSE:SPLIL-EQ,10,10,11935,SPLIL,11935,-1.0,XX,101000000011935,,0,0.0
10100000009617,SUPREME PETROCHEM LIMITED,0,1,0.05,INE663A01033,0915-1530|1815-1915:,2026-07-30,,NSE:SPLPETRO-EQ,10,10,9617,SPLPETRO,9617,-1.0,XX,10100000009617,,1,2.9
10100000003321,SPML INFRA LIMITED,0,1,0.01,INE937A01023,0915-1530|1815-1915:,2026-07-30,,NSE:SPMLINFRA-EQ,10,10,3321,SPMLINFRA,3321,-1.0,XX,10100000003321,,1,2.0
101000000010733,SPORTKING INDIA LIMITED,0,1,0.01,INE885H01029,0915-1530|1815-1915:,2026-07-30,,NSE:SPORTKING-EQ,10,10,10733,SPORTKING,10733,-1.0,XX,101000000010733,,1,2.0
101000000025306,SPP POLYMER LIMITED,0,2000,0.05,INE0QR801013,0915-1530|1815-1915:,2026-07-30,,NSE:SPPPOLY-SM,10,10,25306,SPPPOLY,25306,-1.0,XX,101000000025306,,0,0.0
10100000008521,SP REFRACTORIES LIMITED,0,800,0.05,INE0JW501011,0915-1530|1815-1915:,2026-07-30,,NSE:SPRL-SM,10,10,8521,SPRL,8521,-1.0,XX,10100000008521,,0,0.0
1010000000757865,SPUNWEB NONWOVEN LIMITED,0,1200,0.05,INE19QH01010,0915-1530|1815-1915:,2026-07-30,,NSE:SPUNWEB-SM,10,10,757865,SPUNWEB,757865,-1.0,XX,1010000000757865,,0,0.0
101000000025737,SHANKAR LAL RAMPAL LTD,0,1,0.01,INE01NE01012,0915-1530|1815-1915:,2026-07-30,,NSE:SRD-EQ,10,10,25737,SRD,25737,-1.0,XX,101000000025737,,0,0.0
101000000031837,SREELEATHERS LIMITED,0,1,0.01,INE099F01013,0915-1530|1815-1915:,2026-07-30,,NSE:SREEL-EQ,10,10,31837,SREEL,31837,-1.0,XX,101000000031837,,0,0.0
10100000003273,SRF LTD,0,1,0.1,INE647A01010,0915-1530|1815-1915:,2026-07-30,,NSE:SRF-EQ,10,10,3273,SRF,3273,-1.0,XX,10100000003273,,1,3.3
101000000018119,SRG HOUSING FINANCE L,0,1,0.05,INE559N01010,0915-1530|1815-1915:,2026-07-30,,NSE:SRGHFL-EQ,10,10,18119,SRGHFL,18119,-1.0,XX,101000000018119,,0,0.0
101000000014582,SREE RAYALSEEMA HHP LTD.,0,1,0.05,INE917H01012,0915-1530|1815-1915:,2026-07-30,,NSE:SRHHYPOLTD-EQ,10,10,14582,SRHHYPOLTD,14582,-1.0,XX,101000000014582,,0,0.0
101000000014416,SRIVASAVI ADHESIVE TAPE L,0,1000,0.05,INE0NPI01014,0915-1530|1815-1915:,2026-07-30,,NSE:SRIVASAVI-ST,10,10,14416,SRIVASAVI,14416,-1.0,XX,101000000014416,,0,0.0
101000000023402,SRM CONTRACTORS LIMITED,0,1,0.05,INE0R6Z01013,0915-1530|1815-1915:,2026-07-30,,NSE:SRM-EQ,10,10,23402,SRM,23402,-1.0,XX,101000000023402,,1,2.0
1010000000760188,SHREE RAM TWISTEX LIMITED,0,1,0.01,INE19GK01015,0915-1530|1815-1915:,2026-07-30,,NSE:SRTL-EQ,10,10,760188,SRTL,760188,-1.0,XX,1010000000760188,,0,0.0
101000000024856,SARASWATI SAREE DEPOT LTD,0,1,0.01,INE0PQ101010,0915-1530|1815-1915:,2026-07-30,,NSE:SSDL-EQ,10,10,24856,SSDL,24856,-1.0,XX,101000000024856,,0,0.0
101000000024697,SATHLOKHAR SYN E&C GLOB L,0,200,0.05,INE0RFP01011,0915-1530|1815-1915:,2026-07-30,,NSE:SSEGL-SM,10,10,24697,SSEGL,24697,-1.0,XX,101000000024697,,0,0.0
101000000018059,SRIVARI SPICES N FOODS L,0,500,0.05,INE0ON201012,0915-1530|1815-1915:,2026-07-30,,NSE:SSFL-ST,10,10,18059,SSFL,18059,-1.0,XX,101000000018059,,0,0.0
1010000000758420,SPANDANA RS.5 PPD UP,0,1,0.05,IN9572J01019,0915-1530|1815-1915:,2026-07-30,,NSE:SSFLPP-E1,10,10,758420,SSFLPP,758420,-1.0,XX,1010000000758420,,0,0.0
101000000011829,STEEL STRIPS WHEELS LTD.,0,1,0.01,INE802C01033,0915-1530|1815-1915:,2026-07-30,,NSE:SSWL-EQ,10,10,11829,SSWL,11829,-1.0,XX,101000000011829,,1,3.0
101000000029204,STALLION IND FLUOROCHEM L,0,1,0.01,INE0RYC01010,0915-1530|1815-1915:,2026-07-30,,NSE:STALLION-EQ,10,10,29204,STALLION,29204,-1.0,XX,101000000029204,,1,2.2
101000000024226,STANLEY LIFESTYLES LTD,0,1,0.01,INE01A001028,0915-1530|1815-1915:,2026-07-30,,NSE:STANLEY-EQ,10,10,24226,STANLEY,24226,-1.0,XX,101000000024226,,1,2.0
10100000007374,STRIDES PHARMA SCI LTD,0,1,0.1,INE939A01011,0915-1530|1815-1915:,2026-07-30,,NSE:STAR-EQ,10,10,7374,STAR,7374,-1.0,XX,10100000007374,,1,2.9
101000000021091,STAR CEMENT LIMITED,0,1,0.01,INE460H01021,0915-1530|1815-1915:,2026-07-30,,NSE:STARCEMENT-EQ,10,10,21091,STARCEMENT,21091,-1.0,XX,101000000021091,,1,3.4
10100000007083,STAR HEALTH & AL INS CO L,0,1,0.05,INE575P01011,0915-1530|1815-1915:,2026-07-30,,NSE:STARHEALTH-EQ,10,10,7083,STARHEALTH,7083,-1.0,XX,10100000007083,,1,3.6
10100000003291,STAR PAPER MILLS LTD,0,1,0.01,INE733A01018,0915-1530|1815-1915:,2026-07-30,,NSE:STARPAPER-EQ,10,10,3291,STARPAPER,3291,-1.0,XX,10100000003291,,0,0.0
10100000009305,STARTECK FINANCE LIMITED,0,1,0.05,INE992I01013,0915-1530|1815-1915:,2026-07-30,,NSE:STARTECK-EQ,10,10,9305,STARTECK,9305,-1.0,XX,10100000009305,,0,0.0
101000000010948,THE STATE TRADING CORPN,0,1,0.01,INE655A01013,0915-1530|1815-1915:,2026-07-30,,NSE:STCINDIA-EQ,10,10,10948,STCINDIA,10948,-1.0,XX,101000000010948,,1,2.0
10100000006803,STEELCAST LIMITED,0,1,0.05,INE124E01038,0915-1530|1815-1915:,2026-07-30,,NSE:STEELCAS-EQ,10,10,6803,STEELCAS,6803,-1.0,XX,10100000006803,,1,2.8
101000000010406,STEEL CITY SECURITIES LTD,0,1,0.01,INE395H01011,0915-1530|1815-1915:,2026-07-30,,NSE:STEELCITY-EQ,10,10,10406,STEELCITY,10406,-1.0,XX,101000000010406,,0,0.0
101000000021339,STEEL EXCHANGE INDIA LTD,0,1,0.01,INE503B01021,0915-1530|1815-1915:,2026-07-30,,NSE:STEELXIND-EQ,10,10,21339,STEELXIND,21339,-1.0,XX,101000000021339,,1,1.1
101000000021484,STEL HOLDINGS LIMITED,0,1,0.05,INE577L01016,0915-1530|1815-1915:,2026-07-30,,NSE:STEL-EQ,10,10,21484,STEL,21484,-1.0,XX,101000000021484,,1,2.0
10100000006188,STERLING TOOLS LIMITED,0,1,0.01,INE334A01023,0915-1530|1815-1915:,2026-07-30,,NSE:STERTOOLS-BE,10,10,6188,STERTOOLS,6188,-1.0,XX,10100000006188,,1,1.0
1010000000758978,STL NETWORKS LIMITED,0,1,0.01,INE1VXE01018,0915-1530|1815-1915:,2026-07-30,,NSE:STLNETWORK-BE,10,10,758978,STLNETWORK,758978,-1.0,XX,1010000000758978,,1,1.0
10100000009313,STERLITE TECHNOLOGIES LTD,0,1,0.05,INE089C01029,0915-1530|1815-1915:,2026-07-30,,NSE:STLTECH-BE,10,10,9313,STLTECH,9313,-1.0,XX,10100000009313,,1,1.0
10100000002107,STOVE KRAFT LIMITED,0,1,0.05,INE00IN01015,0915-1530|1815-1915:,2026-07-30,,NSE:STOVEKRAFT-EQ,10,10,2107,STOVEKRAFT,2107,-1.0,XX,10100000002107,,1,2.0
1010000000761091,STRIDERS IMPEX LIMITED,0,1600,0.05,INE1XWN01017,0915-1530|1815-1915:,2026-07-30,,NSE:STRIDERS-SM,10,10,761091,STRIDERS,761091,-1.0,XX,1010000000761091,,0,0.0
1010000000759587,STUDDS ACCESSORIES LTD,0,1,0.05,INE00Q601028,0915-1530|1815-1915:,2026-07-30,,NSE:STUDDS-EQ,10,10,759587,STUDDS,759587,-1.0,XX,1010000000759587,,1,3.6
1010000000758527,STUDIO LSD LIMITED,0,2000,0.05,INE17VO01028,0915-1530|1815-1915:,2026-07-30,,NSE:STUDIOLSD-SM,10,10,758527,STUDIOLSD,758527,-1.0,XX,1010000000758527,,0,0.0
1010000000759934,SESHAASAI TECHNOLOGIES L,0,1,0.05,INE04VU01023,0915-1530|1815-1915:,2026-07-30,,NSE:STYL-EQ,10,10,759934,STYL,759934,-1.0,XX,1010000000759934,,1,3.0
10100000005186,STYLAM INDUSTRIES LIMITED,0,1,0.1,INE239C01020,0915-1530|1815-1915:,2026-07-30,,NSE:STYLAMIND-EQ,10,10,5186,STYLAMIND,5186,-1.0,XX,10100000005186,,1,3.0
101000000025116,BAAZAR STYLE RETAIL LTD,0,1,0.05,INE01FR01028,0915-1530|1815-1915:,2026-07-30,,NSE:STYLEBAAZA-BE,10,10,25116,STYLEBAAZA,25116,-1.0,XX,101000000025116,,0,0.0
101000000019,STYRENIX PERFORMANCE LTD,0,1,0.1,INE189B01011,0915-1530|1815-1915:,2026-07-30,,NSE:STYRENIX-EQ,10,10,19,STYRENIX,19,-1.0,XX,101000000019,,1,2.0
1010000000760112,SUBA HOTELS LIMITED,0,1200,0.05,INE0RYR01018,0915-1530|1815-1915:,2026-07-30,,NSE:SUBAHOTELS-SM,10,10,760112,SUBAHOTELS,760112,-1.0,XX,1010000000760112,,0,0.0
1010000000959,SUBEX LTD,0,1,0.01,INE754A01055,0915-1530|1815-1915:,2026-07-30,,NSE:SUBEXLTD-BE,10,10,959,SUBEXLTD,959,-1.0,XX,1010000000959,,1,1.0
10100000003324,SUBROS LIMITED,0,1,0.05,INE287B01021,0915-1530|1815-1915:,2026-07-30,,NSE:SUBROS-EQ,10,10,3324,SUBROS,3324,-1.0,XX,10100000003324,,1,2.8
1010000000715,SUDARSHAN COLORNT IND LTD,0,1,0.05,INE492A01029,0915-1530|1815-1915:,2026-07-30,,NSE:SUDARCOLOR-EQ,10,10,715,SUDARCOLOR,715,-1.0,XX,1010000000715,,0,0.0
10100000003327,SUDARSHAN CHEMICAL INDS L,0,1,0.05,INE659A01023,0915-1530|1815-1915:,2026-07-30,,NSE:SUDARSCHEM-EQ,10,10,3327,SUDARSCHEM,3327,-1.0,XX,10100000003327,,1,2.9
1010000000760039,SUDEEP PHARMA LIMITED,0,1,0.05,INE0QPI01025,0915-1530|1815-1915:,2026-07-30,,NSE:SUDEEPPHRM-EQ,10,10,760039,SUDEEPPHRM,760039,-1.0,XX,1010000000760039,,1,3.1
101000000011804,SUKHJIT STARCH & CHEM LTD,0,1,0.01,INE450E01029,0915-1530|1815-1915:,2026-07-30,,NSE:SUKHJITS-EQ,10,10,11804,SUKHJITS,11804,-1.0,XX,101000000011804,,0,0.0
101000000013218,SULA VINEYARDS LIMITED,0,1,0.01,INE142Q01026,0915-1530|1815-1915:,2026-07-30,,NSE:SULA-EQ,10,10,13218,SULA,13218,-1.0,XX,101000000013218,,1,2.0
101000000020790,SUMEET IND LIMITED,0,1,0.01,INE235C01036,0915-1530|1815-1915:,2026-07-30,,NSE:SUMEETINDS-EQ,10,10,20790,SUMEETINDS,20790,-1.0,XX,101000000020790,,1,2.0
101000000017105,SUMITOMO CHEM INDIA LTD,0,1,0.05,INE258G01013,0915-1530|1815-1915:,2026-07-30,,NSE:SUMICHEM-EQ,10,10,17105,SUMICHEM,17105,-1.0,XX,101000000017105,,1,3.0
101000000011141,SUMIT WOODS LIMITED,0,1,0.01,INE748Z01013,0915-1530|1815-1915:,2026-07-30,,NSE:SUMIT-BE,10,10,11141,SUMIT,11141,-1.0,XX,101000000011141,,0,0.0
101000000021275,SUMMIT SECURITIES LTD,0,1,0.1,INE519C01017,0915-1530|1815-1915:,2026-07-30,,NSE:SUMMITSEC-EQ,10,10,21275,SUMMITSEC,21275,-1.0,XX,101000000021275,,0,0.0
101000000020956,SUNDARAM CLAYTON LIMITED,0,1,0.1,INE0Q3R01026,0915-1530|1815-1915:,2026-07-30,,NSE:SUNCLAY-EQ,10,10,20956,SUNCLAY,20956,-1.0,XX,101000000020956,,1,2.0
101000000018931,SUNDARAM MULTI PAP LTD,0,1,0.01,INE108E01023,0915-1530|1815-1915:,2026-07-30,,NSE:SUNDARAM-EQ,10,10,18931,SUNDARAM,18931,-1.0,XX,101000000018931,,0,0.0
10100000003339,SUNDARAM FINANCE LTD,0,1,0.1,INE660A01013,0915-1530|1815-1915:,2026-07-30,,NSE:SUNDARMFIN-EQ,10,10,3339,SUNDARMFIN,3339,-1.0,XX,10100000003339,,1,3.2
10100000009848,SUNDARAMBRAKE LININGS LTD,0,1,0.05,INE073D01013,0915-1530|1815-1915:,2026-07-30,,NSE:SUNDRMBRAK-BE,10,10,9848,SUNDRMBRAK,9848,-1.0,XX,10100000009848,,0,0.0
10100000003345,SUNDRAM FASTENERS LTD,0,1,0.05,INE387A01021,0915-1530|1815-1915:,2026-07-30,,NSE:SUNDRMFAST-EQ,10,10,3345,SUNDRMFAST,3345,-1.0,XX,10100000003345,,1,3.6
10100000001663,SUNDROP BRANDS LIMITED,0,1,0.05,INE209A01019,0915-1530|1815-1915:,2026-07-30,,NSE:SUNDROP-EQ,10,10,1663,SUNDROP,1663,-1.0,XX,10100000001663,,0,0.0
10100000003348,SUNFLAG IRON AND STEEL CO,0,1,0.05,INE947A01014,0915-1530|1815-1915:,2026-07-30,,NSE:SUNFLAG-EQ,10,10,3348,SUNFLAG,3348,-1.0,XX,10100000003348,,1,1.0
101000000024872,SUNLITE RECYCLING IND LTD,0,300,0.05,INE0U2N01013,0915-1530|1815-1915:,2026-07-30,,NSE:SUNLITE-ST,10,10,24872,SUNLITE,24872,-1.0,XX,101000000024872,,0,0.0
10100000003351,SUN PHARMACEUTICAL IND L,0,1,0.1,INE044A01036,0915-1530|1815-1915:,2026-07-30,,NSE:SUNPHARMA-EQ,10,10,3351,SUNPHARMA,3351,-1.0,XX,10100000003351,,1,3.7
101000000020213,SUNREST LIFESCIENCE LTD,0,1600,0.05,INE0PLZ01012,0915-1530|1815-1915:,2026-07-30,,NSE:SUNREST-SM,10,10,20213,SUNREST,20213,-1.0,XX,101000000020213,,0,0.0
1010000000757766,SUNTECH INFRA SOLUTIONS L,0,1600,0.05,INE0SGZ01016,0915-1530|1815-1915:,2026-07-30,,NSE:SUNTECH-ST,10,10,757766,SUNTECH,757766,-1.0,XX,1010000000757766,,0,0.0
101000000017641,SUNTECK REALTY LIMITED,0,1,0.05,INE805D01034,0915-1530|1815-1915:,2026-07-30,,NSE:SUNTECK-EQ,10,10,17641,SUNTECK,17641,-1.0,XX,101000000017641,,1,2.0
101000000013404,SUN TV NETWORK LIMITED,0,1,0.05,INE424H01027,0915-1530|1815-1915:,2026-07-30,,NSE:SUNTV-EQ,10,10,13404,SUNTV,13404,-1.0,XX,101000000013404,,1,3.2
101000000020616,SUPERHOUSE LIMITED,0,1,0.01,INE712B01010,0915-1530|1815-1915:,2026-07-30,,NSE:SUPERHOUSE-EQ,10,10,20616,SUPERHOUSE,20616,-1.0,XX,101000000020616,,0,0.0
10100000008931,SUPER SPINNING MILLS LTD,0,1,0.01,INE662A01027,0915-1530|1815-1915:,2026-07-30,,NSE:SUPERSPIN-BE,10,10,8931,SUPERSPIN,8931,-1.0,XX,10100000008931,,0,0.0
101000000011689,SUPRAJIT ENGINEERING LTD,0,1,0.05,INE399C01030,0915-1530|1815-1915:,2026-07-30,,NSE:SUPRAJIT-EQ,10,10,11689,SUPRAJIT,11689,-1.0,XX,101000000011689,,1,3.2
101000000029439,SUPREME HOLDIN N HOSP I L,0,1,0.01,INE822E01011,0915-1530|1815-1915:,2026-07-30,,NSE:SUPREME-EQ,10,10,29439,SUPREME,29439,-1.0,XX,101000000029439,,0,0.0
1010000000758997,SUPREME ENGINEERING LTD,0,1,0.01,INE319Z01021,0915-1530|1815-1915:,2026-07-30,,NSE:SUPREMEENG-BZ,10,10,758997,SUPREMEENG,758997,-1.0,XX,1010000000758997,,0,0.0
10100000003363,SUPREME INDUSTRIES LTD,0,1,0.1,INE195A01028,0915-1530|1815-1915:,2026-07-30,,NSE:SUPREMEIND-EQ,10,10,3363,SUPREMEIND,3363,-1.0,XX,10100000003363,,1,3.3
101000000015002,SUPREME INFRA. LTD.,0,1,0.01,INE550H01011,0915-1530|1815-1915:,2026-07-30,,NSE:SUPREMEINF-EQ,10,10,15002,SUPREMEINF,15002,-1.0,XX,101000000015002,,0,0.0
101000000021067,SUPREME POWER EQUIPMENT L,0,500,0.05,INE0QHG01026,0915-1530|1815-1915:,2026-07-30,,NSE:SUPREMEPWR-SM,10,10,21067,SUPREMEPWR,21067,-1.0,XX,101000000021067,,0,0.0
10100000007390,SUPRIYA LIFESCIENCE LTD,0,1,0.1,INE07RO01027,0915-1530|1815-1915:,2026-07-30,,NSE:SUPRIYA-EQ,10,10,7390,SUPRIYA,7390,-1.0,XX,10100000007390,,1,2.6
101000000020822,SURAJ ESTATE DEVELOPERS L,0,1,0.01,INE843S01025,0915-1530|1815-1915:,2026-07-30,,NSE:SURAJEST-EQ,10,10,20822,SURAJEST,20822,-1.0,XX,101000000020822,,1,2.0
101000000024966,SURAJ LIMITED,0,1,0.01,INE713C01016,0915-1530|1815-1915:,2026-07-30,,NSE:SURAJLTD-EQ,10,10,24966,SURAJLTD,24966,-1.0,XX,101000000024966,,0,0.0
101000000027334,SURAKSHA DIAGNOSTIC LTD,0,1,0.05,INE877V01027,0915-1530|1815-1915:,2026-07-30,,NSE:SURAKSHA-EQ,10,10,27334,SURAKSHA,27334,-1.0,XX,101000000027334,,1,2.0
101000000021077,SURANA SOLAR LIMITED,0,1,0.01,INE272L01022,0915-1530|1815-1915:,2026-07-30,,NSE:SURANASOL-EQ,10,10,21077,SURANASOL,21077,-1.0,XX,101000000021077,,0,0.0
101000000010700,SURANA TELECOM AND POW LT,0,1,0.01,INE130B01031,0915-1530|1815-1915:,2026-07-30,,NSE:SURANAT&P-EQ,10,10,10700,SURANAT&P,10700,-1.0,XX,101000000010700,,0,0.0
10100000008513,SURANI STEEL TUBES LTD.,0,200,0.05,INE01ZJ01015,0915-1530|1815-1915:,2026-07-30,,NSE:SURANI-SM,10,10,8513,SURANI,8513,-1.0,XX,10100000008513,,0,0.0
1010000000762924,SURYALATA SPINNING MILL L,0,1,0.05,INE132C01027,0915-1530|1815-1915:,2026-07-30,,NSE:SURYALA-EQ,10,10,762924,SURYALA,762924,-1.0,XX,1010000000762924,,0,0.0
101000000011852,SURYALAKSHMI COT MIL LTD,0,1,0.01,INE713B01026,0915-1530|1815-1915:,2026-07-30,,NSE:SURYALAXMI-EQ,10,10,11852,SURYALAXMI,11852,-1.0,XX,101000000011852,,0,0.0
10100000003375,SURYA ROSHNI LTD,0,1,0.05,INE335A01020,0915-1530|1815-1915:,2026-07-30,,NSE:SURYAROSNI-EQ,10,10,3375,SURYAROSNI,3375,-1.0,XX,10100000003375,,1,2.8
10100000002970,SURYODAY SMALL FIN BK LTD,0,1,0.01,INE428Q01011,0915-1530|1815-1915:,2026-07-30,,NSE:SURYODAY-EQ,10,10,2970,SURYODAY,2970,-1.0,XX,10100000002970,,1,2.0
101000000013804,SUTLEJ TEXT & INDUS LTD,0,1,0.01,INE645H01027,0915-1530|1815-1915:,2026-07-30,,NSE:SUTLEJTEX-BE,10,10,13804,SUTLEJTEX,13804,-1.0,XX,101000000013804,,0,0.0
101000000011233,SUVEN LIFE SCIENCES LTD,0,1,0.05,INE495B01038,0915-1530|1815-1915:,2026-07-30,,NSE:SUVEN-EQ,10,10,11233,SUVEN,11233,-1.0,XX,101000000011233,,1,1.0
10100000002998,SUVIDHAA INFOSERVE LTD,0,1,0.01,INE018401013,0915-1530|1815-1915:,2026-07-30,,NSE:SUVIDHAA-EQ,10,10,2998,SUVIDHAA,2998,-1.0,XX,10100000002998,,0,0.0
101000000024851,SUYOG TELEMATICS LIMITED,0,1,0.05,INE442P01014,0915-1530|1815-1915:,2026-07-30,,NSE:SUYOG-EQ,10,10,24851,SUYOG,24851,-1.0,XX,101000000024851,,1,2.0
101000000012018,SUZLON ENERGY LIMITED,0,1,0.01,INE040H01021,0915-1530|1815-1915:,2026-07-30,,NSE:SUZLON-EQ,10,10,12018,SUZLON,12018,-1.0,XX,101000000012018,,1,2.9
101000000015126,SHREE VASU LOGISTICS LTD,0,1,0.05,INE00CE01017,0915-1530|1815-1915:,2026-07-30,,NSE:SVLL-BE,10,10,15126,SVLL,15126,-1.0,XX,101000000015126,,0,0.0
10100000005023,SVP GLOBAL TEXTILES LTD,0,1,0.01,INE308E01029,0915-1530|1815-1915:,2026-07-30,,NSE:SVPGLOB-BE,10,10,5023,SVPGLOB,5023,-1.0,XX,10100000005023,,0,0.0
101000000027095,SWAN CORP LIMITED,0,1,0.05,INE665A01038,0915-1530|1815-1915:,2026-07-30,,NSE:SWANCORP-EQ,10,10,27095,SWANCORP,27095,-1.0,XX,101000000027095,,1,2.9
101000000029164,SWAN DEFENCE N HEVY IND L,0,1,0.1,INE542F01020,0915-1530|1815-1915:,2026-07-30,,NSE:SWANDEF-BE,10,10,29164,SWANDEF,29164,-1.0,XX,101000000029164,,0,0.0
10100000008608,SWARAJ SUITING LIMITED,0,500,0.05,INE0GMR01016,0915-1530|1815-1915:,2026-07-30,,NSE:SWARAJ-SM,10,10,8608,SWARAJ,8608,-1.0,XX,10100000008608,,0,0.0
10100000003384,SWARAJ ENGINES LTD,0,1,0.1,INE277A01016,0915-1530|1815-1915:,2026-07-30,,NSE:SWARAJENG-EQ,10,10,3384,SWARAJENG,3384,-1.0,XX,10100000003384,,1,2.0
101000000011497,SWASTIK PIPE LIMITED,0,1200,0.05,INE0DGC01025,0915-1530|1815-1915:,2026-07-30,,NSE:SWASTIK-ST,10,10,11497,SWASTIK,11497,-1.0,XX,101000000011497,,0,0.0
101000000011909,SWELECT ENERGY SYS LTD,0,1,0.05,INE409B01013,0915-1530|1815-1915:,2026-07-30,,NSE:SWELECTES-EQ,10,10,11909,SWELECTES,11909,-1.0,XX,101000000011909,,1,2.0
101000000027066,SWIGGY LIMITED,0,1,0.01,INE00H001014,0915-1530|1815-1915:,2026-07-30,,NSE:SWIGGY-EQ,10,10,27066,SWIGGY,27066,-1.0,XX,101000000027066,,1,2.9
101000000012489,STRLNG & WIL REN ENE LTD,0,1,0.01,INE00M201021,0915-1530|1815-1915:,2026-07-30,,NSE:SWSOLAR-EQ,10,10,12489,SWSOLAR,12489,-1.0,XX,101000000012489,,1,2.7
101000000024267,SYLVAN PLYBOARD (INDIA) L,0,2000,0.05,INE01IH01015,0915-1530|1815-1915:,2026-07-30,,NSE:SYLVANPLY-SM,10,10,24267,SYLVANPLY,24267,-1.0,XX,101000000024267,,0,0.0
101000000024190,SYMPHONY LIMITED,0,1,0.05,INE225D01027,0915-1530|1815-1915:,2026-07-30,,NSE:SYMPHONY-EQ,10,10,24190,SYMPHONY,24190,-1.0,XX,101000000024190,,1,2.0
101000000011992,SYNCOM FORMU (I) LTD,0,1,0.01,INE312C01025,0915-1530|1815-1915:,2026-07-30,,NSE:SYNCOMF-EQ,10,10,11992,SYNCOMF,11992,-1.0,XX,101000000011992,,1,2.0
101000000010243,SYNGENE INTERNATIONAL LTD,0,1,0.05,INE398R01022,0915-1530|1815-1915:,2026-07-30,,NSE:SYNGENE-EQ,10,10,10243,SYNGENE,10243,-1.0,XX,101000000010243,,1,3.2
101000000017206,SYNOPTICS TECHNOLOGIES L,0,600,0.05,INE0BTR01012,0915-1530|1815-1915:,2026-07-30,,NSE:SYNOPTICS-ST,10,10,17206,SYNOPTICS,17206,-1.0,XX,101000000017206,,0,0.0
101000000010793,SYRMA SGS TECHNOLOGY LTD,0,1,0.1,INE0DYJ01015,0915-1530|1815-1915:,2026-07-30,,NSE:SYRMA-EQ,10,10,10793,SYRMA,10793,-1.0,XX,101000000010793,,1,2.7
101000000014506,SYSTANGO TECHNOLOGIES LTD,0,400,0.05,INE0O7R01011,0915-1530|1815-1915:,2026-07-30,,NSE:SYSTANGO-SM,10,10,14506,SYSTANGO,14506,-1.0,XX,101000000014506,,0,0.0
1010000000759358,SYSTEMATIX CORP SERVICE L,0,1,0.01,INE356B01024,0915-1530|1815-1915:,2026-07-30,,NSE:SYSTMTXC-BE,10,10,759358,SYSTMTXC,759358,-1.0,XX,1010000000759358,,0,0.0
1010000000762929,TAAL TECH LTD.,0,1,0.1,INE524T01011,0915-1530|1815-1915:,2026-07-30,,NSE:TAALTECH-EQ,10,10,762929,TAALTECH,762929,-1.0,XX,1010000000762929,,0,0.0
101000000023438,TAC INFOSEC LIMITED,0,200,0.05,INE0SOY01013,0915-1530|1815-1915:,2026-07-30,,NSE:TAC-SM,10,10,23438,TAC,23438,-1.0,XX,101000000023438,,0,0.0
10100000003396,TAINWALA CHEMICAL AND PLA,0,1,0.01,INE123C01018,0915-1530|1815-1915:,2026-07-30,,NSE:TAINWALCHM-EQ,10,10,3396,TAINWALCHM,3396,-1.0,XX,10100000003396,,0,0.0
10100000009354,TAJ GVK HOTELS & RESORTS,0,1,0.05,INE586B01026,0915-1530|1815-1915:,2026-07-30,,NSE:TAJGVK-EQ,10,10,9354,TAJGVK,9354,-1.0,XX,10100000009354,,1,2.0
101000000014917,TAKE SOLUTIONS LTD,0,1,0.01,INE142I01023,0915-1530|1815-1915:,2026-07-30,,NSE:TAKE-EQ,10,10,14917,TAKE,14917,-1.0,XX,101000000014917,,0,0.0
101000000013648,TALBROS AUTO. COMP. LTD,0,1,0.05,INE187D01029,0915-1530|1815-1915:,2026-07-30,,NSE:TALBROAUTO-EQ,10,10,13648,TALBROAUTO,13648,-1.0,XX,101000000013648,,1,2.8
1010000000762937,TAMBOLI INDUSTRIES LTD.,0,1,0.01,INE864J01012,0915-1530|1815-1915:,2026-07-30,,NSE:TAMBOLIIN-BE,10,10,762937,TAMBOLIIN,762937,-1.0,XX,1010000000762937,,0,0.0
1010000000756338,TANKUP ENGINEERS LIMITED,0,250,0.05,INE0Z7N01017,0915-1530|1815-1915:,2026-07-30,,NSE:TANKUP-ST,10,10,756338,TANKUP,756338,-1.0,XX,1010000000756338,,0,0.0
101000000013976,TANLA PLATFORMS LIMITED,0,1,0.05,INE483C01032,0915-1530|1815-1915:,2026-07-30,,NSE:TANLA-EQ,10,10,13976,TANLA,13976,-1.0,XX,101000000013976,,1,2.7
101000000010986,TAPI FRUIT PROCESSING LTD,0,750,0.05,INE0M7001010,0915-1530|1815-1915:,2026-07-30,,NSE:TAPIFRUIT-SM,10,10,10986,TAPIFRUIT,10986,-1.0,XX,101000000010986,,0,0.0
101000000023512,TARA CHAND INFRA SOLN LTD,0,1,0.01,INE555Z01020,0915-1530|1815-1915:,2026-07-30,,NSE:TARACHAND-EQ,10,10,23512,TARACHAND,23512,-1.0,XX,101000000023512,,0,0.0
101000000018827,TARAPUR TRANSFORMERS LTD,0,1,0.01,INE747K01017,0915-1530|1815-1915:,2026-07-30,,NSE:TARAPUR-EQ,10,10,18827,TARAPUR,18827,-1.0,XX,101000000018827,,0,0.0
10100000001581,TARC LIMITED,0,1,0.01,INE0EK901012,0915-1530|1815-1915:,2026-07-30,,NSE:TARC-EQ,10,10,1581,TARC,1581,-1.0,XX,10100000001581,,1,2.0
101000000015174,TRANS & RECTI. LTD,0,1,0.05,INE763I01026,0915-1530|1815-1915:,2026-07-30,,NSE:TARIL-EQ,10,10,15174,TARIL,15174,-1.0,XX,101000000015174,,1,2.4
101000000014771,TARMAT LIMITED,0,1,0.01,INE924H01018,0915-1530|1815-1915:,2026-07-30,,NSE:TARMAT-EQ,10,10,14771,TARMAT,14771,-1.0,XX,101000000014771,,0,0.0
10100000006943,TARSONS PRODUCTS LIMITED,0,1,0.05,INE144Z01023,0915-1530|1815-1915:,2026-07-30,,NSE:TARSONS-EQ,10,10,6943,TARSONS,6943,-1.0,XX,10100000006943,,1,2.6
101000000020092,TASTY BITE EATABLES LTD,0,1,0.5,INE488B01017,0915-1530|1815-1915:,2026-07-30,,NSE:TASTYBITE-EQ,10,10,20092,TASTYBITE,20092,-1.0,XX,101000000020092,,1,2.0
1010000000759265,TATA CAPITAL LIMITED,0,1,0.05,INE976I01016,0915-1530|1815-1915:,2026-07-30,,NSE:TATACAP-EQ,10,10,759265,TATACAP,759265,-1.0,XX,1010000000759265,,1,3.7
10100000003405,TATA CHEMICALS LTD,0,1,0.05,INE092A01019,0915-1530|1815-1915:,2026-07-30,,NSE:TATACHEM-EQ,10,10,3405,TATACHEM,3405,-1.0,XX,10100000003405,,1,3.3
10100000003721,TATA COMMUNICATIONS LTD,0,1,0.1,INE151A01013,0915-1530|1815-1915:,2026-07-30,,NSE:TATACOMM-EQ,10,10,3721,TATACOMM,3721,-1.0,XX,10100000003721,,1,3.2
10100000003432,TATA CONSUMER PRODUCT LTD,0,1,0.1,INE192A01025,0915-1530|1815-1915:,2026-07-30,,NSE:TATACONSUM-EQ,10,10,3432,TATACONSUM,3432,-1.0,XX,10100000003432,,1,3.7
10100000003411,TATA ELXSI LIMITED,0,1,0.1,INE670A01012,0915-1530|1815-1915:,2026-07-30,,NSE:TATAELXSI-EQ,10,10,3411,TATAELXSI,3411,-1.0,XX,10100000003411,,1,3.2
10100000001621,TATA INVESTMENT CORP LTD,0,1,0.05,INE672A01026,0915-1530|1815-1915:,2026-07-30,,NSE:TATAINVEST-EQ,10,10,1621,TATAINVEST,1621,-1.0,XX,10100000001621,,1,2.9
10100000003426,TATA POWER CO LTD,0,1,0.05,INE245A01021,0915-1530|1815-1915:,2026-07-30,,NSE:TATAPOWER-EQ,10,10,3426,TATAPOWER,3426,-1.0,XX,10100000003426,,1,3.6
10100000003499,TATA STEEL LIMITED,0,1,0.01,INE081A01020,0915-1530|1815-1915:,2026-07-30,,NSE:TATASTEEL-EQ,10,10,3499,TATASTEEL,3499,-1.0,XX,10100000003499,,1,3.4
101000000020293,TATA TECHNOLOGIES LIMITED,0,1,0.05,INE142M01025,0915-1530|1815-1915:,2026-07-30,,NSE:TATATECH-EQ,10,10,20293,TATATECH,20293,-1.0,XX,101000000020293,,1,3.3
10100000005162,TATVA CHIN PHARM CHEM LTD,0,1,0.1,INE0GK401011,0915-1530|1815-1915:,2026-07-30,,NSE:TATVA-EQ,10,10,5162,TATVA,5162,-1.0,XX,10100000005162,,1,1.0
1010000000759756,TAURIAN MPS LIMITED,0,800,0.05,INE0XWS01018,0915-1530|1815-1915:,2026-07-30,,NSE:TAURIAN-SM,10,10,759756,TAURIAN,759756,-1.0,XX,1010000000759756,,0,0.0
101000000024019,TBI CORN LIMITED,0,600,0.05,INE0N2D01013,0915-1530|1815-1915:,2026-07-30,,NSE:TBI-SM,10,10,24019,TBI,24019,-1.0,XX,101000000024019,,0,0.0
101000000023740,TBO TEK LIMITED,0,1,0.1,INE673O01025,0915-1530|1815-1915:,2026-07-30,,NSE:TBOTEK-EQ,10,10,23740,TBOTEK,23740,-1.0,XX,101000000023740,,1,2.9
101000000027037,TRIB BHIMJI ZAVERI LTD,0,1,0.01,INE760L01018,0915-1530|1815-1915:,2026-07-30,,NSE:TBZ-EQ,10,10,27037,TBZ,27037,-1.0,XX,101000000027037,,1,2.4
1010000000761814,TCC CONCEPT LIMITED,0,1,0.05,INE887D01016,0915-1530|1815-1915:,2026-07-30,,NSE:TCC-EQ,10,10,761814,TCC,761814,-1.0,XX,1010000000761814,,1,1.0
101000000010580,TRANSPORT CORPN OF INDIA,0,1,0.05,INE688A01022,0915-1530|1815-1915:,2026-07-30,,NSE:TCI-EQ,10,10,10580,TCI,10580,-1.0,XX,101000000010580,,1,2.0
101000000019223,TCI EXPRESS LIMITED,0,1,0.05,INE586V01016,0915-1530|1815-1915:,2026-07-30,,NSE:TCIEXP-EQ,10,10,19223,TCIEXP,19223,-1.0,XX,101000000019223,,1,2.9
10100000008722,TCIFINANCELTD-ROLL SETT,0,1,0.01,INE911B01018,0915-1530|1815-1915:,2026-07-30,,NSE:TCIFINANCE-BE,10,10,8722,TCIFINANCE,8722,-1.0,XX,10100000008722,,0,0.0
101000000022777,THAAI CASTING LIMITED,0,800,0.05,INE0QJL01014,0915-1530|1815-1915:,2026-07-30,,NSE:TCL-SM,10,10,22777,TCL,22777,-1.0,XX,101000000022777,,0,0.0
1010000000184,TCPL PACKAGING LIMITED,0,1,0.1,INE822C01015,0915-1530|1815-1915:,2026-07-30,,NSE:TCPLPACK-EQ,10,10,184,TCPLPACK,184,-1.0,XX,1010000000184,,1,2.0
101000000011536,TATA CONSULTANCY SERV LT,0,1,0.1,INE467B01029,0915-1530|1815-1915:,2026-07-30,,NSE:TCS-EQ,10,10,11536,TCS,11536,-1.0,XX,101000000011536,,1,3.4
101000000025178,TD POWER SYSTEMS LTD.,0,1,0.1,INE419M01027,0915-1530|1815-1915:,2026-07-30,,NSE:TDPOWERSYS-EQ,10,10,25178,TDPOWERSYS,25178,-1.0,XX,101000000025178,,1,1.0
101000000010717,TEAM INDIA GUARANTY LTD,0,1,0.01,INE289C01025,0915-1530|1815-1915:,2026-07-30,,NSE:TEAMGTY-EQ,10,10,10717,TEAMGTY,10717,-1.0,XX,101000000010717,,0,0.0
101000000012716,TEAMLEASE SERVICES LTD.,0,1,0.1,INE985S01024,0915-1530|1815-1915:,2026-07-30,,NSE:TEAMLEASE-EQ,10,10,12716,TEAMLEASE,12716,-1.0,XX,101000000012716,,1,2.0
1010000000763571,TEAMTECH FORMWORK SOL LTD,0,2000,0.05,INE2OL601013,0915-1530|1815-1915:,2026-07-30,,NSE:TEAMTECH-ST,10,10,763571,TEAMTECH,763571,-1.0,XX,1010000000763571,,0,0.0
1010000000759141,TECHD CYBERSECURITY LTD,0,300,0.05,INE0Y5H01014,0915-1530|1815-1915:,2026-07-30,,NSE:TECHD-ST,10,10,759141,TECHD,759141,-1.0,XX,1010000000759141,,0,0.0
101000000025652,TECHERA ENGINEER (IND) L,0,800,0.05,INE0JQS01019,0915-1530|1815-1915:,2026-07-30,,NSE:TECHERA-SM,10,10,25652,TECHERA,25652,-1.0,XX,101000000025652,,0,0.0
101000000021093,TRIDENT TECHLABS LIMITED,0,125,0.05,INE0QD201012,0915-1530|1815-1915:,2026-07-30,,NSE:TECHLABS-ST,10,10,21093,TECHLABS,21093,-1.0,XX,101000000021093,,0,0.0
101000000013538,TECH MAHINDRA LIMITED,0,1,0.1,INE669C01036,0915-1530|1815-1915:,2026-07-30,,NSE:TECHM-EQ,10,10,13538,TECHM,13538,-1.0,XX,101000000013538,,1,3.4
10100000006445,TECHNO ELEC & ENG CO. LTD,0,1,0.1,INE285K01026,0915-1530|1815-1915:,2026-07-30,,NSE:TECHNOE-EQ,10,10,6445,TECHNOE,6445,-1.0,XX,10100000006445,,1,2.8
1010000000762939,TECHNVISION VENTURES LTD.,0,1,0.1,INE314H01012,0915-1530|1815-1915:,2026-07-30,,NSE:TECHNVISN-EQ,10,10,762939,TECHNVISN,762939,-1.0,XX,1010000000762939,,0,0.0
10100000003453,TECIL CHEMICALS,0,1,0.01,INE014B01011,0915-1530|1815-1915:,2026-07-30,,NSE:TECILCHEM-EQ,10,10,3453,TECILCHEM,3453,-1.0,XX,10100000003453,,0,0.0
10100000007105,TEGA INDUSTRIES LIMITED,0,1,0.1,INE011K01018,0915-1530|1815-1915:,2026-07-30,,NSE:TEGA-EQ,10,10,7105,TEGA,7105,-1.0,XX,10100000007105,,1,3.1
1010000000763825,TEJA ENGINEERING IND L,0,600,0.05,INE0R1301019,0915-1530|1815-1915:,2026-07-30,,NSE:TEJA-SM,10,10,763825,TEJA,763825,-1.0,XX,1010000000763825,,0,0.0
101000000029723,TEJAS CARGO INDIA LIMITED,0,400,0.05,INE17WC01013,0915-1530|1815-1915:,2026-07-30,,NSE:TEJASCARGO-SM,10,10,29723,TEJASCARGO,29723,-1.0,XX,101000000029723,,0,0.0
101000000021131,TEJAS NETWORKS LIMITED,0,1,0.05,INE010J01012,0915-1530|1815-1915:,2026-07-30,,NSE:TEJASNET-EQ,10,10,21131,TEJASNET,21131,-1.0,XX,101000000021131,,1,2.4
10100000003275,TEMBO GLOBAL IND LTD,0,1,0.05,INE869Y01010,0915-1530|1815-1915:,2026-07-30,,NSE:TEMBO-EQ,10,10,3275,TEMBO,3275,-1.0,XX,10100000003275,,1,2.0
1010000000759880,TENNECO CLEAN AIR INDIA L,0,1,0.05,INE19RI01016,0915-1530|1815-1915:,2026-07-30,,NSE:TENNIND-EQ,10,10,759880,TENNIND,759880,-1.0,XX,1010000000759880,,1,3.4
101000000019292,TERA SOFTWARE LIMITED,0,1,0.05,INE482B01010,0915-1530|1815-1915:,2026-07-30,,NSE:TERASOFT-EQ,10,10,19292,TERASOFT,19292,-1.0,XX,101000000019292,,1,2.0
101000000011549,TEXMACO INFRA & HOLDG LTD,0,1,0.01,INE435C01024,0915-1530|1815-1915:,2026-07-30,,NSE:TEXINFRA-EQ,10,10,11549,TEXINFRA,11549,-1.0,XX,101000000011549,,1,2.0
101000000018214,TEXMO PIPE & PRODUCTS LTD,0,1,0.01,INE141K01013,0915-1530|1815-1915:,2026-07-30,,NSE:TEXMOPIPES-EQ,10,10,18214,TEXMOPIPES,18214,-1.0,XX,101000000018214,,0,0.0
101000000021828,TEXMACO RAIL & ENG. LTD.,0,1,0.01,INE621L01012,0915-1530|1815-1915:,2026-07-30,,NSE:TEXRAIL-EQ,10,10,21828,TEXRAIL,21828,-1.0,XX,101000000021828,,1,2.6
10100000003466,TOURISM FINANCE CORP. OF,0,1,0.01,INE305A01023,0915-1530|1815-1915:,2026-07-30,,NSE:TFCILTD-EQ,10,10,3466,TFCILTD,3466,-1.0,XX,10100000003466,,1,2.6
101000000014319,TRANSWARRANTY FIN. LTD.,0,1,0.01,INE804H01012,0915-1530|1815-1915:,2026-07-30,,NSE:TFL-EQ,10,10,14319,TFL,14319,-1.0,XX,101000000014319,,0,0.0
101000000014607,TGB BANQUETS&HOTELS LTD,0,1,0.01,INE797H01018,0915-1530|1815-1915:,2026-07-30,,NSE:TGBHOTELS-EQ,10,10,14607,TGBHOTELS,14607,-1.0,XX,101000000014607,,0,0.0
101000000023530,TEERTH GOPICON LIMITED,0,200,0.05,INE0K6601012,0915-1530|1815-1915:,2026-07-30,,NSE:TGL-ST,10,10,23530,TGL,23530,-1.0,XX,101000000023530,,0,0.0
1010000000762947,THACKER & CO. LTD.,0,1,0.1,INE077P01034,0915-1530|1815-1915:,2026-07-30,,NSE:THACKER-BE,10,10,762947,THACKER,762947,-1.0,XX,1010000000762947,,0,0.0
1010000000762949,THAKKERS DEVELOPERS LTD.,0,1,0.01,INE403F01017,0915-1530|1815-1915:,2026-07-30,,NSE:THAKDEV-EQ,10,10,762949,THAKDEV,762949,-1.0,XX,1010000000762949,,0,0.0
101000000018118,THANGAMAYIL JEWELLERY LTD,0,1,0.5,INE085J01014,0915-1530|1815-1915:,2026-07-30,,NSE:THANGAMAYL-EQ,10,10,18118,THANGAMAYL,18118,-1.0,XX,101000000018118,,1,2.4
101000000021427,THE INVEST TRUST OF IND L,0,1,0.01,INE924D01017,0915-1530|1815-1915:,2026-07-30,,NSE:THEINVEST-EQ,10,10,21427,THEINVEST,21427,-1.0,XX,101000000021427,,0,0.0
101000000019279,THEJO ENGINEERING LIMITED,0,1,0.1,INE121N01019,0915-1530|1815-1915:,2026-07-30,,NSE:THEJO-EQ,10,10,19279,THEJO,19279,-1.0,XX,101000000019279,,1,2.0
1010000000757014,LEELA PALACES HOTEL LTD,0,1,0.05,INE0AQ201015,0915-1530|1815-1915:,2026-07-30,,NSE:THELEELA-EQ,10,10,757014,THELEELA,757014,-1.0,XX,1010000000757014,,1,3.6
101000000014485,THEMIS MEDICARE LTD.,0,1,0.01,INE083B01024,0915-1530|1815-1915:,2026-07-30,,NSE:THEMISMED-EQ,10,10,14485,THEMISMED,14485,-1.0,XX,101000000014485,,1,2.0
10100000003475,THERMAX LTD,0,1,0.5,INE152A01029,0915-1530|1815-1915:,2026-07-30,,NSE:THERMAX-EQ,10,10,3475,THERMAX,3475,-1.0,XX,10100000003475,,1,2.9
101000000025651,THINKING HATS ENTER SOL L,0,3000,0.05,INE0SHE01019,0915-1530|1815-1915:,2026-07-30,,NSE:THESL-ST,10,10,25651,THESL,25651,-1.0,XX,101000000025651,,0,0.0
10100000003481,THOMAS COOK (INDIA) LTD,0,1,0.01,INE332A01027,0915-1530|1815-1915:,2026-07-30,,NSE:THOMASCOOK-EQ,10,10,3481,THOMASCOOK,3481,-1.0,XX,10100000003481,,1,2.7
101000000031017,THOMAS SCOTT (INDIA) LTD,0,1,0.05,INE480M01011,0915-1530|1815-1915:,2026-07-30,,NSE:THOMASCOTT-EQ,10,10,31017,THOMASCOTT,31017,-1.0,XX,101000000031017,,0,0.0
101000000017032,THYROCARE TECH LTD,0,1,0.05,INE594H01019,0915-1530|1815-1915:,2026-07-30,,NSE:THYROCARE-EQ,10,10,17032,THYROCARE,17032,-1.0,XX,101000000017032,,1,1.1
101000000019196,TILAKNAGAR INDUSTRIES LTD,0,1,0.05,INE133E01013,0915-1530|1815-1915:,2026-07-30,,NSE:TI-EQ,10,10,19196,TI,19196,-1.0,XX,101000000019196,,1,2.9
101000000019503,TWAMEV CONS AND INFRA LTD,0,1,0.01,INE388G01026,0915-1530|1815-1915:,2026-07-30,,NSE:TICL-BE,10,10,19503,TICL,19503,-1.0,XX,101000000019503,,0,0.0
1010000000759179,TIGER LOGISTICS (INDIA) L,0,1,0.01,INE906O01029,0915-1530|1815-1915:,2026-07-30,,NSE:TIGERLOGS-BE,10,10,759179,TIGERLOGS,759179,-1.0,XX,1010000000759179,,0,0.0
101000000014223,TECHNOCRAFT IND LTD,0,1,0.1,INE545H01011,0915-1530|1815-1915:,2026-07-30,,NSE:TIIL-EQ,10,10,14223,TIIL,14223,-1.0,XX,101000000014223,,1,2.0
1010000000312,TUBE INVEST OF INDIA LTD,0,1,0.1,INE974X01010,0915-1530|1815-1915:,2026-07-30,,NSE:TIINDIA-EQ,10,10,312,TIINDIA,312,-1.0,XX,1010000000312,,1,3.1
101000000025482,TIJARIA POLYPIPES LTD,0,1,0.01,INE440L01017,0915-1530|1815-1915:,2026-07-30,,NSE:TIJARIA-EQ,10,10,25482,TIJARIA,25482,-1.0,XX,101000000025482,,0,0.0
10100000003484,TIL LTD,0,1,0.01,INE806C01018,0915-1530|1815-1915:,2026-07-30,,NSE:TIL-EQ,10,10,3484,TIL,3484,-1.0,XX,10100000003484,,1,2.0
10100000007800,TIMESCAN LOGISTICS IND L,0,2000,0.05,INE0IJY01014,0915-1530|1815-1915:,2026-07-30,,NSE:TIMESCAN-SM,10,10,7800,TIMESCAN,7800,-1.0,XX,10100000007800,,0,0.0
101000000014707,TIME TECHNOPLAST LTD.,0,1,0.01,INE508G01029,0915-1530|1815-1915:,2026-07-30,,NSE:TIMETECHNO-EQ,10,10,14707,TIMETECHNO,14707,-1.0,XX,101000000014707,,1,2.9
1010000000762954,TIMEX GROUP INDIA LTD.,0,1,0.05,INE064A01026,0915-1530|1815-1915:,2026-07-30,,NSE:TIMEX-EQ,10,10,762954,TIMEX,762954,-1.0,XX,1010000000762954,,1,2.5
101000000014198,TIMKEN INDIA LTD.,0,1,0.1,INE325A01013,0915-1530|1815-1915:,2026-07-30,,NSE:TIMKEN-EQ,10,10,14198,TIMKEN,14198,-1.0,XX,101000000014198,,1,3.3
1010000000756020,TINNA RUBBER AND INFR LTD,0,1,0.05,INE015C01016,0915-1530|1815-1915:,2026-07-30,,NSE:TINNARUBR-EQ,10,10,756020,TINNARUBR,756020,-1.0,XX,1010000000756020,,1,2.0
101000000011374,TIPS FILMS LIMITED,0,1,0.05,INE0LQS01015,0915-1530|1815-1915:,2026-07-30,,NSE:TIPSFILMS-EQ,10,10,11374,TIPSFILMS,11374,-1.0,XX,101000000011374,,0,0.0
10100000009117,TIPS MUSIC LIMITED,0,1,0.05,INE716B01029,0915-1530|1815-1915:,2026-07-30,,NSE:TIPSMUSIC-EQ,10,10,9117,TIPSMUSIC,9117,-1.0,XX,10100000009117,,1,2.9
10100000003496,THIRUMALAI CHEMICALS LTD,0,1,0.01,INE338A01024,0915-1530|1815-1915:,2026-07-30,,NSE:TIRUMALCHM-EQ,10,10,3496,TIRUMALCHM,3496,-1.0,XX,10100000003496,,1,2.8
101000000021868,SHREE TIRUPATI BALAJEE,0,125,0.05,INE238Y01018,0915-1530|1815-1915:,2026-07-30,,NSE:TIRUPATI-SM,10,10,21868,TIRUPATI,21868,-1.0,XX,101000000021868,,0,0.0
101000000022284,TIRUPATI FORGE LIMITED,0,1,0.01,INE319Y01024,0915-1530|1815-1915:,2026-07-30,,NSE:TIRUPATIFL-BE,10,10,22284,TIRUPATIFL,22284,-1.0,XX,101000000022284,,1,1.0
101000000015414,TITAGARH RAIL SYSTEMS LTD,0,1,0.05,INE615H01020,0915-1530|1815-1915:,2026-07-30,,NSE:TITAGARH-EQ,10,10,15414,TITAGARH,15414,-1.0,XX,101000000015414,,1,2.9
10100000003506,TITAN COMPANY LIMITED,0,1,0.1,INE280A01028,0915-1530|1815-1915:,2026-07-30,,NSE:TITAN-EQ,10,10,3506,TITAN,3506,-1.0,XX,10100000003506,,1,3.7
101000000010945,TAMILNAD MERCA BANK LTD,0,1,0.05,INE668A01016,0915-1530|1815-1915:,2026-07-30,,NSE:TMB-EQ,10,10,10945,TMB,10945,-1.0,XX,101000000010945,,1,3.1
1010000000759782,TATA MOTORS LIMITED,0,1,0.05,INE1TAE01010,0915-1530|1815-1915:,2026-07-30,,NSE:TMCV-EQ,10,10,759782,TMCV,759782,-1.0,XX,1010000000759782,,1,3.3
10100000003456,TATA MOTORS PASS VEH LTD,0,1,0.05,INE155A01022,0915-1530|1815-1915:,2026-07-30,,NSE:TMPV-EQ,10,10,3456,TMPV,3456,-1.0,XX,10100000003456,,1,3.2
10100000003509,TAMILNADU PETROPRODUCTS L,0,1,0.01,INE148A01019,0915-1530|1815-1915:,2026-07-30,,NSE:TNPETRO-EQ,10,10,3509,TNPETRO,3509,-1.0,XX,10100000003509,,1,2.0
10100000003980,TAMILNADU NEWSPRT & PAPER,0,1,0.01,INE107A01015,0915-1530|1815-1915:,2026-07-30,,NSE:TNPL-EQ,10,10,3980,TNPL,3980,-1.0,XX,10100000003980,,0,0.0
10100000003512,TAMILNADU TELECOMMUNICATI,0,1,0.01,INE141D01018,0915-1530|1815-1915:,2026-07-30,,NSE:TNTELE-EQ,10,10,3512,TNTELE,3512,-1.0,XX,10100000003512,,0,0.0
10100000009710,TOKYO PLAST  INTL LTD.,0,1,0.01,INE932C01012,0915-1530|1815-1915:,2026-07-30,,NSE:TOKYOPLAST-BE,10,10,9710,TOKYOPLAST,9710,-1.0,XX,10100000009710,,0,0.0
101000000025262,TOLINS TYRES LIMITED,0,1,0.01,INE0RWQ01014,0915-1530|1815-1915:,2026-07-30,,NSE:TOLINS-EQ,10,10,25262,TOLINS,25262,-1.0,XX,101000000025262,,0,0.0
10100000003518,TORRENT PHARMACEUTICALS L,0,1,0.1,INE685A01028,0915-1530|1815-1915:,2026-07-30,,NSE:TORNTPHARM-EQ,10,10,3518,TORNTPHARM,3518,-1.0,XX,10100000003518,,1,3.7
101000000013786,TORRENT POWER LTD,0,1,0.1,INE813H01021,0915-1530|1815-1915:,2026-07-30,,NSE:TORNTPOWER-EQ,10,10,13786,TORNTPOWER,13786,-1.0,XX,101000000013786,,1,3.1
101000000022423,TOTAL TRANSPORT SYS LTD,0,1,0.01,INE336X01012,0915-1530|1815-1915:,2026-07-30,,NSE:TOTAL-EQ,10,10,22423,TOTAL,22423,-1.0,XX,101000000022423,,0,0.0
101000000016908,TOUCHWOOD ENTERTAIN LTD.,0,1,0.01,INE486Y01013,0915-1530|1815-1915:,2026-07-30,,NSE:TOUCHWOOD-EQ,10,10,16908,TOUCHWOOD,16908,-1.0,XX,101000000016908,,0,0.0
101000000016996,TEAMO PRODUCTIONS HQ LTD,0,1,0.01,INE065J01024,0915-1530|1815-1915:,2026-07-30,,NSE:TPHQ-EQ,10,10,16996,TPHQ,16996,-1.0,XX,101000000016996,,0,0.0
10100000009219,TPL PLASTECH LIMITED,0,1,0.01,INE413G01022,0915-1530|1815-1915:,2026-07-30,,NSE:TPLPLASTEH-EQ,10,10,9219,TPLPLASTEH,9219,-1.0,XX,10100000009219,,0,0.0
101000000011582,TRACXN TECHNOLOGIES LTD,0,1,0.01,INE0HMF01019,0915-1530|1815-1915:,2026-07-30,,NSE:TRACXN-EQ,10,10,11582,TRACXN,11582,-1.0,XX,101000000011582,,0,0.0
10100000003531,TRANSPEK INDUSTRY LTD,0,1,0.05,INE687A01016,0915-1530|1815-1915:,2026-07-30,,NSE:TRANSPEK-EQ,10,10,3531,TRANSPEK,3531,-1.0,XX,10100000003531,,0,0.0
101000000028714,TRANSRAIL LIGHTING LTD,0,1,0.05,INE454P01035,0915-1530|1815-1915:,2026-07-30,,NSE:TRANSRAILL-EQ,10,10,28714,TRANSRAILL,28714,-1.0,XX,101000000028714,,1,2.9
101000000019801,TRANSTEEL SEATING TECH L,0,1000,0.05,INE0NVI01020,0915-1530|1815-1915:,2026-07-30,,NSE:TRANSTEEL-SM,10,10,19801,TRANSTEEL,19801,-1.0,XX,101000000019801,,0,0.0
101000000021260,TRANSWIND INFRA LIMITED,0,4000,0.05,INE792X01016,0915-1530|1815-1915:,2026-07-30,,NSE:TRANSWIND-SM,10,10,21260,TRANSWIND,21260,-1.0,XX,101000000021260,,0,0.0
10100000008619,TRANSWORLD SHIP LINES LTD,0,1,0.01,INE757B01015,0915-1530|1815-1915:,2026-07-30,,NSE:TRANSWORLD-BE,10,10,8619,TRANSWORLD,8619,-1.0,XX,10100000008619,,0,0.0
1010000000757545,TRAVEL FOOD SERVICES LTD,0,1,0.1,INE103V01028,0915-1530|1815-1915:,2026-07-30,,NSE:TRAVELFOOD-EQ,10,10,757545,TRAVELFOOD,757545,-1.0,XX,1010000000757545,,1,3.4
101000000025082,TREE HOUSE EDU LTD,0,1,0.01,INE040M01013,0915-1530|1815-1915:,2026-07-30,,NSE:TREEHOUSE-EQ,10,10,25082,TREEHOUSE,25082,-1.0,XX,101000000025082,,0,0.0
10100000007518,TREJHARA SOLUTIONS LTD,0,1,0.01,INE00CA01015,0915-1530|1815-1915:,2026-07-30,,NSE:TREJHARA-EQ,10,10,7518,TREJHARA,7518,-1.0,XX,10100000007518,,0,0.0
101000000017795,TRANSINDIA REAL ESTATE L,0,1,0.01,INE0O3901029,0915-1530|1815-1915:,2026-07-30,,NSE:TREL-EQ,10,10,17795,TREL,17795,-1.0,XX,101000000017795,,0,0.0
10100000001964,TRENT LTD,0,1,0.1,INE849A01020,0915-1530|1815-1915:,2026-07-30,,NSE:TRENT-EQ,10,10,1964,TRENT,1964,-1.0,XX,10100000001964,,1,3.0
101000000017987,TRF LIMITED,0,1,0.01,INE391D01019,0915-1530|1815-1915:,2026-07-30,,NSE:TRF-EQ,10,10,17987,TRF,17987,-1.0,XX,101000000017987,,0,0.0
10100000009685,TRIDENT LIMITED,0,1,0.01,INE064C01022,0915-1530|1815-1915:,2026-07-30,,NSE:TRIDENT-EQ,10,10,9685,TRIDENT,9685,-1.0,XX,10100000009685,,1,3.2
101000000017215,TRIDHYA TECH LIMITED,0,3000,0.05,INE0LWY01029,0915-1530|1815-1915:,2026-07-30,,NSE:TRIDHYA-ST,10,10,17215,TRIDHYA,17215,-1.0,XX,101000000017215,,0,0.0
10100000005428,TRIGYN TECHNOLOGIES LTD,0,1,0.01,INE948A01012,0915-1530|1815-1915:,2026-07-30,,NSE:TRIGYN-EQ,10,10,5428,TRIGYN,5428,-1.0,XX,10100000005428,,0,0.0
101000000025584,TRIVENI TURBINE LIMITED,0,1,0.05,INE152M01016,0915-1530|1815-1915:,2026-07-30,,NSE:TRITURBINE-EQ,10,10,25584,TRITURBINE,25584,-1.0,XX,101000000025584,,1,2.9
101000000013084,TRIVENI ENGG. & INDS. LTD,0,1,0.05,INE256C01024,0915-1530|1815-1915:,2026-07-30,,NSE:TRIVENI-BE,10,10,13084,TRIVENI,13084,-1.0,XX,101000000013084,,1,1.0
101000000024645,TROM INDUSTRIES LIMITED,0,600,0.05,INE0SYV01018,0915-1530|1815-1915:,2026-07-30,,NSE:TROM-ST,10,10,24645,TROM,24645,-1.0,XX,101000000024645,,0,0.0
10100000009378,TRUCAP FINANCE LIMITED,0,1,0.01,INE615R01029,0915-1530|1815-1915:,2026-07-30,,NSE:TRU-EQ,10,10,9378,TRU,9378,-1.0,XX,10100000009378,,0,0.0
1010000000759210,TRUALT BIOENERGY LIMITED,0,1,0.05,INE0MWH01014,0915-1530|1815-1915:,2026-07-30,,NSE:TRUALT-EQ,10,10,759210,TRUALT,759210,-1.0,XX,1010000000759210,,1,3.2
101000000023417,TRUST FINTECH LIMITED,0,600,0.05,INE0SWN01019,0915-1530|1815-1915:,2026-07-30,,NSE:TRUST-SM,10,10,23417,TRUST,23417,-1.0,XX,101000000023417,,0,0.0
1010000000757858,TSC INDIA LIMITED,0,2000,0.05,INE16VK01010,0915-1530|1815-1915:,2026-07-30,,NSE:TSC-SM,10,10,757858,TSC,757858,-1.0,XX,1010000000757858,,0,0.0
10100000002183,TSF INVESTMENTS LIMITED,0,1,0.05,INE202Z01029,0915-1530|1815-1915:,2026-07-30,,NSE:TSFINV-EQ,10,10,2183,TSFINV,2183,-1.0,XX,10100000002183,,1,2.8
101000000011369,TTK HEALTHCARE LIMITED,0,1,0.05,INE910C01018,0915-1530|1815-1915:,2026-07-30,,NSE:TTKHLTCARE-EQ,10,10,11369,TTKHLTCARE,11369,-1.0,XX,101000000011369,,0,0.0
10100000003546,TTK PRESTIGE LTD,0,1,0.05,INE690A01028,0915-1530|1815-1915:,2026-07-30,,NSE:TTKPRESTIG-EQ,10,10,3546,TTKPRESTIG,3546,-1.0,XX,10100000003546,,1,3.1
101000000014314,T T LIMITED,0,1,0.01,INE592B01024,0915-1530|1815-1915:,2026-07-30,,NSE:TTL-EQ,10,10,14314,TTL,14314,-1.0,XX,101000000014314,,0,0.0
10100000008954,TATA TELESERV(MAHARASTRA),0,1,0.01,INE517B01013,0915-1530|1815-1915:,2026-07-30,,NSE:TTML-EQ,10,10,8954,TTML,8954,-1.0,XX,10100000008954,,1,2.8
101000000024520,TUNWAL E-MOTORS LIMITED,0,2000,0.05,INE0OXV01027,0915-1530|1815-1915:,2026-07-30,,NSE:TUNWAL-SM,10,10,24520,TUNWAL,24520,-1.0,XX,101000000024520,,0,0.0
1010000000756090,TURTLEMINT FINTECH SOLS L,0,1,0.01,INE0OC301013,0915-1530|1815-1915:,2026-07-30,,NSE:TURTLEMINT-EQ,10,10,756090,TURTLEMINT,756090,-1.0,XX,1010000000756090,,0,0.0
101000000011265,TVS ELECTRONICS LTD,0,1,0.05,INE236G01019,0915-1530|1815-1915:,2026-07-30,,NSE:TVSELECT-EQ,10,10,11265,TVSELECT,11265,-1.0,XX,101000000011265,,1,2.0
101000000029008,TVS HOLDINGS LIMITED,0,1,1.0,INE105A01035,0915-1530|1815-1915:,2026-07-30,,NSE:TVSHLTD-EQ,10,10,29008,TVSHLTD,29008,-1.0,XX,101000000029008,,1,3.2
10100000008479,TVS MOTOR COMPANY  LTD,0,1,0.1,INE494B01023,0915-1530|1815-1915:,2026-07-30,,NSE:TVSMOTOR-EQ,10,10,8479,TVSMOTOR,8479,-1.0,XX,10100000008479,,1,3.4
101000000018151,TVS SUPPLY CHAIN SOL L,0,1,0.01,INE395N01027,0915-1530|1815-1915:,2026-07-30,,NSE:TVSSCS-EQ,10,10,18151,TVSSCS,18151,-1.0,XX,101000000018151,,1,2.9
101000000014245,TVS SRICHAKRA LIMITED,0,1,0.1,INE421C01016,0915-1530|1815-1915:,2026-07-30,,NSE:TVSSRICHAK-EQ,10,10,14245,TVSSRICHAK,14245,-1.0,XX,101000000014245,,1,2.0
101000000011275,TV TODAY NETWORK LTD,0,1,0.01,INE038F01029,0915-1530|1815-1915:,2026-07-30,,NSE:TVTODAY-EQ,10,10,11275,TVTODAY,11275,-1.0,XX,101000000011275,,1,2.0
101000000018504,TV VISION LIMITED,0,1,0.01,INE871L01013,0915-1530|1815-1915:,2026-07-30,,NSE:TVVISION-EQ,10,10,18504,TVVISION,18504,-1.0,XX,101000000018504,,0,0.0
101000000016713,UNITED BREWERIES LTD,0,1,0.1,INE686F01025,0915-1530|1815-1915:,2026-07-30,,NSE:UBL-EQ,10,10,16713,UBL,16713,-1.0,XX,101000000016713,,1,3.7
10100000003570,UCAL LIMITED,0,1,0.01,INE139B01016,0915-1530|1815-1915:,2026-07-30,,NSE:UCAL-EQ,10,10,3570,UCAL,3570,-1.0,XX,10100000003570,,0,0.0
10100000004214,USHANTI COLOUR CHEM LTD,0,2000,0.05,INE00NI01015,0915-1530|1815-1915:,2026-07-30,,NSE:UCL-ST,10,10,4214,UCL,4214,-1.0,XX,10100000004214,,0,0.0
101000000011223,UCO BANK,0,1,0.01,INE691A01018,0915-1530|1815-1915:,2026-07-30,,NSE:UCOBANK-EQ,10,10,11223,UCOBANK,11223,-1.0,XX,101000000011223,,1,3.1
101000000019113,UPDATER SERVICES LIMITED,0,1,0.01,INE851I01011,0915-1530|1815-1915:,2026-07-30,,NSE:UDS-EQ,10,10,19113,UDS,19113,-1.0,XX,101000000019113,,1,2.0
101000000023507,UJAAS ENERGY LIMITED,0,1,0.01,INE899L01030,0915-1530|1815-1915:,2026-07-30,,NSE:UEL-EQ,10,10,23507,UEL,23507,-1.0,XX,101000000023507,,0,0.0
10100000003127,UNITED FOODBRANDS LIMITED,0,1,0.05,INE382M01027,0915-1530|1815-1915:,2026-07-30,,NSE:UFBL-EQ,10,10,3127,UFBL,3127,-1.0,XX,10100000003127,,1,1.0
10100000001053,UFLEX LIMITED,0,1,0.05,INE516A01017,0915-1530|1815-1915:,2026-07-30,,NSE:UFLEX-EQ,10,10,1053,UFLEX,1053,-1.0,XX,10100000001053,,1,2.0
10100000009039,UFO MOVIEZ INDIA LTD.,0,1,0.01,INE527H01019,0915-1530|1815-1915:,2026-07-30,,NSE:UFO-EQ,10,10,9039,UFO,9039,-1.0,XX,10100000009039,,0,0.0
101000000019578,THE UGAR SUGAR WORKS LTD,0,1,0.01,INE071E01023,0915-1530|1815-1915:,2026-07-30,,NSE:UGARSUGAR-EQ,10,10,19578,UGARSUGAR,19578,-1.0,XX,101000000019578,,0,0.0
10100000005313,UGRO CAPITAL LIMITED,0,1,0.01,INE583D01011,0915-1530|1815-1915:,2026-07-30,,NSE:UGROCAP-EQ,10,10,5313,UGROCAP,5313,-1.0,XX,10100000005313,,1,2.0
101000000025938,UNITED HEAT TRANSFER LTD,0,2000,0.05,INE0SMR01011,0915-1530|1815-1915:,2026-07-30,,NSE:UHTL-ST,10,10,25938,UHTL,25938,-1.0,XX,101000000025938,,0,0.0
101000000015228,UJJIVAN SMALL FINANC BANK,0,1,0.01,INE551W01018,0915-1530|1815-1915:,2026-07-30,,NSE:UJJIVANSFB-EQ,10,10,15228,UJJIVANSFB,15228,-1.0,XX,101000000015228,,1,2.9
101000000011532,ULTRATECH CEMENT LIMITED,0,1,1.0,INE481G01011,0915-1530|1815-1915:,2026-07-30,,NSE:ULTRACEMCO-EQ,10,10,11532,ULTRACEMCO,11532,-1.0,XX,101000000011532,,1,3.7
1010000000762961,ULTRAMARINE & PIGMENTS L,0,1,0.05,INE405A01021,0915-1530|1815-1915:,2026-07-30,,NSE:ULTRAMAR-EQ,10,10,762961,ULTRAMAR,762961,-1.0,XX,1010000000762961,,1,2.0
101000000013349,UMA CONVERTER LIMITED,0,4000,0.05,INE067901012,0915-1530|1815-1915:,2026-07-30,,NSE:UMA-SM,10,10,13349,UMA,13349,-1.0,XX,101000000013349,,0,0.0
10100000008845,UMA EXPORTS LIMITED,0,1,0.01,INE0GIU01018,0915-1530|1815-1915:,2026-07-30,,NSE:UMAEXPORTS-BE,10,10,8845,UMAEXPORTS,8845,-1.0,XX,10100000008845,,0,0.0
101000000019142,USHA MARTIN EDU & SOL LTD,0,1,0.01,INE240C01028,0915-1530|1815-1915:,2026-07-30,,NSE:UMESLTD-EQ,10,10,19142,UMESLTD,19142,-1.0,XX,101000000019142,,0,0.0
10100000008998,UMIYA BUILDCON LIMITED,0,1,0.01,INE398B01018,0915-1530|1815-1915:,2026-07-30,,NSE:UMIYA-MRO-EQ,10,10,8998,UMIYA-MRO,8998,-1.0,XX,10100000008998,,0,0.0
10100000003579,UNICHEM LABORATORIES LTD,0,1,0.05,INE351A01035,0915-1530|1815-1915:,2026-07-30,,NSE:UNICHEMLAB-EQ,10,10,3579,UNICHEMLAB,3579,-1.0,XX,10100000003579,,1,2.6
1010000000204,UNITED DRILLING TOOLS LTD,0,1,0.01,INE961D01019,0915-1530|1815-1915:,2026-07-30,,NSE:UNIDT-BE,10,10,204,UNIDT,204,-1.0,XX,1010000000204,,0,0.0
101000000024809,UNICOMMERCE ESOLUTIONS L,0,1,0.01,INE00U401027,0915-1530|1815-1915:,2026-07-30,,NSE:UNIECOM-EQ,10,10,24809,UNIECOM,24809,-1.0,XX,101000000024809,,1,2.0
101000000011293,UNIPHOS ENTERPRISES LTD,0,1,0.01,INE037A01022,0915-1530|1815-1915:,2026-07-30,,NSE:UNIENTER-EQ,10,10,11293,UNIENTER,11293,-1.0,XX,101000000011293,,0,0.0
101000000018582,UNIHEALTH HOSPITALS LTD,0,500,0.05,INE0PRF01011,0915-1530|1815-1915:,2026-07-30,,NSE:UNIHEALTH-SM,10,10,18582,UNIHEALTH,18582,-1.0,XX,101000000018582,,0,0.0
10100000007797,UNIINFO TELECOM SERVI LTD,0,1,0.01,INE481Z01011,0915-1530|1815-1915:,2026-07-30,,NSE:UNIINFO-BE,10,10,7797,UNIINFO,7797,-1.0,XX,10100000007797,,0,0.0
101000000025633,UNILEX COLOURS AND CHEM L,0,1600,0.05,INE0B2801011,0915-1530|1815-1915:,2026-07-30,,NSE:UNILEX-SM,10,10,25633,UNILEX,25633,-1.0,XX,101000000025633,,0,0.0
101000000028960,UNIMECH AEROSPACE N MFG L,0,1,0.1,INE0U3I01011,0915-1530|1815-1915:,2026-07-30,,NSE:UNIMECH-EQ,10,10,28960,UNIMECH,28960,-1.0,XX,101000000028960,,1,2.5
101000000010753,UNION BANK OF INDIA,0,1,0.01,INE692A01016,0915-1530|1815-1915:,2026-07-30,,NSE:UNIONBANK-EQ,10,10,10753,UNIONBANK,10753,-1.0,XX,101000000010753,,1,3.1
101000000013057,UNIPARTS INDIA LIMITED,0,1,0.05,INE244O01017,0915-1530|1815-1915:,2026-07-30,,NSE:UNIPARTS-EQ,10,10,13057,UNIPARTS,13057,-1.0,XX,101000000013057,,1,2.0
101000000010447,UNITED SPIRITS LIMITED,0,1,0.1,INE854D01024,0915-1530|1815-1915:,2026-07-30,,NSE:UNITDSPR-EQ,10,10,10447,UNITDSPR,10447,-1.0,XX,101000000010447,,1,3.6
10100000003594,UNITECH LTD,0,1,0.01,INE694A01020,0915-1530|1815-1915:,2026-07-30,,NSE:UNITECH-EQ,10,10,3594,UNITECH,3594,-1.0,XX,10100000003594,,1,2.0
10100000007564,UNITED POLYFAB GUJ. LTD.,0,1,0.01,INE368U01029,0915-1530|1815-1915:,2026-07-30,,NSE:UNITEDPOLY-BE,10,10,7564,UNITEDPOLY,7564,-1.0,XX,10100000007564,,0,0.0
101000000017999,UNITED NILGIRI TEA LTD,0,1,0.05,INE458F01011,0915-1530|1815-1915:,2026-07-30,,NSE:UNITEDTEA-EQ,10,10,17999,UNITEDTEA,17999,-1.0,XX,101000000017999,,0,0.0
101000000018979,UNIVASTU INDIA LIMITED,0,1,0.01,INE562X01013,0915-1530|1815-1915:,2026-07-30,,NSE:UNIVASTU-BE,10,10,18979,UNIVASTU,18979,-1.0,XX,101000000018979,,0,0.0
10100000003607,UNIVERSAL CABLES LTD,0,1,0.1,INE279A01012,0915-1530|1815-1915:,2026-07-30,,NSE:UNIVCABLES-EQ,10,10,3607,UNIVCABLES,3607,-1.0,XX,10100000003607,,1,1.0
101000000017661,UNIVERSUS IMAGINGS LTD,0,1,0.05,INE03V001013,0915-1530|1815-1915:,2026-07-30,,NSE:UNIVPHOTO-BE,10,10,17661,UNIVPHOTO,17661,-1.0,XX,101000000017661,,0,0.0
101000000014154,UNO MINDA LIMITED,0,1,0.1,INE405E01023,0915-1530|1815-1915:,2026-07-30,,NSE:UNOMINDA-EQ,10,10,14154,UNOMINDA,14154,-1.0,XX,101000000014154,,1,3.1
101000000011287,UPL LIMITED,0,1,0.05,INE628A01036,0915-1530|1815-1915:,2026-07-30,,NSE:UPL-EQ,10,10,11287,UPL,11287,-1.0,XX,101000000011287,,1,3.2
101000000017081,URAVI DEFENCE &TECH LTD,0,1,0.01,INE568Z01015,0915-1530|1815-1915:,2026-07-30,,NSE:URAVIDEF-BE,10,10,17081,URAVIDEF,17081,-1.0,XX,101000000017081,,0,0.0
101000000016888,URBAN ENVIRO WASTE MGMT L,0,800,0.05,INE0O0201019,0915-1530|1815-1915:,2026-07-30,,NSE:URBAN-SM,10,10,16888,URBAN,16888,-1.0,XX,101000000016888,,0,0.0
1010000000759084,URBAN COMPANY LIMITED,0,1,0.01,INE0CAZ01013,0915-1530|1815-1915:,2026-07-30,,NSE:URBANCO-EQ,10,10,759084,URBANCO,759084,-1.0,XX,1010000000759084,,1,3.1
101000000020203,URJA GLOBAL LIMITED,0,1,0.01,INE550C01020,0915-1530|1815-1915:,2026-07-30,,NSE:URJA-EQ,10,10,20203,URJA,20203,-1.0,XX,101000000020203,,1,2.0
101000000010610,UPSURGE SEEDS OF AGRI LTD,0,428,0.05,INE0CBM01019,0915-1530|1815-1915:,2026-07-30,,NSE:USASEEDS-SM,10,10,10610,USASEEDS,10610,-1.0,XX,101000000010610,,0,0.0
101000000025952,USHA FINANCIAL SERVICES L,0,1600,0.05,INE0LS001014,0915-1530|1815-1915:,2026-07-30,,NSE:USHAFIN-SM,10,10,25952,USHAFIN,25952,-1.0,XX,101000000025952,,0,0.0
10100000008840,USHA MARTIN LTD.,0,1,0.05,INE228A01035,0915-1530|1815-1915:,2026-07-30,,NSE:USHAMART-EQ,10,10,8840,USHAMART,8840,-1.0,XX,10100000008840,,1,3.1
101000000014871,UDAYSHIVAKUMAR INFRA LTD,0,1,0.01,INE0N0Y01013,0915-1530|1815-1915:,2026-07-30,,NSE:USK-EQ,10,10,14871,USK,14871,-1.0,XX,101000000014871,,0,0.0
1010000000527,UTI ASSET MNGMT CO LTD,0,1,0.05,INE094J01016,0915-1530|1815-1915:,2026-07-30,,NSE:UTIAMC-EQ,10,10,527,UTIAMC,527,-1.0,XX,1010000000527,,1,3.2
1010000000751580,UTKAL SPEC INDUS INDIA L,0,2000,0.05,INE1V1R01014,0915-1530|1815-1915:,2026-07-30,,NSE:UTKAL-SM,10,10,751580,UTKAL,751580,-1.0,XX,1010000000751580,,0,0.0
101000000017358,UTKARSH SMALL FIN BANK L,0,1,0.01,INE735W01017,0915-1530|1815-1915:,2026-07-30,,NSE:UTKARSHBNK-EQ,10,10,17358,UTKARSHBNK,17358,-1.0,XX,101000000017358,,1,2.8
1010000000759876,FUJIYAMA POWER SYSTEMS L,0,1,0.05,INE12UR01024,0915-1530|1815-1915:,2026-07-30,,NSE:UTLSOLAR-EQ,10,10,759876,UTLSOLAR,759876,-1.0,XX,1010000000759876,,1,1.0
101000000024729,UTSSAV CZ GOLD JEWELS LTD,0,600,0.05,INE06IJ01010,0915-1530|1815-1915:,2026-07-30,,NSE:UTSSAV-ST,10,10,24729,UTSSAV,24729,-1.0,XX,101000000024729,,0,0.0
101000000013376,UTTAM SUGAR MILLS LTD.,0,1,0.01,INE786F01031,0915-1530|1815-1915:,2026-07-30,,NSE:UTTAMSUGAR-EQ,10,10,13376,UTTAMSUGAR,13376,-1.0,XX,101000000013376,,1,2.0
10100000005945,ULTRA WIRING CONN SYS LTD,0,1000,0.05,INE00F301010,0915-1530|1815-1915:,2026-07-30,,NSE:UWCSL-SM,10,10,5945,UWCSL,5945,-1.0,XX,10100000005945,,0,0.0
101000000025626,U. Y. FINCORP LIMITED,0,1,0.01,INE152C01025,0915-1530|1815-1915:,2026-07-30,,NSE:UYFINCORP-EQ,10,10,25626,UYFINCORP,25626,-1.0,XX,101000000025626,,0,0.0
101000000014766,V2 RETAIL LIMITED,0,1,0.01,INE945H01021,0915-1530|1815-1915:,2026-07-30,,NSE:V2RETAIL-EQ,10,10,14766,V2RETAIL,14766,-1.0,XX,101000000014766,,1,2.9
101000000024196,VADILAL INDUSTRIES LTD,0,1,0.5,INE694D01016,0915-1530|1815-1915:,2026-07-30,,NSE:VADILALIND-EQ,10,10,24196,VADILALIND,24196,-1.0,XX,101000000024196,,1,2.9
101000000011364,VAIBHAV GLOBAL LIMITED,0,1,0.01,INE884A01027,0915-1530|1815-1915:,2026-07-30,,NSE:VAIBHAVGBL-EQ,10,10,11364,VAIBHAVGBL,11364,-1.0,XX,101000000011364,,1,2.0
101000000016589,VAISHALI PHARMA LIMITED,0,1,0.01,INE972X01022,0915-1530|1815-1915:,2026-07-30,,NSE:VAISHALI-EQ,10,10,16589,VAISHALI,16589,-1.0,XX,101000000016589,,0,0.0
101000000013342,VAKRANGEE LIMITED,0,1,0.01,INE051B01021,0915-1530|1815-1915:,2026-07-30,,NSE:VAKRANGEE-EQ,10,10,13342,VAKRANGEE,13342,-1.0,XX,101000000013342,,1,2.0
101000000019220,VALIANT LABORATORIES LTD,0,1,0.01,INE0JWS01017,0915-1530|1815-1915:,2026-07-30,,NSE:VALIANTLAB-BE,10,10,19220,VALIANTLAB,19220,-1.0,XX,101000000019220,,0,0.0
1010000000334,VALIANT ORGANICS LIMITED,0,1,0.05,INE565V01010,0915-1530|1815-1915:,2026-07-30,,NSE:VALIANTORG-BE,10,10,334,VALIANTORG,334,-1.0,XX,1010000000334,,1,1.0
1010000000763304,VALUE 360 COMMUNICATION L,0,1200,0.05,INE1E7Y01018,0915-1530|1815-1915:,2026-07-30,,NSE:VALUE360-SM,10,10,763304,VALUE360,763304,-1.0,XX,1010000000763304,,0,0.0
1010000000750174,VEDANTA ALUMINIUM METAL L,0,1,0.05,INE1CDF01017,0915-1530|1815-1915:,2026-07-30,,NSE:VAML-EQ,10,10,750174,VAML,750174,-1.0,XX,1010000000750174,,0,0.0
101000000013403,VARDHAMAN ACRYLICS LTD,0,1,0.01,INE116G01013,0915-1530|1815-1915:,2026-07-30,,NSE:VARDHACRLC-BE,10,10,13403,VARDHACRLC,13403,-1.0,XX,101000000013403,,0,0.0
10100000003646,VARDHMAN POLYTEX LTD.,0,1,0.01,INE835A01029,0915-1530|1815-1915:,2026-07-30,,NSE:VARDMNPOLY-EQ,10,10,3646,VARDMNPOLY,3646,-1.0,XX,10100000003646,,0,0.0
10100000003857,VARROC ENGINEERING LTD.,0,1,0.05,INE665L01035,0915-1530|1815-1915:,2026-07-30,,NSE:VARROC-EQ,10,10,3857,VARROC,3857,-1.0,XX,10100000003857,,1,3.0
10100000001274,VASA RETAIL & OVERSEA LTD,0,4000,0.05,INE068Z01016,0915-1530|1815-1915:,2026-07-30,,NSE:VASA-SM,10,10,1274,VASA,1274,-1.0,XX,10100000001274,,0,0.0
101000000018114,VASCON ENGINEERS LTD,0,1,0.01,INE893I01013,0915-1530|1815-1915:,2026-07-30,,NSE:VASCONEQ-BE,10,10,18114,VASCONEQ,18114,-1.0,XX,101000000018114,,1,1.0
101000000025340,VASWANI IND LTD,0,1,0.01,INE590L01019,0915-1530|1815-1915:,2026-07-30,,NSE:VASWANI-EQ,10,10,25340,VASWANI,25340,-1.0,XX,101000000025340,,0,0.0
101000000018921,VARUN BEVERAGES LIMITED,0,1,0.05,INE200M01039,0915-1530|1815-1915:,2026-07-30,,NSE:VBL-EQ,10,10,18921,VBL,18921,-1.0,XX,101000000018921,,1,3.2
10100000009020,VAXTEX COTFAB LIMITED,0,1,0.01,INE098201036,0915-1530|1815-1915:,2026-07-30,,NSE:VCL-EQ,10,10,9020,VCL,9020,-1.0,XX,10100000009020,,0,0.0
101000000025054,VDEAL SYSTEM LIMITED,0,600,0.05,INE0U2M01015,0915-1530|1815-1915:,2026-07-30,,NSE:VDEAL-SM,10,10,25054,VDEAL,25054,-1.0,XX,101000000025054,,0,0.0
10100000003063,VEDANTA LIMITED,0,1,0.05,INE205A01025,0915-1530|1815-1915:,2026-07-30,,NSE:VEDL-EQ,10,10,3063,VEDL,3063,-1.0,XX,10100000003063,,1,2.0
1010000000750518,VEDANTA POWER LIMITED,0,1,0.01,INE694L01019,0915-1530|1815-1915:,2026-07-30,,NSE:VEDPOWER-EQ,10,10,750518,VEDPOWER,750518,-1.0,XX,1010000000750518,,0,0.0
101000000014019,VEEDOL CORPORATION LTD,0,1,0.1,INE484C01030,0915-1530|1815-1915:,2026-07-30,,NSE:VEEDOL-EQ,10,10,14019,VEEDOL,14019,-1.0,XX,101000000014019,,1,2.0
101000000010710,VEEKAYEM FASH & APP LTD,0,500,0.05,INE0KTW01013,0915-1530|1815-1915:,2026-07-30,,NSE:VEEKAYEM-SM,10,10,10710,VEEKAYEM,10710,-1.0,XX,101000000010710,,0,0.0
1010000000762969,VELJAN DENISON LTD.,0,1,0.1,INE232E01013,0915-1530|1815-1915:,2026-07-30,,NSE:VELJAN-BE,10,10,762969,VELJAN,762969,-1.0,XX,1010000000762969,,0,0.0
101000000014595,VELS FILM INTERNATIONAL L,0,1200,0.05,INE0I3H01019,0915-1530|1815-1915:,2026-07-30,,NSE:VELS-ST,10,10,14595,VELS,14595,-1.0,XX,101000000014595,,0,0.0
10100000003757,VENKY S (INDIA) LIMITED,0,1,0.1,INE398A01010,0915-1530|1815-1915:,2026-07-30,,NSE:VENKEYS-EQ,10,10,3757,VENKEYS,3757,-1.0,XX,10100000003757,,1,2.0
101000000028847,VENTIVE HOSPITALITY LTD,0,1,0.05,INE781S01027,0915-1530|1815-1915:,2026-07-30,,NSE:VENTIVE-EQ,10,10,28847,VENTIVE,28847,-1.0,XX,101000000028847,,1,2.0
10100000009592,VENUS PIPES & TUBES LTD,0,1,0.1,INE0JA001018,0915-1530|1815-1915:,2026-07-30,,NSE:VENUSPIPES-EQ,10,10,9592,VENUSPIPES,9592,-1.0,XX,10100000009592,,1,2.8
101000000013856,VENUS REMEDIES LIMITED,0,1,0.1,INE411B01019,0915-1530|1815-1915:,2026-07-30,,NSE:VENUSREM-BE,10,10,13856,VENUSREM,13856,-1.0,XX,101000000013856,,1,1.0
10100000002666,VERA SYNTHETIC LIMITED,0,1500,0.05,INE709Z01015,0915-1530|1815-1915:,2026-07-30,,NSE:VERA-SM,10,10,2666,VERA,2666,-1.0,XX,10100000002666,,0,0.0
10100000008890,VERANDA LEARNING SOL LTD,0,1,0.01,INE0IQ001011,0915-1530|1815-1915:,2026-07-30,,NSE:VERANDA-EQ,10,10,8890,VERANDA,8890,-1.0,XX,10100000008890,,1,2.0
101000000023775,VERITAAS ADVERTISING LTD,0,1200,0.05,INE0SRI01019,0915-1530|1815-1915:,2026-07-30,,NSE:VERITAAS-SM,10,10,23775,VERITAAS,23775,-1.0,XX,101000000023775,,0,0.0
101000000014491,VERTEXPLUS TECHNOLOGIES L,0,600,0.05,INE0NLB01018,0915-1530|1815-1915:,2026-07-30,,NSE:VERTEXPLUS-SM,10,10,14491,VERTEXPLUS,14491,-1.0,XX,101000000014491,,0,0.0
101000000018865,VERTOZ LIMITED,0,1,0.01,INE188Y01031,0915-1530|1815-1915:,2026-07-30,,NSE:VERTOZ-BE,10,10,18865,VERTOZ,18865,-1.0,XX,101000000018865,,0,0.0
10100000003676,VESUVIUS INDIA LTD,0,1,0.05,INE386A01023,0915-1530|1815-1915:,2026-07-30,,NSE:VESUVIUS-EQ,10,10,3676,VESUVIUS,3676,-1.0,XX,10100000003676,,1,2.0
10100000008660,VETO SWITCHGEAR CABLE LTD,0,1,0.01,INE918N01018,0915-1530|1815-1915:,2026-07-30,,NSE:VETO-BE,10,10,8660,VETO,8660,-1.0,XX,10100000008660,,0,0.0
1010000000757060,VIRTUAL GALAXY INFOTECH L,0,1000,0.05,INE0VRH01015,0915-1530|1815-1915:,2026-07-30,,NSE:VGINFOTECH-SM,10,10,757060,VGINFOTECH,757060,-1.0,XX,1010000000757060,,0,0.0
101000000013771,VARVEE GLOBAL LIMITED,0,1,0.01,INE273D01027,0915-1530|1815-1915:,2026-07-30,,NSE:VGL-EQ,10,10,13771,VGL,13771,-1.0,XX,101000000013771,,0,0.0
101000000015362,V-GUARD IND LTD.,0,1,0.05,INE951I01027,0915-1530|1815-1915:,2026-07-30,,NSE:VGUARD-EQ,10,10,15362,VGUARD,15362,-1.0,XX,101000000015362,,1,3.6
101000000011892,VARDHMAN HOLDINGS LIMITED,0,1,0.1,INE701A01023,0915-1530|1815-1915:,2026-07-30,,NSE:VHL-EQ,10,10,11892,VHL,11892,-1.0,XX,101000000011892,,0,0.0
101000000023386,VICEROY HOTELS LIMITED,0,1,0.01,INE048C01025,0915-1530|1815-1915:,2026-07-30,,NSE:VHLTD-BE,10,10,23386,VHLTD,23386,-1.0,XX,101000000023386,,0,0.0
101000000014316,VIAZ TYRES LIMITED,0,2000,0.05,INE0MO401019,0915-1530|1815-1915:,2026-07-30,,NSE:VIAZ-SM,10,10,14316,VIAZ,14316,-1.0,XX,101000000014316,,0,0.0
1010000000760694,VICTORY ELEC VEHICL INT L,0,3000,0.05,INE0F8901022,0915-1530|1815-1915:,2026-07-30,,NSE:VICTORYEV-ST,10,10,760694,VICTORYEV,760694,-1.0,XX,1010000000760694,,0,0.0
101000000013536,VIDHI SPCLTY F INGRDNTS L,0,1,0.05,INE632C01026,0915-1530|1815-1915:,2026-07-30,,NSE:VIDHIING-EQ,10,10,13536,VIDHIING,13536,-1.0,XX,101000000013536,,0,0.0
1010000000760224,VIDYA WIRES LIMITED,0,1,0.01,INE14UN01029,0915-1530|1815-1915:,2026-07-30,,NSE:VIDYAWIRES-EQ,10,10,760224,VIDYAWIRES,760224,-1.0,XX,1010000000760224,,1,1.0
101000000025231,VISION INFRA EQUIP SOL L,0,800,0.05,INE0TR001017,0915-1530|1815-1915:,2026-07-30,,NSE:VIESL-SM,10,10,25231,VIESL,25231,-1.0,XX,101000000025231,,0,0.0
1010000000758908,VIGOR PLAST INDIA LIMITED,0,1600,0.05,INE1DM601016,0915-1530|1815-1915:,2026-07-30,,NSE:VIGOR-ST,10,10,758908,VIGOR,758908,-1.0,XX,1010000000758908,,0,0.0
10100000005585,VIJAYA DIAGNOSTIC CEN LTD,0,1,0.1,INE043W01024,0915-1530|1815-1915:,2026-07-30,,NSE:VIJAYA-EQ,10,10,5585,VIJAYA,5585,-1.0,XX,10100000005585,,1,3.0
1010000000760121,VIJAYPD CEUTICAL LIMITED,0,2000,0.05,INE0WL901019,0915-1530|1815-1915:,2026-07-30,,NSE:VIJAYPD-SM,10,10,760121,VIJAYPD,760121,-1.0,XX,1010000000760121,,0,0.0
101000000017695,VIJI FINANCE LIMITED,0,1,0.01,INE159N01027,0915-1530|1815-1915:,2026-07-30,,NSE:VIJIFIN-BE,10,10,17695,VIJIFIN,17695,-1.0,XX,101000000017695,,0,0.0
101000000025756,VIKAS ECOTECH LIMITED,0,1,0.01,INE806A01020,0915-1530|1815-1915:,2026-07-30,,NSE:VIKASECO-EQ,10,10,25756,VIKASECO,25756,-1.0,XX,101000000025756,,0,0.0
10100000009931,VIKAS LIFECARE LIMITED,0,1,0.01,INE161L01027,0915-1530|1815-1915:,2026-07-30,,NSE:VIKASLIFE-EQ,10,10,9931,VIKASLIFE,9931,-1.0,XX,10100000009931,,0,0.0
1010000000759453,VIKRAM SOLAR LIMITED,0,1,0.01,INE078V01014,0915-1530|1815-1915:,2026-07-30,,NSE:VIKRAMSOLR-EQ,10,10,759453,VIKRAMSOLR,759453,-1.0,XX,1010000000759453,,1,2.5
1010000000758973,VIKRAN ENGINEERING LTD,0,1,0.01,INE01R501028,0915-1530|1815-1915:,2026-07-30,,NSE:VIKRAN-EQ,10,10,758973,VIKRAN,758973,-1.0,XX,1010000000758973,,1,2.9
101000000023909,VILAS TRANSCORE LIMITED,0,250,0.05,INE0AZY01017,0915-1530|1815-1915:,2026-07-30,,NSE:VILAS-SM,10,10,23909,VILAS,23909,-1.0,XX,101000000023909,,0,0.0
101000000016954,VILIN BIO MED LIMITED,0,4000,0.05,INE0L4V01013,0915-1530|1815-1915:,2026-07-30,,NSE:VILINBIO-SM,10,10,16954,VILINBIO,16954,-1.0,XX,101000000016954,,0,0.0
101000000013101,VIMTA LABS LIMITED,0,1,0.05,INE579C01029,0915-1530|1815-1915:,2026-07-30,,NSE:VIMTALABS-EQ,10,10,13101,VIMTALABS,13101,-1.0,XX,101000000013101,,1,2.4
101000000017364,VINATI ORGANICS LTD,0,1,0.1,INE410B01037,0915-1530|1815-1915:,2026-07-30,,NSE:VINATIORGA-EQ,10,10,17364,VINATIORGA,17364,-1.0,XX,101000000017364,,1,3.6
101000000025835,VINTAGE COFFEE N BVRGS L,0,1,0.01,INE498Q01014,0915-1530|1815-1915:,2026-07-30,,NSE:VINCOFE-EQ,10,10,25835,VINCOFE,25835,-1.0,XX,101000000025835,,1,2.9
10100000003694,VINDHYA TELELINKS LTD,0,1,0.1,INE707A01012,0915-1530|1815-1915:,2026-07-30,,NSE:VINDHYATEL-EQ,10,10,3694,VINDHYATEL,3694,-1.0,XX,10100000003694,,1,1.0
10100000003809,VINEET LABORATORIES LTD,0,1,0.01,INE505Y01010,0915-1530|1815-1915:,2026-07-30,,NSE:VINEETLAB-BE,10,10,3809,VINEETLAB,3809,-1.0,XX,10100000003809,,0,0.0
101000000012490,VINNY OVERSEAS LIMITED,0,1,0.01,INE01KI01027,0915-1530|1815-1915:,2026-07-30,,NSE:VINNY-EQ,10,10,12490,VINNY,12490,-1.0,XX,101000000012490,,0,0.0
101000000017905,VINSYS IT SERVICES IND LT,0,250,0.05,INE0OSJ01014,0915-1530|1815-1915:,2026-07-30,,NSE:VINSYS-ST,10,10,17905,VINSYS,17905,-1.0,XX,101000000017905,,0,0.0
101000000019206,VINYAS INNOVATIVE TECH L,0,100,0.05,INE0OLS01010,0915-1530|1815-1915:,2026-07-30,,NSE:VINYAS-SM,10,10,19206,VINYAS,19206,-1.0,XX,101000000019206,,0,0.0
101000000016821,VINYL CHEMICALS (I) LTD.,0,1,0.05,INE250B01029,0915-1530|1815-1915:,2026-07-30,,NSE:VINYLINDIA-EQ,10,10,16821,VINYLINDIA,16821,-1.0,XX,101000000016821,,0,0.0
101000000014847,VIP CLOTHING LIMITED,0,1,0.01,INE450G01024,0915-1530|1815-1915:,2026-07-30,,NSE:VIPCLOTHNG-BE,10,10,14847,VIPCLOTHNG,14847,-1.0,XX,101000000014847,,0,0.0
10100000003703,VIP INDUSTRIES LTD,0,1,0.05,INE054A01027,0915-1530|1815-1915:,2026-07-30,,NSE:VIPIND-EQ,10,10,3703,VIPIND,3703,-1.0,XX,10100000003703,,1,2.9
10100000008437,VIPUL LIMITED,0,1,0.01,INE946H01037,0915-1530|1815-1915:,2026-07-30,,NSE:VIPULLTD-BE,10,10,8437,VIPULLTD,8437,-1.0,XX,10100000008437,,0,0.0
101000000015295,VIRINCHI LIMITED,0,1,0.01,INE539B01017,0915-1530|1815-1915:,2026-07-30,,NSE:VIRINCHI-EQ,10,10,15295,VIRINCHI,15295,-1.0,XX,101000000015295,,0,0.0
101000000013298,VISA CHROME LIMITED,0,1,0.01,INE286H01012,0915-1530|1815-1915:,2026-07-30,,NSE:VISACHROME-BE,10,10,13298,VISACHROME,13298,-1.0,XX,101000000013298,,0,0.0
10100000004221,VISAKA INDUSTRIES LIMITED,0,1,0.01,INE392A01021,0915-1530|1815-1915:,2026-07-30,,NSE:VISAKAIND-EQ,10,10,4221,VISAKAIND,4221,-1.0,XX,10100000004221,,1,2.0
101000000024274,VISAMAN GLOBAL SALES LTD,0,1000,0.05,INE0BHK01012,0915-1530|1815-1915:,2026-07-30,,NSE:VISAMAN-SM,10,10,24274,VISAMAN,24274,-1.0,XX,101000000024274,,0,0.0
10100000006908,VISHNU CHEMICALS LIMITED,0,1,0.05,INE270I01022,0915-1530|1815-1915:,2026-07-30,,NSE:VISHNU-EQ,10,10,6908,VISHNU,6908,-1.0,XX,10100000006908,,1,2.0
101000000019300,VISHNUSURYA PROJ N INFR L,0,500,0.05,INE0PQ001012,0915-1530|1815-1915:,2026-07-30,,NSE:VISHNUINFR-SM,10,10,19300,VISHNUINFR,19300,-1.0,XX,101000000019300,,0,0.0
101000000013702,VISHWARAJ SUGAR IND LTD,0,1,0.01,INE430N01022,0915-1530|1815-1915:,2026-07-30,,NSE:VISHWARAJ-EQ,10,10,13702,VISHWARAJ,13702,-1.0,XX,101000000013702,,0,0.0
101000000023373,VISHWAS AGRI SEEDS LTD,0,1600,0.05,INE0S2E01016,0915-1530|1815-1915:,2026-07-30,,NSE:VISHWAS-ST,10,10,23373,VISHWAS,23373,-1.0,XX,101000000023373,,0,0.0
1010000000750290,VEDANTA IRON AND STEEL L,0,1,0.01,INE1CLE01013,0915-1530|1815-1915:,2026-07-30,,NSE:VISL-EQ,10,10,750290,VISL,750290,-1.0,XX,1010000000750290,,0,0.0
1010000000761150,VITAL CHEMTECH LIMITED,0,1,0.01,INE0L4K01016,0915-1530|1815-1915:,2026-07-30,,NSE:VITAL-BE,10,10,761150,VITAL,761150,-1.0,XX,1010000000761150,,0,0.0
1010000000763637,VIVIANA POWER TECH LTD,0,1,0.05,INE0MEG01014,0915-1530|1815-1915:,2026-07-30,,NSE:VIVIANA-BE,10,10,763637,VIVIANA,763637,-1.0,XX,1010000000763637,,1,1.0
1010000000761771,VIVID ELECTROMECH LIMITED,0,240,0.05,INE24H301028,0915-1530|1815-1915:,2026-07-30,,NSE:VIVIDEL-ST,10,10,761771,VIVIDEL,761771,-1.0,XX,1010000000761771,,0,0.0
101000000029877,VISAGAR POLYTEX LTD,0,1,0.01,INE370E01029,0915-1530|1815-1915:,2026-07-30,,NSE:VIVIDHA-EQ,10,10,29877,VIVIDHA,29877,-1.0,XX,101000000029877,,0,0.0
101000000011968,VIVIMED LABS LIMITED,0,1,0.01,INE526G01021,0915-1530|1815-1915:,2026-07-30,,NSE:VIVIMEDLAB-BE,10,10,11968,VIVIMEDLAB,11968,-1.0,XX,101000000011968,,0,0.0
10100000007610,VIVO COLLAB SOLUTIONS LTD,0,1600,0.05,INE0IA701014,0915-1530|1815-1915:,2026-07-30,,NSE:VIVO-SM,10,10,7610,VIVO,7610,-1.0,XX,10100000007610,,0,0.0
101000000014296,VIYASH SCIENTIFIC LIMITED,0,1,0.05,INE807F01027,0915-1530|1815-1915:,2026-07-30,,NSE:VIYASH-EQ,10,10,14296,VIYASH,14296,-1.0,XX,101000000014296,,1,2.8
101000000018021,VL E GOV AND IT SOL LTD,0,1,0.01,INE03HW01020,0915-1530|1815-1915:,2026-07-30,,NSE:VLEGOV-BE,10,10,18021,VLEGOV,18021,-1.0,XX,101000000018021,,0,0.0
101000000024609,V.L.INFRAPROJECTS LIMITED,0,1500,0.05,INE0QXL01015,0915-1530|1815-1915:,2026-07-30,,NSE:VLINFRA-ST,10,10,24609,VLINFRA,24609,-1.0,XX,101000000024609,,0,0.0
10100000003715,VLS FINANCE LTD,0,1,0.05,INE709A01018,0915-1530|1815-1915:,2026-07-30,,NSE:VLSFINANCE-EQ,10,10,3715,VLSFINANCE,3715,-1.0,XX,10100000003715,,0,0.0
10100000003188,V MARC INDIA LIMITED,0,1500,0.05,INE0GXK01018,0915-1530|1815-1915:,2026-07-30,,NSE:VMARCIND-SM,10,10,3188,VMARCIND,3188,-1.0,XX,10100000003188,,0,0.0
101000000029284,VMART RETAIL LTD,0,1,0.05,INE665J01013,0915-1530|1815-1915:,2026-07-30,,NSE:VMART-EQ,10,10,29284,VMART,29284,-1.0,XX,101000000029284,,1,2.9
101000000027969,VISHAL MEGA MART LIMITED,0,1,0.01,INE01EA01019,0915-1530|1815-1915:,2026-07-30,,NSE:VMM-EQ,10,10,27969,VMM,27969,-1.0,XX,101000000027969,,1,3.3
1010000000763821,VINIT MOBILE LIMITED,0,800,0.05,INE27V201011,0915-1530|1815-1915:,2026-07-30,,NSE:VMOBILE-SM,10,10,763821,VMOBILE,763821,-1.0,XX,1010000000763821,,0,0.0
1010000000759153,VMS TMT LIMITED,0,1,0.01,INE0SJA01013,0915-1530|1815-1915:,2026-07-30,,NSE:VMSTMT-BE,10,10,759153,VMSTMT,759153,-1.0,XX,1010000000759153,,0,0.0
1010000000761916,VIRTUOSO OPTOELECTRONIC L,0,1,0.05,INE0I0T01010,0915-1530|1815-1915:,2026-07-30,,NSE:VOEPL-EQ,10,10,761916,VOEPL,761916,-1.0,XX,1010000000761916,,0,0.0
1010000000750368,VEDANTA OIL AND GAS LTD,0,1,0.01,INE704J01044,0915-1530|1815-1915:,2026-07-30,,NSE:VOGL-EQ,10,10,750368,VOGL,750368,-1.0,XX,1010000000750368,,0,0.0
101000000029658,VOLER CAR LIMITED,0,800,0.05,INE241X01014,0915-1530|1815-1915:,2026-07-30,,NSE:VOLERCAR-SM,10,10,29658,VOLERCAR,29658,-1.0,XX,101000000029658,,0,0.0
101000000013577,VOLTAMP TRANSFORMERS LTD,0,1,1.0,INE540H01012,0915-1530|1815-1915:,2026-07-30,,NSE:VOLTAMP-EQ,10,10,13577,VOLTAMP,13577,-1.0,XX,101000000013577,,1,2.8
10100000003718,VOLTAS LTD,0,1,0.1,INE226A01021,0915-1530|1815-1915:,2026-07-30,,NSE:VOLTAS-EQ,10,10,3718,VOLTAS,3718,-1.0,XX,10100000003718,,1,3.2
101000000018343,VISHNU PRAKASH R PUNGLI L,0,1,0.01,INE0AE001013,0915-1530|1815-1915:,2026-07-30,,NSE:VPRPL-BE,10,10,18343,VPRPL,18343,-1.0,XX,101000000018343,,0,0.0
101000000023018,V R INFRASPACE LIMITED,0,400,0.05,INE0QQM01017,0915-1530|1815-1915:,2026-07-30,,NSE:VR-SM,10,10,23018,VR,23018,-1.0,XX,101000000023018,,0,0.0
101000000024321,VRAJ IRON AND STEEL LTD,0,1,0.01,INE0S2V01010,0915-1530|1815-1915:,2026-07-30,,NSE:VRAJ-EQ,10,10,24321,VRAJ,24321,-1.0,XX,101000000024321,,0,0.0
10100000008696,VRL LOGISTICS LIMITED,0,1,0.01,INE366I01010,0915-1530|1815-1915:,2026-07-30,,NSE:VRLLOG-EQ,10,10,8696,VRLLOG,8696,-1.0,XX,10100000008696,,1,2.0
101000000020974,VADIVARHE SPCLTY CHEM LTD,0,3000,0.05,INE551Q01028,0915-1530|1815-1915:,2026-07-30,,NSE:VSCL-ST,10,10,20974,VSCL,20974,-1.0,XX,101000000020974,,0,0.0
101000000027067,VARDHMAN SPC STEEL LTD,0,1,0.05,INE050M01012,0915-1530|1815-1915:,2026-07-30,,NSE:VSSL-EQ,10,10,27067,VSSL,27067,-1.0,XX,101000000027067,,1,2.0
10100000003724,VST INDUSTRIES LTD,0,1,0.05,INE710A01016,0915-1530|1815-1915:,2026-07-30,,NSE:VSTIND-EQ,10,10,3724,VSTIND,3724,-1.0,XX,10100000003724,,1,2.0
101000000022730,VIBHOR STEEL TUBES LTD,0,1,0.01,INE0QTF01015,0915-1530|1815-1915:,2026-07-30,,NSE:VSTL-EQ,10,10,22730,VSTL,22730,-1.0,XX,101000000022730,,0,0.0
101000000024292,VST TILLERS TRACTORS LTD,0,1,0.1,INE764D01017,0915-1530|1815-1915:,2026-07-30,,NSE:VSTTILLERS-EQ,10,10,24292,VSTTILLERS,24292,-1.0,XX,101000000024292,,1,2.0
10100000002073,VARDHMAN TEXTILES LIMITED,0,1,0.05,INE825A01020,0915-1530|1815-1915:,2026-07-30,,NSE:VTL-EQ,10,10,2073,VTL,2073,-1.0,XX,10100000002073,,1,3.1
101000000025907,WAAREE ENERGIES LIMITED,0,1,0.1,INE377N01017,0915-1530|1815-1915:,2026-07-30,,NSE:WAAREEENER-EQ,10,10,25907,WAAREEENER,25907,-1.0,XX,101000000025907,,1,2.9
101000000019955,INDOSOLAR LIMITED,0,1,0.05,INE866K01023,0915-1530|1815-1915:,2026-07-30,,NSE:WAAREEINDO-EQ,10,10,19955,WAAREEINDO,19955,-1.0,XX,101000000019955,,1,2.0
1010000000756038,WAAREE RENEWABLE TECH LTD,0,1,0.1,INE299N01021,0915-1530|1815-1915:,2026-07-30,,NSE:WAAREERTL-EQ,10,10,756038,WAAREERTL,756038,-1.0,XX,1010000000756038,,1,2.7
101000000020188,VA TECH WABAG LTD,0,1,0.1,INE956G01038,0915-1530|1815-1915:,2026-07-30,,NSE:WABAG-EQ,10,10,20188,WABAG,20188,-1.0,XX,101000000020188,,1,2.8
1010000000760259,WAKEFIT INNOVATIONS LTD,0,1,0.01,INE0E7301029,0915-1530|1815-1915:,2026-07-30,,NSE:WAKEFIT-EQ,10,10,760259,WAKEFIT,760259,-1.0,XX,1010000000760259,,1,2.9
10100000003736,WALCHANDNAGAR INDUSTRIES,0,1,0.05,INE711A01022,0915-1530|1815-1915:,2026-07-30,,NSE:WALCHANNAG-EQ,10,10,3736,WALCHANNAG,3736,-1.0,XX,10100000003736,,1,1.0
10100000005013,WALPAR NUTRITIONS LIMITED,0,2000,0.05,INE0G2G01015,0915-1530|1815-1915:,2026-07-30,,NSE:WALPAR-SM,10,10,5013,WALPAR,5013,-1.0,XX,10100000005013,,0,0.0
101000000014063,WANBURY LIMITED,0,1,0.05,INE107F01022,0915-1530|1815-1915:,2026-07-30,,NSE:WANBURY-EQ,10,10,14063,WANBURY,14063,-1.0,XX,101000000014063,,1,2.0
101000000025403,WESTERN CARRIERS (IND) L,0,1,0.01,INE0CJF01024,0915-1530|1815-1915:,2026-07-30,,NSE:WCIL-EQ,10,10,25403,WCIL,25403,-1.0,XX,101000000025403,,0,0.0
10100000001923,WEALTH FRST PORT. MG. LTD,0,1,0.05,INE658T01017,0915-1530|1815-1915:,2026-07-30,,NSE:WEALTH-EQ,10,10,1923,WEALTH,1923,-1.0,XX,10100000001923,,0,0.0
101000000014602,WEBSOL ENERGY SYSTEM LTD,0,1,0.01,INE855C01023,0915-1530|1815-1915:,2026-07-30,,NSE:WEBELSOLAR-EQ,10,10,14602,WEBELSOLAR,14602,-1.0,XX,101000000014602,,1,1.0
10100000003748,WEIZMANN LTD,0,1,0.01,INE080A01014,0915-1530|1815-1915:,2026-07-30,,NSE:WEIZMANIND-EQ,10,10,3748,WEIZMANIND,3748,-1.0,XX,10100000003748,,0,0.0
10100000007835,WONDER ELECTRICALS LTD,0,1,0.01,INE02WG01024,0915-1530|1815-1915:,2026-07-30,,NSE:WEL-EQ,10,10,7835,WEL,7835,-1.0,XX,10100000007835,,1,2.0
101000000011821,WELSPUN CORP LIMITED,0,1,0.1,INE191B01025,0915-1530|1815-1915:,2026-07-30,,NSE:WELCORP-EQ,10,10,11821,WELCORP,11821,-1.0,XX,101000000011821,,1,2.9
101000000011626,WELSPUN ENTERPRISES LTD.,0,1,0.05,INE625G01013,0915-1530|1815-1915:,2026-07-30,,NSE:WELENT-EQ,10,10,11626,WELENT,11626,-1.0,XX,101000000011626,,1,3.0
101000000019804,WELSPUN INV & COMM LTD,0,1,0.1,INE389K01018,0915-1530|1815-1915:,2026-07-30,,NSE:WELINV-BE,10,10,19804,WELINV,19804,-1.0,XX,101000000019804,,0,0.0
1010000000762971,WELSPUN SPECIALTY SOL L,0,1,0.01,INE731F01037,0915-1530|1815-1915:,2026-07-30,,NSE:WELSPLSOL-EQ,10,10,762971,WELSPLSOL,762971,-1.0,XX,1010000000762971,,1,2.6
101000000011253,WELSPUN LIVING LIMITED,0,1,0.01,INE192B01031,0915-1530|1815-1915:,2026-07-30,,NSE:WELSPUNLIV-EQ,10,10,11253,WELSPUNLIV,11253,-1.0,XX,101000000011253,,1,2.7
10100000004235,WENDT (INDIA) LIMITED,0,1,0.5,INE274C01019,0915-1530|1815-1915:,2026-07-30,,NSE:WENDT-EQ,10,10,4235,WENDT,4235,-1.0,XX,10100000004235,,1,2.9
101000000011580,WESTLIFE FOODWORLD LTD,0,1,0.05,INE274F01020,0915-1530|1815-1915:,2026-07-30,,NSE:WESTLIFE-EQ,10,10,11580,WESTLIFE,11580,-1.0,XX,101000000011580,,1,2.0
10100000009865,WE WIN LIMITED,0,1,0.01,INE082W01014,0915-1530|1815-1915:,2026-07-30,,NSE:WEWIN-BE,10,10,9865,WEWIN,9865,-1.0,XX,10100000009865,,0,0.0
1010000000759434,WEWORK INDIA MANAGEMENT L,0,1,0.05,INE085001019,0915-1530|1815-1915:,2026-07-30,,NSE:WEWORK-EQ,10,10,759434,WEWORK,759434,-1.0,XX,1010000000759434,,1,3.1
10100000003766,WHEELS INDIA LTD,0,1,0.1,INE715A01015,0915-1530|1815-1915:,2026-07-30,,NSE:WHEELS-EQ,10,10,3766,WHEELS,3766,-1.0,XX,10100000003766,,1,2.8
101000000018011,WHIRLPOOL OF INDIA LTD,0,1,0.05,INE716A01013,0915-1530|1815-1915:,2026-07-30,,NSE:WHIRLPOOL-EQ,10,10,18011,WHIRLPOOL,18011,-1.0,XX,101000000018011,,1,3.0
1010000000757668,HAPPY SQUARE OUTSOURC S L,0,1600,0.05,INE0TLP01015,0915-1530|1815-1915:,2026-07-30,,NSE:WHITEFORCE-ST,10,10,757668,WHITEFORCE,757668,-1.0,XX,1010000000757668,,0,0.0
10100000003772,WILLIAMSON MAGOR,0,1,0.01,INE210A01017,0915-1530|1815-1915:,2026-07-30,,NSE:WILLAMAGOR-EQ,10,10,3772,WILLAMAGOR,3772,-1.0,XX,10100000003772,,0,0.0
10100000005366,WINDLAS BIOTECH LIMITED,0,1,0.05,INE0H5O01029,0915-1530|1815-1915:,2026-07-30,,NSE:WINDLAS-EQ,10,10,5366,WINDLAS,5366,-1.0,XX,10100000005366,,1,2.0
101000000024969,WINDSOR MACHINES LIMITED,0,1,0.05,INE052A01021,0915-1530|1815-1915:,2026-07-30,,NSE:WINDMACHIN-EQ,10,10,24969,WINDMACHIN,24969,-1.0,XX,101000000024969,,1,2.0
101000000024173,WINNY IMMIGRA & EDU SER L,0,500,0.05,INE0S9101013,0915-1530|1815-1915:,2026-07-30,,NSE:WINNY-SM,10,10,24173,WINNY,24173,-1.0,XX,101000000024173,,0,0.0
101000000023714,WINSOL ENGINEERS LIMITED,0,400,0.05,INE0S3D01016,0915-1530|1815-1915:,2026-07-30,,NSE:WINSOL-SM,10,10,23714,WINSOL,23714,-1.0,XX,101000000023714,,0,0.0
101000000020481,THE WESTERN INDIA PLY LTD,0,1,0.01,INE215F01023,0915-1530|1815-1915:,2026-07-30,,NSE:WIPL-EQ,10,10,20481,WIPL,20481,-1.0,XX,101000000020481,,0,0.0
10100000003787,WIPRO LTD,0,1,0.01,INE075A01022,0915-1530|1815-1915:,2026-07-30,,NSE:WIPRO-EQ,10,10,3787,WIPRO,3787,-1.0,XX,10100000003787,,1,3.4
10100000007506,WOCKHARDT LIMITED,0,1,0.1,INE049B01025,0915-1530|1815-1915:,2026-07-30,,NSE:WOCKPHARMA-EQ,10,10,7506,WOCKPHARMA,7506,-1.0,XX,10100000007506,,1,1.0
101000000025605,WOL 3D INDIA LIMITED,0,1000,0.05,INE0OO201011,0915-1530|1815-1915:,2026-07-30,,NSE:WOL3D-ST,10,10,25605,WOL3D,25605,-1.0,XX,101000000025605,,0,0.0
101000000019627,WOMANCART LIMITED,0,400,0.05,INE0Q9601016,0915-1530|1815-1915:,2026-07-30,,NSE:WOMANCART-SM,10,10,19627,WOMANCART,19627,-1.0,XX,101000000019627,,0,0.0
10100000003002,WONDERLA HOLIDAYS LTD.,0,1,0.05,INE066O01014,0915-1530|1815-1915:,2026-07-30,,NSE:WONDERLA-EQ,10,10,3002,WONDERLA,3002,-1.0,XX,10100000003002,,1,2.0
101000000022277,WORTH PERIPHERALS LIMITED,0,1,0.01,INE196Y01018,0915-1530|1815-1915:,2026-07-30,,NSE:WORTHPERI-EQ,10,10,22277,WORTHPERI,22277,-1.0,XX,101000000022277,,0,0.0
1010000000762978,W P I L LTD.,0,1,0.05,INE765D01022,0915-1530|1815-1915:,2026-07-30,,NSE:WPIL-EQ,10,10,762978,WPIL,762978,-1.0,XX,1010000000762978,,1,2.0
101000000014828,W.S.INDUSTRIES (I) LTD.,0,1,0.01,INE100D01014,0915-1530|1815-1915:,2026-07-30,,NSE:WSI-EQ,10,10,14828,WSI,14828,-1.0,XX,101000000014828,,0,0.0
10100000003799,WEST COAST PAPER MILLS LT,0,1,0.05,INE976A01021,0915-1530|1815-1915:,2026-07-30,,NSE:WSTCSTPAPR-EQ,10,10,3799,WSTCSTPAPR,3799,-1.0,XX,10100000003799,,1,2.0
101000000022725,WISE TRAVEL INDIA LIMITED,0,500,0.05,INE623Y01011,0915-1530|1815-1915:,2026-07-30,,NSE:WTICAB-SM,10,10,22725,WTICAB,22725,-1.0,XX,101000000022725,,0,0.0
101000000011705,XCHANGING SOLUTIONS LTD,0,1,0.01,INE692G01013,0915-1530|1815-1915:,2026-07-30,,NSE:XCHANGING-EQ,10,10,11705,XCHANGING,11705,-1.0,XX,101000000011705,,0,0.0
10100000008477,XELPMOC DESIGN & TECH LTD,0,1,0.01,INE01P501012,0915-1530|1815-1915:,2026-07-30,,NSE:XELPMOC-EQ,10,10,8477,XELPMOC,8477,-1.0,XX,10100000008477,,0,0.0
101000000011407,XPRO INDIA LIMITED,0,1,0.1,INE445C01015,0915-1530|1815-1915:,2026-07-30,,NSE:XPROINDIA-EQ,10,10,11407,XPROINDIA,11407,-1.0,XX,101000000011407,,1,2.7
101000000025235,XTGLOBAL INFOTECH LIMITED,0,1,0.01,INE547B01028,0915-1530|1815-1915:,2026-07-30,,NSE:XTGLOBAL-EQ,10,10,25235,XTGLOBAL,25235,-1.0,XX,101000000025235,,0,0.0
1010000000764313,XTRANET TECHNOLOGIES LTD,0,1,0.01,INE0NG701011,0915-1530|1815-1915:,2026-07-30,,NSE:XTRANET-BE,10,10,764313,XTRANET,764313,-1.0,XX,1010000000764313,,0,0.0
1010000000760873,YAAP DIGITAL LIMITED,0,1000,0.05,INE0U0J01015,0915-1530|1815-1915:,2026-07-30,,NSE:YAAP-ST,10,10,760873,YAAP,760873,-1.0,XX,1010000000760873,,0,0.0
101000000018131,YASHO INDUSTRIES LIMITED,0,1,0.1,INE616Z01012,0915-1530|1815-1915:,2026-07-30,,NSE:YASHO-EQ,10,10,18131,YASHO,18131,-1.0,XX,101000000018131,,1,1.0
101000000023451,YASH OPTICS & LENS LTD,0,800,0.05,INE0TO601017,0915-1530|1815-1915:,2026-07-30,,NSE:YASHOPTICS-SM,10,10,23451,YASHOPTICS,23451,-1.0,XX,101000000023451,,0,0.0
101000000017738,YATHARTH HOSP & TRA C S L,0,1,0.05,INE0JO301016,0915-1530|1815-1915:,2026-07-30,,NSE:YATHARTH-EQ,10,10,17738,YATHARTH,17738,-1.0,XX,101000000017738,,1,3.0
101000000018760,YATRA ONLINE LIMITED,0,1,0.01,INE0JR601024,0915-1530|1815-1915:,2026-07-30,,NSE:YATRA-EQ,10,10,18760,YATRA,18760,-1.0,XX,101000000018760,,1,2.4
101000000017627,YASONS CHEMEX CARE LTD,0,3000,0.05,INE08S201019,0915-1530|1815-1915:,2026-07-30,,NSE:YCCL-SM,10,10,17627,YCCL,17627,-1.0,XX,101000000017627,,0,0.0
101000000011915,YES BANK LIMITED,0,1,0.01,INE528G01035,0915-1530|1815-1915:,2026-07-30,,NSE:YESBANK-EQ,10,10,11915,YESBANK,11915,-1.0,XX,101000000011915,,1,3.3
101000000018040,YUDIZ SOLUTIONS LIMITED,0,800,0.05,INE09FA01019,0915-1530|1815-1915:,2026-07-30,,NSE:YUDIZ-SM,10,10,18040,YUDIZ,18040,-1.0,XX,101000000018040,,0,0.0
10100000005501,YUKEN INDIA LIMITED,0,1,0.05,INE384C01016,0915-1530|1815-1915:,2026-07-30,,NSE:YUKEN-EQ,10,10,5501,YUKEN,5501,-1.0,XX,10100000005501,,0,0.0
101000000018608,ZAGGLE PREPA OCEAN SER L,0,1,0.01,INE07K301024,0915-1530|1815-1915:,2026-07-30,,NSE:ZAGGLE-EQ,10,10,18608,ZAGGLE,18608,-1.0,XX,101000000018608,,1,2.4
101000000017766,ZEAL GLOBAL SERVICES LTD,0,600,0.05,INE0PPS01018,0915-1530|1815-1915:,2026-07-30,,NSE:ZEAL-SM,10,10,17766,ZEAL,17766,-1.0,XX,101000000017766,,0,0.0
10100000003812,ZEE ENTERTAINMENT ENT LTD,0,1,0.01,INE256A01028,0915-1530|1815-1915:,2026-07-30,,NSE:ZEEL-EQ,10,10,3812,ZEEL,3812,-1.0,XX,10100000003812,,1,2.7
101000000020856,ZEE LEARN LIMITED,0,1,0.01,INE565L01011,0915-1530|1815-1915:,2026-07-30,,NSE:ZEELEARN-BE,10,10,20856,ZEELEARN,20856,-1.0,XX,101000000020856,,0,0.0
101000000014003,ZEE MEDIA CORPORATION LTD,0,1,0.01,INE966H01019,0915-1530|1815-1915:,2026-07-30,,NSE:ZEEMEDIA-EQ,10,10,14003,ZEEMEDIA,14003,-1.0,XX,101000000014003,,1,2.0
101000000022803,ZENITH DRUGS LIMITED,0,800,0.05,INE0QWN01013,0915-1530|1815-1915:,2026-07-30,,NSE:ZENITHDRUG-SM,10,10,22803,ZENITHDRUG,22803,-1.0,XX,101000000022803,,0,0.0
10100000004176,ZENITH EXPORTS LTD,0,1,0.01,INE058B01018,0915-1530|1815-1915:,2026-07-30,,NSE:ZENITHEXPO-EQ,10,10,4176,ZENITHEXPO,4176,-1.0,XX,10100000004176,,0,0.0
101000000014562,ZENITH STEEL PIP IND LTD,0,1,0.01,INE318D01020,0915-1530|1815-1915:,2026-07-30,,NSE:ZENITHSTL-EQ,10,10,14562,ZENITHSTL,14562,-1.0,XX,101000000014562,,0,0.0
10100000001076,ZENSAR TECHNOLOGIES  LTD,0,1,0.05,INE520A01027,0915-1530|1815-1915:,2026-07-30,,NSE:ZENSARTECH-EQ,10,10,1076,ZENSARTECH,1076,-1.0,XX,10100000001076,,1,2.9
10100000007508,ZEN TECHNOLOGIES LIMITED,0,1,0.1,INE251B01027,0915-1530|1815-1915:,2026-07-30,,NSE:ZENTEC-EQ,10,10,7508,ZENTEC,7508,-1.0,XX,10100000007508,,1,2.8
101000000016915,ZF COM VE CTR SYS IND LTD,0,1,0.1,INE342J01019,0915-1530|1815-1915:,2026-07-30,,NSE:ZFCVINDIA-EQ,10,10,16915,ZFCVINDIA,16915,-1.0,XX,101000000016915,,1,3.2
10100000004229,Z F STEERING GEAR (I) LTD,0,1,0.05,INE116C01012,0915-1530|1815-1915:,2026-07-30,,NSE:ZFSTEERING-EQ,10,10,4229,ZFSTEERING,4229,-1.0,XX,10100000004229,,0,0.0
101000000012412,ZIM LABORATORIES LIMITED,0,1,0.01,INE518E01015,0915-1530|1815-1915:,2026-07-30,,NSE:ZIMLAB-BE,10,10,12412,ZIMLAB,12412,-1.0,XX,101000000012412,,1,1.0
10100000007138,ZODIAC ENERGY LIMITED,0,1,0.05,INE761Y01019,0915-1530|1815-1915:,2026-07-30,,NSE:ZODIAC-BE,10,10,7138,ZODIAC,7138,-1.0,XX,10100000007138,,0,0.0
10100000003821,ZODIAC CLOTHING CO. LTD.,0,1,0.01,INE206B01013,0915-1530|1815-1915:,2026-07-30,,NSE:ZODIACLOTH-EQ,10,10,3821,ZODIACLOTH,3821,-1.0,XX,10100000003821,,0,0.0
101000000011394,ZOTA HEALTH CARE LIMITED,0,1,0.1,INE358U01012,0915-1530|1815-1915:,2026-07-30,,NSE:ZOTA-EQ,10,10,11394,ZOTA,11394,-1.0,XX,101000000011394,,1,2.0
1010000000762985,SARASWATI COMM (INDIA) L,0,1,0.5,INE967G01019,0915-1530|1815-1915:,2026-07-30,,NSE:ZSARACOM-EQ,10,10,762985,ZSARACOM,762985,-1.0,XX,1010000000762985,,0,0.0
101000000023976,Z-TECH (INDIA) LIMITED,0,300,0.05,INE0ISZ01012,0915-1530|1815-1915:,2026-07-30,,NSE:ZTECH-SM,10,10,23976,ZTECH,23976,-1.0,XX,101000000023976,,0,0.0
101000000029050,ZUARI AGRO CHEMICALS LTD,0,1,0.01,INE840M01016,0915-1530|1815-1915:,2026-07-30,,NSE:ZUARI-EQ,10,10,29050,ZUARI,29050,-1.0,XX,101000000029050,,1,2.0
10100000003827,ZUARI INDUSTRIES LIMITED,0,1,0.05,INE217A01012,0915-1530|1815-1915:,2026-07-30,,NSE:ZUARIIND-EQ,10,10,3827,ZUARIIND,3827,-1.0,XX,10100000003827,,1,2.0
10100000007929,ZYDUS LIFESCIENCES LTD,0,1,0.1,INE010B01027,0915-1530|1815-1915:,2026-07-30,,NSE:ZYDUSLIFE-EQ,10,10,7929,ZYDUSLIFE,7929,-1.0,XX,10100000007929,,1,3.7
101000000017635,ZYDUS WELLNESS LIMITED,0,1,0.05,INE768C01028,0915-1530|1815-1915:,2026-07-30,,NSE:ZYDUSWELL-EQ,10,10,17635,ZYDUSWELL,17635,-1.0,XX,101000000017635,,1,3.0
